Employee_ID,Age,Gender,Marital_Status,Department,Job_Role,Job_Level,Education,Experience_Years,Annual_Salary,Monthly_Income,Job_Satisfaction,Environment_Satisfaction,Work_Life_Balance,Performance_Rating,Training_Hours,Projects_Handled,Remote_Work,Overtime,Business_Travel,Hire_Date,Exit_Date,Attrition
EMP10001,23,Male,Married,Research & Development,Research Director,Entry,Bachelor's,0,29830.0,2486,3.0,4,3,3,18.0,3,No,No,Occasionally,2023-03-21,2026-06-10,Yes
EMP10002,31,Male,Single,Marketing,Marketing Executive,Senior,Bachelor's,10,81727.0,6811,2.0,4,2,3,20.0,1,Yes,No,Frequently,2018-10-26,,No
EMP10003,28,Male,Married,IT,Software Engineer,Senior,Bachelor's,9,88075.0,7340,2.0,4,3,4,48.0,5,Yes,Yes,Occasionally,2020-09-10,,No
EMP10004,33,Male,Married,Finance,Finance Manager,Senior,Bachelor's,9,82754.0,6896,2.0,3,4,4,40.0,3,No,Yes,Occasionally,2012-06-05,2021-08-01,Yes
EMP10005,43,Male,Divorced,Sales,Sales Representative,Lead,Master's,18,109255.0,9105,3.0,4,3,2,31.0,4,Yes,No,Occasionally,2018-02-05,,No
EMP10006,36,Female,Single,Sales,Manager,Lead,Bachelor's,20,106400.0,8867,1.0,3,4,3,48.0,1,Yes,Yes,Occasionally,2016-10-01,,No
EMP10007,27,Female,Single,Sales,Manager,Mid,High School,4,43412.0,3618,4.0,4,2,3,15.0,5,No,No,Occasionally,2016-08-17,,No
EMP10008,45,Female,Married,IT,Data Analyst,Lead,Master's,19,119448.0,9954,2.0,3,3,2,27.0,3,No,No,Frequently,2012-10-13,,No
EMP10009,23,Male,Single,Finance,Finance Manager,Entry,Bachelor's,0,29746.0,2479,4.0,2,3,4,41.0,1,No,Yes,Occasionally,2013-09-01,,No
EMP10010,36,Female,Single,IT,IT Support,Senior,Bachelor's,11,82299.0,6858,4.0,4,2,2,76.0,1,No,No,Never,2019-08-18,2025-12-23,Yes
EMP10011,22,Male,Single,Sales,Manager,Entry,Bachelor's,2,37973.0,3164,3.0,3,4,2,58.0,4,No,Yes,Never,2019-08-03,,No
EMP10012,36,Male,Married,Marketing,Marketing Analyst,Senior,Bachelor's,13,66191.0,5516,3.0,4,4,3,50.0,4,No,No,Occasionally,2016-12-07,,No
EMP10013,31,Male,Single,IT,IT Manager,Senior,Bachelor's,9,87372.0,7281,2.0,2,3,3,35.0,7,No,No,Never,2014-08-12,2022-08-10,Yes
EMP10014,43,Male,Married,Sales,Sales Executive,Lead,Bachelor's,18,96655.0,8055,4.0,4,4,2,42.0,3,Yes,Yes,Never,2010-08-07,2011-02-15,Yes
EMP10015,40,Female,Divorced,Sales,Sales Executive,Lead,Bachelor's,17,109163.0,9097,3.0,2,1,3,64.0,2,No,No,Never,2014-03-02,2020-01-02,Yes
EMP10016,29,Female,Married,Sales,Sales Representative,Entry,PhD,2,40419.0,3368,4.0,3,3,3,75.0,1,No,No,Occasionally,2016-05-10,,No
EMP10017,28,Female,Single,Research & Development,Research Scientist,Mid,Master's,4,46837.0,3903,3.0,3,4,3,38.0,1,No,Yes,Occasionally,2012-04-08,,No
EMP10018,31,Female,Married,Human Resources,HR Manager,Entry,Bachelor's,2,25927.0,2161,4.0,3,3,3,50.0,2,Yes,Yes,Never,2021-10-02,,No
EMP10019,49,Female,Single,Research & Development,Research Scientist,Lead,Master's,18,105532.0,8794,3.0,3,1,3,58.0,5,No,No,Never,2025-11-11,,No
EMP10020,47,Male,Single,Research & Development,Research Director,Lead,Bachelor's,20,98707.0,8226,4.0,3,2,3,49.0,4,No,No,Occasionally,2019-10-18,,No
EMP10021,26,Male,Single,Finance,Financial Analyst,Mid,High School,3,40759.0,3397,2.0,1,3,3,18.0,2,Yes,No,Occasionally,2017-04-12,,No
EMP10022,40,Female,Single,Sales,Sales Representative,Lead,Bachelor's,17,104823.0,8735,3.0,3,3,3,29.0,3,No,No,Occasionally,2011-10-31,,No
EMP10023,21,Male,Married,Research & Development,Research Scientist,Entry,High School,2,34346.0,2862,3.0,2,2,2,55.0,1,No,No,Occasionally,2023-02-27,2026-01-05,Yes
EMP10024,30,Female,Divorced,Research & Development,Research Scientist,Mid,Master's,3,49701.0,4142,3.0,3,3,3,32.0,3,Yes,No,Frequently,2021-06-17,2025-07-08,Yes
EMP10025,27,Male,Divorced,Research & Development,Research Scientist,Entry,Bachelor's,2,32792.0,2733,3.0,2,1,3,74.0,3,Yes,Yes,Occasionally,2023-03-11,2025-04-20,Yes
EMP10026,43,Male,Single,IT,IT Manager,Lead,Bachelor's,21,119342.0,9945,3.0,3,3,2,36.0,1,No,Yes,Occasionally,2020-12-11,,No
EMP10027,24,Male,Married,Sales,Sales Representative,Mid,Bachelor's,3,49495.0,4125,2.0,4,4,3,18.0,2,Yes,No,Frequently,2012-08-16,,No
EMP10028,37,Female,Single,Human Resources,HR Executive,Lead,Bachelor's,18,103414.0,8618,3.0,1,3,3,61.0,5,No,Yes,Frequently,2024-04-12,,No
EMP10029,34,Male,Married,Finance,Accountant,Senior,Bachelor's,13,79862.0,6655,3.0,3,3,4,36.0,1,Yes,No,Frequently,2018-05-16,,No
EMP10030,33,Female,Single,Sales,Manager,Mid,Master's,5,49802.0,4150,2.0,1,2,4,37.0,1,No,No,Occasionally,2014-10-20,,No
EMP10031,47,Male,Divorced,Finance,Financial Analyst,Lead,PhD,22,106804.0,8900,3.0,2,2,4,58.0,5,No,No,Occasionally,2013-02-16,,No
EMP10032,48,Female,Married,Sales,Sales Representative,Lead,Bachelor's,23,116960.0,9747,1.0,3,1,4,24.0,3,No,Yes,Occasionally,2020-02-20,,No
EMP10033,33,Male,Single,Sales,Sales Representative,Mid,Bachelor's,5,52880.0,4407,2.0,3,3,3,43.0,5,Yes,No,Frequently,2010-02-18,,No
EMP10034,31,Male,Married,Marketing,Marketing Executive,Mid,Bachelor's,6,49922.0,4160,3.0,3,1,4,20.0,4,No,Yes,Never,2019-09-11,,No
EMP10035,22,Male,Married,Marketing,Marketing Manager,Mid,Master's,4,61690.0,5141,4.0,4,3,3,43.0,2,No,Yes,Occasionally,2020-03-24,2022-12-13,Yes
EMP10036,34,Male,Married,IT,Data Analyst,Senior,Bachelor's,8,90598.0,7550,3.0,4,3,3,13.0,3,No,No,Occasionally,2010-11-08,,No
EMP10037,50,Male,Married,Research & Development,Research Scientist,Lead,Bachelor's,25,109370.0,9114,4.0,4,3,3,27.0,2,Yes,Yes,Occasionally,2023-01-13,2023-04-30,Yes
EMP10038,33,Female,Married,Sales,Manager,Mid,Master's,7,47732.0,3978,3.0,3,3,3,58.0,3,No,No,Occasionally,2019-08-23,,No
EMP10039,40,Male,Divorced,Finance,Accountant,Lead,High School,15,128127.0,10677,3.0,3,3,4,65.0,2,Yes,No,Occasionally,2014-07-23,,No
EMP10040,23,Male,Married,Research & Development,Laboratory Technician,Mid,Bachelor's,4,41040.0,3420,2.0,3,1,3,26.0,1,No,Yes,Frequently,2021-10-07,,No
EMP10041,31,Male,Married,Sales,Manager,Senior,Master's,8,63532.0,5294,4.0,3,2,2,26.0,2,Yes,No,Never,2025-11-11,,No
EMP10042,38,Male,Married,Research & Development,Research Director,Lead,Bachelor's,18,107680.0,8973,3.0,3,3,4,44.0,1,No,Yes,Frequently,2019-06-23,,No
EMP10043,35,Male,Divorced,Sales,Sales Executive,Senior,Bachelor's,11,73502.0,6125,3.0,2,3,3,27.0,5,No,No,Frequently,2012-02-24,2018-01-30,Yes
EMP10044,41,Male,Single,Marketing,Marketing Executive,Senior,Bachelor's,14,58660.0,4888,2.0,2,1,4,59.0,5,No,Yes,Occasionally,2022-12-20,,No
EMP10045,29,Male,Single,Research & Development,Laboratory Technician,Senior,Bachelor's,8,75015.0,6251,4.0,3,4,4,17.0,1,No,No,Never,2011-04-07,,No
EMP10046,21,Male,Married,Finance,Finance Manager,Entry,High School,0,36552.0,3046,3.0,1,3,3,31.0,6,Yes,No,Frequently,2016-09-18,,No
EMP10047,43,Female,Divorced,Research & Development,Research Director,Lead,Master's,23,103822.0,8652,4.0,2,3,3,75.0,1,Yes,No,Occasionally,2012-10-26,,No
EMP10048,27,Female,Single,Human Resources,HR Manager,Mid,High School,6,54116.0,4510,2.0,3,1,3,49.0,5,No,Yes,Occasionally,2011-10-22,,No
EMP10049,38,Male,Married,Human Resources,HR Specialist,Lead,Master's,17,101712.0,8476,1.0,1,3,4,53.0,3,No,No,Frequently,2020-05-24,,No
EMP10050,38,Male,Single,Sales,Manager,Lead,High School,15,104030.0,8669,2.0,3,3,2,39.0,3,No,No,Occasionally,2018-10-29,,No
EMP10051,21,Male,Married,Marketing,Marketing Manager,Entry,Bachelor's,0,41157.0,3430,3.0,4,2,2,16.0,2,No,No,Occasionally,2024-02-17,,No
EMP10052,42,Male,Divorced,IT,IT Manager,Lead,Bachelor's,17,118712.0,9893,4.0,2,3,3,70.0,2,No,No,Never,2018-09-26,,No
EMP10053,29,Male,Married,Marketing,Marketing Analyst,Mid,Bachelor's,7,50540.0,4212,2.0,2,3,3,46.0,1,Yes,No,Occasionally,2014-06-14,,No
EMP10054,34,Female,Married,IT,Software Engineer,Senior,Bachelor's,14,86838.0,7236,2.0,1,2,3,59.0,1,Yes,Yes,Occasionally,2022-02-05,,No
EMP10055,31,Male,Divorced,Finance,Financial Analyst,Senior,Bachelor's,8,86115.0,7176,2.0,3,3,4,37.0,1,No,No,Occasionally,2019-01-18,,No
EMP10056,47,Other,Single,Marketing,Marketing Analyst,Lead,Bachelor's,22,98437.0,8203,3.0,3,4,3,42.0,8,Yes,No,Occasionally,2018-07-07,,No
EMP10057,45,Male,Divorced,Sales,Manager,Lead,Bachelor's,18,107313.0,8943,2.0,3,4,4,35.0,5,Yes,No,Occasionally,2024-10-17,,No
EMP10058,21,Female,Married,Sales,Sales Representative,Entry,PhD,0,33094.0,2758,4.0,3,4,3,46.0,6,No,No,Frequently,2013-06-28,,No
EMP10059,52,Female,Married,Sales,Sales Executive,Lead,Bachelor's,34,109603.0,9134,2.0,3,3,3,34.0,3,Yes,No,Never,2018-10-29,,No
EMP10060,29,Male,Married,Research & Development,Research Scientist,Mid,Bachelor's,3,45392.0,3783,3.0,4,4,3,26.0,3,No,No,Frequently,2025-09-14,,No
EMP10061,51,Male,Married,Research & Development,Laboratory Technician,Lead,Bachelor's,28,104761.0,8730,3.0,1,4,3,38.0,4,Yes,Yes,Occasionally,2025-11-29,,No
EMP10062,32,Female,Divorced,Research & Development,Laboratory Technician,Senior,Bachelor's,13,70720.0,5893,2.0,4,3,3,52.0,5,Yes,No,Frequently,2016-08-12,,No
EMP10063,31,Female,Divorced,IT,Software Engineer,Mid,Master's,5,61324.0,5110,3.0,3,2,3,63.0,2,Yes,Yes,Frequently,2018-12-31,,No
EMP10064,32,Male,Married,Research & Development,Laboratory Technician,Senior,Bachelor's,10,70224.0,5852,3.0,2,3,3,18.0,3,No,Yes,Occasionally,2010-08-03,,No
EMP10065,31,Male,Single,Research & Development,Research Scientist,Senior,Bachelor's,11,72183.0,6015,3.0,3,4,2,58.0,6,No,No,Occasionally,2015-03-02,,No
EMP10066,54,Male,Single,Human Resources,HR Specialist,Lead,Bachelor's,32,105858.0,8822,3.0,1,4,2,29.0,4,Yes,No,Frequently,2023-08-18,,No
EMP10067,33,Male,Married,Sales,Sales Representative,Mid,Master's,6,45418.0,3785,1.0,3,2,2,24.0,4,Yes,No,Occasionally,2018-07-19,,No
EMP10068,32,Female,Divorced,IT,Data Analyst,Entry,High School,2,27689.0,2307,4.0,2,4,2,25.0,4,No,No,Occasionally,2021-02-05,,No
EMP10069,35,Female,Married,Sales,Sales Executive,Senior,Bachelor's,9,83274.0,6940,3.0,1,3,3,89.0,4,No,Yes,Occasionally,2020-05-30,,No
EMP10070,26,Male,Divorced,Marketing,Marketing Analyst,Mid,Bachelor's,5,47496.0,3958,3.0,3,2,3,55.0,1,No,No,Never,2015-06-15,,No
EMP10071,47,Male,Divorced,IT,Software Engineer,Lead,Bachelor's,19,102202.0,8517,3.0,3,4,3,21.0,2,No,Yes,Frequently,2022-03-09,,No
EMP10072,22,Male,Married,Sales,Sales Executive,Entry,Bachelor's,0,24240.0,2020,2.0,4,4,3,32.0,6,No,No,Occasionally,2011-11-20,,No
EMP10073,29,Female,Married,Sales,Sales Representative,Mid,Master's,4,51302.0,4275,2.0,3,3,4,18.0,1,No,Yes,Occasionally,2018-04-08,,No
EMP10074,41,Female,Divorced,IT,Data Analyst,Lead,Master's,15,123040.0,10253,4.0,3,4,3,18.0,6,No,Yes,Never,2013-10-30,,No
EMP10075,34,Male,Married,IT,IT Manager,Senior,Bachelor's,12,82022.0,6835,4.0,4,3,3,17.0,2,Yes,No,Occasionally,2014-06-10,,No
EMP10076,38,Male,Married,IT,Software Engineer,Senior,Bachelor's,10,87080.0,7257,3.0,2,3,3,23.0,3,No,No,Frequently,2015-03-25,,No
EMP10077,46,Female,Married,IT,Software Engineer,Lead,Bachelor's,24,109311.0,9109,2.0,2,4,3,56.0,2,No,Yes,Occasionally,2015-01-19,,No
EMP10078,42,Male,Single,Sales,Manager,Lead,Bachelor's,18,106301.0,8858,3.0,3,4,3,61.0,5,No,Yes,Frequently,2015-08-06,,No
EMP10079,35,Male,Married,Research & Development,Research Scientist,Senior,Bachelor's,8,74553.0,6213,3.0,3,2,3,25.0,2,No,Yes,Occasionally,2023-07-29,2025-01-11,Yes
EMP10080,51,Male,Single,Sales,Manager,Lead,High School,28,108991.0,9083,4.0,3,3,3,35.0,2,No,No,Occasionally,2020-05-05,,No
EMP10081,29,Male,Single,IT,IT Support,Mid,PhD,7,51072.0,4256,1.0,3,3,4,57.0,4,No,No,Occasionally,2022-12-24,,No
EMP10082,33,Male,Divorced,Finance,Finance Manager,Senior,Bachelor's,8,80526.0,6710,1.0,2,4,4,43.0,5,Yes,Yes,Occasionally,2023-09-03,,No
EMP10083,34,Female,Married,Research & Development,Laboratory Technician,Senior,Master's,14,77076.0,6423,2.0,3,4,3,48.0,3,No,No,Occasionally,2023-02-19,,No
EMP10084,33,Female,Single,Sales,Sales Representative,Mid,High School,5,54771.0,4564,2.0,3,4,4,33.0,4,No,No,Never,2021-06-26,,No
EMP10085,25,Male,Married,Research & Development,Research Scientist,Entry,Bachelor's,0,24000.0,2000,4.0,4,3,3,70.0,5,No,No,Never,2012-06-19,,No
EMP10086,21,Male,Divorced,Research & Development,Research Director,Entry,High School,0,28668.0,2389,3.0,4,3,3,73.0,3,No,Yes,Never,2018-08-19,2020-12-16,Yes
EMP10087,37,Female,Married,IT,IT Manager,Senior,Master's,12,87207.0,7267,4.0,3,4,3,55.0,2,No,No,Occasionally,2014-09-23,,No
EMP10088,29,Male,Single,Finance,Accountant,Mid,Bachelor's,7,57581.0,4798,2.0,2,2,4,31.0,3,No,No,Occasionally,2015-07-04,2019-09-17,Yes
EMP10089,49,Male,Divorced,IT,IT Manager,Lead,Master's,28,124137.0,10345,3.0,3,3,4,18.0,3,No,No,Frequently,2016-03-20,,No
EMP10090,33,Male,Single,Research & Development,Laboratory Technician,Mid,Master's,7,48294.0,4024,3.0,2,3,3,73.0,5,No,No,Never,2019-04-25,,No
EMP10091,32,Female,Married,Sales,Sales Representative,Senior,Master's,12,62090.0,5174,2.0,4,3,3,48.0,2,No,Yes,Occasionally,2024-12-04,,No
EMP10092,43,Male,Married,IT,Data Analyst,Lead,Master's,24,108736.0,9061,3.0,4,3,4,44.0,5,No,No,Never,2025-06-20,,No
EMP10093,37,Male,Divorced,IT,Data Analyst,Senior,Master's,10,64366.0,5364,3.0,3,4,3,55.0,3,No,No,Frequently,2015-12-03,,No
EMP10094,33,Male,Divorced,Human Resources,HR Manager,Senior,Master's,10,80915.0,6743,4.0,4,2,3,42.0,4,Yes,Yes,Never,2016-10-24,,No
EMP10095,29,Male,Single,IT,IT Support,Mid,Bachelor's,3,58978.0,4915,1.0,3,2,2,37.0,3,No,No,Occasionally,2017-07-22,,No
EMP10096,60,Female,Married,Research & Development,Research Director,Lead,Master's,33,107788.0,8982,4.0,1,4,3,82.0,7,No,No,Never,2016-08-19,,No
EMP10097,37,Female,Married,Human Resources,HR Manager,Senior,Master's,12,79903.0,6659,4.0,3,3,3,63.0,2,No,No,Occasionally,2015-07-21,,No
EMP10098,43,Male,Married,Research & Development,Research Scientist,Lead,Bachelor's,18,112279.0,9357,3.0,3,2,3,72.0,5,No,Yes,Occasionally,2023-04-25,,No
EMP10099,26,Male,Married,Sales,Manager,Mid,Master's,3,33863.0,2822,3.0,4,3,3,70.0,5,No,No,Occasionally,2012-08-15,,No
EMP10100,29,Female,Married,Sales,Sales Representative,Mid,High School,4,37706.0,3142,2.0,2,1,4,6.0,3,No,Yes,Occasionally,2016-06-07,,No
EMP10101,51,Male,Married,Sales,Manager,Lead,Bachelor's,20,99712.0,8309,3.0,4,4,3,57.0,4,Yes,No,Occasionally,2023-07-06,2025-12-01,Yes
EMP10102,45,Female,Single,Finance,Financial Analyst,Lead,Bachelor's,18,106873.0,8906,3.0,3,3,3,51.0,3,No,No,Occasionally,2012-07-05,,No
EMP10103,38,Male,Married,Research & Development,Laboratory Technician,Lead,Bachelor's,16,106397.0,8866,3.0,4,3,4,31.0,2,No,No,Never,2023-02-02,,No
EMP10104,31,Male,Married,Human Resources,HR Manager,Senior,Master's,9,76874.0,6406,2.0,2,3,4,95.0,5,No,No,Occasionally,2020-10-22,,No
EMP10105,32,Female,Married,Marketing,Marketing Manager,Mid,Master's,4,53229.0,4436,4.0,3,3,3,45.0,1,No,No,Occasionally,2011-04-27,,No
EMP10106,29,Male,Divorced,Research & Development,Research Director,Senior,Master's,9,65059.0,5422,3.0,4,2,3,33.0,5,Yes,No,Occasionally,2010-09-19,,No
EMP10107,25,Male,Single,Research & Development,Laboratory Technician,Entry,PhD,2,26436.0,2203,4.0,3,4,3,40.0,3,No,No,Frequently,2020-09-09,,No
EMP10108,41,Female,Married,IT,Data Analyst,Lead,Bachelor's,24,109743.0,9145,3.0,3,3,3,53.0,2,Yes,Yes,Never,2020-11-11,,No
EMP10109,38,Female,Married,Research & Development,Research Scientist,Senior,Bachelor's,10,74945.0,6245,3.0,3,2,4,50.0,1,No,Yes,Frequently,2023-09-28,,No
EMP10110,40,Female,Single,Sales,Sales Representative,Senior,Bachelor's,11,72497.0,6041,3.0,4,3,3,33.0,1,No,No,Occasionally,2015-04-14,,No
EMP10111,31,Female,Single,Research & Development,Laboratory Technician,Entry,Master's,2,33780.0,2815,3.0,3,3,3,57.0,3,No,No,Occasionally,2013-04-21,,No
EMP10112,36,Male,Divorced,Sales,Manager,Senior,High School,12,68011.0,5668,1.0,3,2,3,43.0,6,No,No,Never,2019-09-04,,No
EMP10113,31,Male,Married,Marketing,Marketing Analyst,Mid,PhD,7,48622.0,4052,1.0,4,1,4,37.0,4,No,No,Never,2011-11-05,,No
EMP10114,28,Male,Married,IT,IT Support,Mid,Bachelor's,6,62521.0,5210,3.0,3,4,3,38.0,4,Yes,Yes,Occasionally,2018-11-06,2024-02-25,Yes
EMP10115,47,Female,Married,Finance,Finance Manager,Lead,PhD,19,110431.0,9203,4.0,4,3,3,21.0,3,Yes,No,Frequently,2016-11-03,,No
EMP10116,35,Male,Divorced,IT,Data Analyst,Senior,Bachelor's,12,80386.0,6699,3.0,3,2,3,25.0,3,No,Yes,Frequently,2025-07-23,,No
EMP10117,38,Male,Single,IT,Software Engineer,Lead,Bachelor's,16,109545.0,9129,2.0,2,3,3,23.0,6,Yes,No,Frequently,2013-02-07,,No
EMP10118,41,Female,Married,Sales,Sales Executive,Lead,Master's,18,101667.0,8472,2.0,1,4,4,5.0,3,No,No,Occasionally,2010-03-21,,No
EMP10119,35,Male,Single,IT,IT Manager,Senior,Master's,10,80655.0,6721,3.0,3,3,2,48.0,3,Yes,Yes,Occasionally,2025-03-05,,No
EMP10120,36,Male,Married,Human Resources,HR Specialist,Senior,Bachelor's,12,72473.0,6039,3.0,3,1,3,24.0,3,No,No,Occasionally,2023-06-23,,No
EMP10121,25,Male,Single,IT,Software Engineer,Entry,Master's,2,36449.0,3037,4.0,3,3,4,35.0,6,No,Yes,Frequently,2022-04-30,,No
EMP10122,27,Male,Married,IT,IT Support,Mid,Master's,4,61070.0,5089,3.0,4,2,3,37.0,3,No,No,Never,2016-11-26,,No
EMP10123,26,Male,Married,Research & Development,Research Director,Entry,High School,0,33924.0,2827,2.0,4,3,3,24.0,8,Yes,Yes,Occasionally,2024-06-29,2026-09-17,Yes
EMP10124,39,Male,Married,Sales,Sales Representative,Lead,Bachelor's,16,95809.0,7984,3.0,2,3,4,35.0,4,Yes,No,Frequently,2025-09-22,,No
EMP10125,35,Male,Single,Research & Development,Research Scientist,Senior,Bachelor's,8,88542.0,7378,3.0,3,3,3,43.0,4,No,Yes,Occasionally,2015-10-11,2026-07-06,Yes
EMP10126,27,Male,Married,Research & Development,Research Scientist,Mid,Bachelor's,3,48198.0,4016,3.0,3,3,3,29.0,3,No,No,Frequently,2015-05-04,,No
EMP10127,39,Male,Single,IT,IT Support,Lead,Master's,19,115282.0,9607,2.0,2,3,3,26.0,2,No,No,Never,2025-06-22,2025-09-14,Yes
EMP10128,38,Male,Married,IT,Data Analyst,Senior,High School,12,75498.0,6292,2.0,3,4,3,31.0,2,No,No,Occasionally,2025-01-09,,No
EMP10129,28,Male,Married,Sales,Sales Executive,Entry,Master's,2,42239.0,3520,3.0,2,3,3,59.0,3,Yes,Yes,Occasionally,2025-03-16,,No
EMP10130,34,Male,Married,Human Resources,HR Specialist,Mid,Bachelor's,7,55767.0,4647,1.0,1,3,3,32.0,4,Yes,No,Occasionally,2020-09-15,,No
EMP10131,38,Male,Single,Research & Development,Research Scientist,Lead,Bachelor's,16,107677.0,8973,2.0,1,4,3,45.0,5,Yes,No,Occasionally,2017-04-08,,No
EMP10132,27,Female,Divorced,Research & Development,Research Director,Mid,Bachelor's,3,50748.0,4229,2.0,3,2,3,33.0,6,Yes,No,Occasionally,2022-05-26,,No
EMP10133,39,Female,Divorced,Sales,Manager,Lead,Bachelor's,16,92120.0,7677,4.0,3,2,3,40.0,1,Yes,No,Occasionally,2010-09-16,,No
EMP10134,36,Male,Married,Research & Development,Laboratory Technician,Senior,Bachelor's,9,87640.0,7303,1.0,3,4,3,57.0,1,Yes,Yes,Occasionally,2020-11-01,,No
EMP10135,26,Male,Married,Marketing,Marketing Manager,Mid,Bachelor's,3,57976.0,4831,3.0,3,3,4,26.0,5,No,Yes,Frequently,2025-09-17,2026-05-17,Yes
EMP10136,36,Male,Divorced,Research & Development,Research Scientist,Senior,PhD,14,,6146,3.0,2,3,3,82.0,3,Yes,Yes,Never,2021-11-21,,No
EMP10137,37,Female,Married,Human Resources,HR Manager,Mid,Bachelor's,7,55350.0,4612,3.0,2,4,3,48.0,1,No,No,Occasionally,2022-09-28,,No
EMP10138,29,Female,Married,IT,IT Manager,Mid,Bachelor's,7,49826.0,4152,3.0,2,3,4,46.0,2,Yes,Yes,Frequently,2019-08-09,,No
EMP10139,30,Male,Married,Research & Development,Laboratory Technician,Mid,Bachelor's,7,38654.0,3221,3.0,3,4,3,23.0,6,No,Yes,Frequently,2012-12-19,,No
EMP10140,26,Female,Single,Marketing,Marketing Analyst,Entry,Bachelor's,2,32115.0,2676,3.0,4,4,3,54.0,2,Yes,Yes,Occasionally,2011-03-08,,No
EMP10141,30,Female,Married,Marketing,Marketing Analyst,Mid,Bachelor's,4,46417.0,3868,2.0,3,2,4,72.0,4,Yes,No,Frequently,2016-09-27,2020-05-11,Yes
EMP10142,34,Male,Married,Research & Development,Research Scientist,Senior,Master's,14,72622.0,6052,3.0,2,3,3,28.0,1,Yes,No,Never,2013-05-24,,No
EMP10143,30,Male,Married,Research & Development,Research Scientist,Mid,High School,7,51631.0,4303,4.0,1,4,4,24.0,1,No,No,Occasionally,2014-06-21,,No
EMP10144,22,Male,Single,Research & Development,Research Scientist,Entry,PhD,0,24000.0,2000,4.0,3,3,4,43.0,3,No,Yes,Frequently,2012-03-21,,No
EMP10145,28,Male,Single,Research & Development,Research Scientist,Entry,High School,0,31439.0,2620,3.0,3,3,3,24.0,5,No,Yes,Frequently,2019-04-22,,No
EMP10146,31,Male,Married,Sales,Sales Executive,Senior,Master's,9,68271.0,5689,4.0,3,3,2,34.0,5,No,No,Occasionally,2018-04-12,,No
EMP10147,41,Female,Married,Finance,Finance Manager,Senior,Master's,14,87087.0,7257,4.0,2,2,4,57.0,3,No,Yes,Never,2012-10-22,,No
EMP10148,39,Male,Married,Human Resources,HR Executive,Lead,Bachelor's,15,104298.0,8692,3.0,3,2,3,74.0,2,Yes,Yes,Never,2014-02-28,,No
EMP10149,41,Male,Single,Sales,Sales Executive,Lead,Bachelor's,21,108693.0,9058,3.0,3,3,3,58.0,4,No,No,Frequently,2023-07-02,,No
EMP10150,28,Female,Single,Research & Development,Research Director,Mid,Bachelor's,6,39592.0,3299,3.0,4,3,4,27.0,5,No,Yes,Frequently,2025-04-19,2025-08-20,Yes
EMP10151,35,Male,Married,Marketing,Marketing Executive,Senior,Bachelor's,11,80128.0,6677,4.0,1,3,3,37.0,3,No,Yes,Occasionally,2019-01-11,,No
EMP10152,21,Male,Married,Research & Development,Laboratory Technician,Entry,Master's,0,42481.0,3540,3.0,2,4,3,36.0,2,Yes,No,Frequently,2010-06-23,2012-05-11,Yes
EMP10153,37,Male,Single,Sales,Sales Executive,Lead,Bachelor's,16,105823.0,8819,4.0,3,2,4,44.0,4,No,Yes,Never,2025-01-14,,No
EMP10154,39,Male,Single,Research & Development,Research Scientist,Lead,Bachelor's,17,108655.0,9055,1.0,2,3,3,58.0,3,No,No,Occasionally,2024-01-11,,No
EMP10155,31,Male,Divorced,Marketing,Marketing Analyst,Mid,Master's,7,50333.0,4194,2.0,3,3,4,28.0,4,No,No,Occasionally,2022-11-08,2025-07-22,Yes
EMP10156,36,Female,Single,Research & Development,Laboratory Technician,Mid,PhD,7,54627.0,4552,2.0,2,4,3,81.0,1,No,Yes,Never,2014-03-26,,No
EMP10157,22,Male,Divorced,Finance,Accountant,Entry,Master's,0,47208.0,3934,2.0,1,3,3,23.0,3,No,Yes,Frequently,2017-01-03,2021-07-09,Yes
EMP10158,28,Female,Married,IT,IT Manager,Mid,Master's,3,74724.0,6227,4.0,4,4,3,27.0,1,No,No,Never,2017-01-08,,No
EMP10159,40,Male,Married,Research & Development,Laboratory Technician,Senior,Bachelor's,13,78220.0,6518,2.0,2,3,3,28.0,4,No,No,Never,2011-08-25,,No
EMP10160,38,Female,Single,IT,Software Engineer,Lead,Master's,19,104862.0,8738,3.0,2,3,3,86.0,6,No,No,Occasionally,2013-01-08,,No
EMP10161,31,Female,Married,Research & Development,Laboratory Technician,Mid,Master's,7,56363.0,4697,1.0,2,2,3,71.0,1,Yes,No,Occasionally,2014-07-15,2024-07-31,Yes
EMP10162,40,Female,Single,Finance,Accountant,Senior,Master's,14,71337.0,5945,2.0,4,2,3,27.0,1,No,Yes,Never,2022-06-05,,No
EMP10163,35,Male,Married,Finance,Finance Manager,Mid,Bachelor's,7,51629.0,4302,2.0,3,2,3,34.0,5,Yes,No,Occasionally,2016-10-25,,No
EMP10164,30,Female,Single,Human Resources,HR Specialist,Mid,Bachelor's,6,48429.0,4036,4.0,4,1,4,40.0,3,Yes,Yes,Never,2011-02-11,,No
EMP10165,33,Female,Married,Sales,Sales Representative,Senior,Bachelor's,8,90288.0,7524,3.0,4,3,3,33.0,3,No,No,Never,2016-06-22,,No
EMP10166,30,Female,Married,IT,IT Support,Mid,Bachelor's,5,69001.0,5750,3.0,3,3,4,58.0,4,Yes,No,Never,2012-07-01,,No
EMP10167,25,Male,Single,Research & Development,Research Director,Entry,Bachelor's,0,40551.0,3379,4.0,3,2,2,51.0,2,Yes,Yes,Occasionally,2019-03-10,,No
EMP10168,44,Male,Single,Sales,Sales Executive,Lead,Master's,22,110745.0,9229,4.0,4,2,3,46.0,2,Yes,No,Occasionally,2016-01-03,,No
EMP10169,29,Male,Married,Sales,Manager,Senior,Bachelor's,8,69641.0,5803,3.0,3,3,2,57.0,2,Yes,No,Occasionally,2017-11-07,,No
EMP10170,27,Male,Married,Finance,Financial Analyst,Entry,Bachelor's,0,37654.0,3138,2.0,4,2,4,50.0,4,No,No,Occasionally,2011-07-24,,No
EMP10171,22,Female,Married,Finance,Finance Manager,Entry,Master's,2,48865.0,4072,2.0,3,2,3,54.0,2,Yes,No,Occasionally,2017-06-21,,No
EMP10172,21,Female,Divorced,Sales,Manager,Entry,Master's,0,35133.0,2928,1.0,3,4,3,45.0,2,No,No,Occasionally,2011-08-14,,No
EMP10173,40,Male,Married,Human Resources,HR Executive,Senior,Bachelor's,14,83211.0,6934,2.0,2,1,3,73.0,1,No,Yes,Never,2017-09-17,,No
EMP10174,40,Male,Single,Research & Development,Research Director,Lead,Bachelor's,15,93731.0,7811,2.0,3,3,3,44.0,2,No,No,Frequently,2016-07-28,,No
EMP10175,44,Male,Single,Finance,Financial Analyst,Lead,Master's,16,114053.0,9504,1.0,3,1,4,39.0,3,Yes,Yes,Occasionally,2017-05-28,2019-03-30,Yes
EMP10176,33,Male,Married,Sales,Manager,Mid,Master's,4,44620.0,3718,4.0,3,4,3,56.0,3,No,Yes,Never,2022-06-25,,No
EMP10177,31,Male,Married,Finance,Accountant,Mid,Bachelor's,4,54454.0,4538,4.0,4,3,3,52.0,2,No,Yes,Occasionally,2019-02-14,2024-01-21,Yes
EMP10178,30,Female,Single,Research & Development,Research Director,Mid,High School,7,61954.0,5163,2.0,3,1,4,42.0,2,Yes,No,Occasionally,2023-07-05,,No
EMP10179,31,Male,Single,Marketing,Marketing Executive,Mid,Bachelor's,4,54430.0,4536,4.0,1,3,4,13.0,1,No,Yes,Occasionally,2019-10-30,2024-03-26,Yes
EMP10180,43,Female,Married,Sales,Manager,Lead,Master's,19,110705.0,9225,3.0,3,2,2,67.0,7,No,No,Occasionally,2016-07-14,,No
EMP10181,34,Male,Single,Research & Development,Research Scientist,Senior,Bachelor's,9,74705.0,6225,2.0,3,3,3,64.0,1,No,Yes,Occasionally,2016-09-20,,No
EMP10182,37,Female,Single,Sales,Sales Executive,Senior,Bachelor's,12,62518.0,5210,3.0,4,3,3,27.0,4,No,No,Occasionally,2014-06-18,,No
EMP10183,30,Male,Divorced,Marketing,Marketing Analyst,Senior,Bachelor's,14,69453.0,5788,2.0,3,2,3,49.0,2,No,Yes,Occasionally,2015-12-08,,No
EMP10184,45,Male,Single,IT,Data Analyst,Lead,Master's,22,116762.0,9730,1.0,1,3,3,33.0,6,No,No,Occasionally,2017-07-23,,No
EMP10185,21,Male,Single,Research & Development,Research Scientist,Entry,Bachelor's,2,34343.0,2862,3.0,2,3,3,52.0,2,No,Yes,Occasionally,2017-07-11,2019-04-03,Yes
EMP10186,24,Male,Married,Finance,Finance Manager,Entry,Bachelor's,0,47637.0,3970,3.0,2,4,4,62.0,4,Yes,No,Never,2015-04-26,,No
EMP10187,37,Male,Married,IT,Software Engineer,Senior,PhD,12,83886.0,6990,2.0,2,4,3,40.0,3,No,No,Frequently,2013-05-01,,No
EMP10188,48,Female,Married,Human Resources,HR Executive,Lead,Bachelor's,27,98750.0,8229,3.0,4,3,3,55.0,1,Yes,Yes,Occasionally,2015-01-23,,No
EMP10189,32,Male,Single,Human Resources,HR Manager,Mid,Bachelor's,6,51819.0,4318,4.0,2,4,4,17.0,3,No,Yes,Frequently,2022-05-13,,No
EMP10190,27,Male,Married,Research & Development,Research Director,Entry,Master's,0,38985.0,3249,3.0,2,3,3,27.0,2,No,Yes,Occasionally,2018-06-24,2023-04-07,Yes
EMP10191,42,Female,Married,Sales,Manager,Senior,Bachelor's,14,63700.0,5308,3.0,3,4,3,58.0,2,Yes,No,Frequently,2014-04-01,2021-07-26,Yes
EMP10192,37,Male,Married,IT,IT Manager,Lead,Master's,16,114420.0,9535,3.0,3,3,3,30.0,1,Yes,Yes,Occasionally,2012-07-10,,No
EMP10193,44,Male,Married,Marketing,Marketing Manager,Lead,High School,19,96177.0,8015,3.0,1,3,4,27.0,4,Yes,No,Frequently,2011-06-01,2018-04-23,Yes
EMP10194,24,Female,Married,Finance,Financial Analyst,Entry,High School,0,37139.0,3095,1.0,3,4,4,29.0,4,Yes,No,Occasionally,2020-10-26,2021-01-14,Yes
EMP10195,44,Male,Married,Research & Development,Research Scientist,Lead,Master's,19,110085.0,9174,4.0,2,4,3,23.0,4,No,Yes,Occasionally,2018-10-27,,No
EMP10196,22,Female,Divorced,Research & Development,Laboratory Technician,Entry,Bachelor's,0,35863.0,2989,4.0,3,1,2,60.0,2,No,Yes,Never,2017-09-30,2026-02-06,Yes
EMP10197,32,Female,Married,IT,Software Engineer,Mid,Master's,6,68383.0,5699,2.0,4,2,3,61.0,4,No,No,Occasionally,2016-11-09,2018-07-08,Yes
EMP10198,37,Female,Married,IT,IT Support,Mid,Bachelor's,7,60755.0,5063,3.0,4,4,3,28.0,3,No,Yes,Occasionally,2014-01-25,,No
EMP10199,35,Female,Married,IT,IT Manager,Senior,Bachelor's,8,86595.0,7216,3.0,1,3,3,22.0,2,Yes,No,Frequently,2012-09-16,,No
EMP10200,42,Male,Single,IT,Data Analyst,Senior,Master's,14,86840.0,7237,2.0,2,4,3,40.0,2,Yes,No,Occasionally,2023-03-25,,No
EMP10201,21,Male,Married,Finance,Finance Manager,Entry,Bachelor's,0,29212.0,2434,2.0,3,4,3,21.0,3,No,No,Occasionally,2017-11-25,,No
EMP10202,35,Other,Single,Sales,Sales Executive,Senior,Bachelor's,13,75108.0,6259,1.0,2,4,3,55.0,2,No,No,Occasionally,2024-09-20,,No
EMP10203,44,Male,Single,Sales,Sales Representative,Lead,High School,20,87787.0,7316,4.0,3,3,2,42.0,5,No,No,Frequently,2010-05-26,2020-11-12,Yes
EMP10204,34,Female,Married,IT,IT Support,Lead,Bachelor's,16,114638.0,9553,1.0,1,2,2,35.0,2,No,No,Occasionally,2020-01-07,,No
EMP10205,25,Female,Married,Finance,Accountant,Entry,Master's,0,24000.0,2000,2.0,3,3,3,60.0,2,Yes,No,Occasionally,2018-06-10,2019-11-05,Yes
EMP10206,42,Female,Single,Sales,Sales Representative,Lead,Master's,22,110944.0,9245,1.0,4,4,3,25.0,3,No,Yes,Frequently,2017-04-05,,No
EMP10207,29,Male,Married,Sales,Sales Executive,Mid,Master's,5,63573.0,5298,3.0,4,3,3,34.0,3,No,No,Frequently,2016-01-19,,No
EMP10208,27,Male,Single,Finance,Finance Manager,Mid,Master's,3,59491.0,4958,4.0,4,3,3,20.0,5,Yes,No,Occasionally,2022-11-01,,No
EMP10209,26,Male,Married,Sales,Sales Representative,Mid,Bachelor's,7,56572.0,4714,3.0,1,3,3,17.0,2,Yes,Yes,Frequently,2025-12-21,,No
EMP10210,32,Male,Single,Sales,Sales Representative,Mid,Bachelor's,5,60434.0,5036,2.0,3,3,4,26.0,1,Yes,No,Frequently,2017-09-10,,No
EMP10211,35,Female,Married,Human Resources,HR Manager,Mid,Master's,7,48956.0,4080,3.0,3,4,3,27.0,2,Yes,No,Occasionally,2017-09-05,,No
EMP10212,24,Female,Married,Finance,Accountant,Mid,Bachelor's,5,47093.0,3924,3.0,4,2,3,26.0,1,Yes,Yes,Occasionally,2020-10-24,2025-02-06,Yes
EMP10213,25,Female,Married,Finance,Accountant,Entry,Bachelor's,1,35398.0,2950,3.0,4,2,4,40.0,7,Yes,Yes,Frequently,2013-07-01,,No
EMP10214,28,Male,Single,Research & Development,Laboratory Technician,Entry,Master's,0,26660.0,2222,3.0,4,3,2,40.0,2,Yes,No,Occasionally,2011-09-07,,No
EMP10215,26,Male,Married,IT,IT Support,Mid,High School,5,59537.0,4961,2.0,4,3,3,14.0,3,No,Yes,Frequently,2012-06-22,2015-11-11,Yes
EMP10216,34,Male,Married,Research & Development,Research Director,Senior,Bachelor's,12,77783.0,6482,1.0,3,4,4,56.0,2,Yes,No,Occasionally,2024-08-12,,No
EMP10217,37,Male,Married,Research & Development,Research Director,Senior,Bachelor's,9,72652.0,6054,2.0,3,1,3,15.0,2,Yes,No,Never,2012-09-28,,No
EMP10218,36,Male,Married,IT,IT Support,Senior,Master's,14,78004.0,6500,4.0,4,4,3,11.0,3,No,No,Occasionally,2015-12-30,,No
EMP10219,36,Male,Married,Finance,Financial Analyst,Senior,Bachelor's,13,64921.0,5410,3.0,3,4,3,61.0,1,No,No,Never,2018-03-14,,No
EMP10220,47,Male,Single,IT,IT Manager,Lead,Bachelor's,21,110818.0,9235,3.0,4,1,2,22.0,2,No,No,Never,2022-04-16,,No
EMP10221,37,Male,Single,Finance,Accountant,Lead,PhD,17,105942.0,8828,4.0,4,4,3,48.0,2,No,Yes,Frequently,2016-04-07,,No
EMP10222,40,Other,Married,Human Resources,HR Manager,Senior,Master's,12,73438.0,6120,4.0,3,3,3,31.0,5,Yes,No,Occasionally,2015-11-01,,No
EMP10223,31,Male,Married,Sales,Sales Representative,Mid,Master's,6,57121.0,4760,2.0,2,3,3,24.0,4,No,Yes,Never,2019-05-19,,No
EMP10224,42,Female,Married,Research & Development,Laboratory Technician,Lead,High School,18,118757.0,9896,1.0,2,1,3,21.0,3,No,No,Occasionally,2019-07-26,2022-07-04,Yes
EMP10225,30,Male,Married,Research & Development,Research Scientist,Mid,Bachelor's,4,49502.0,4125,4.0,2,4,3,49.0,2,No,No,Frequently,2015-12-16,,No
EMP10226,37,Male,Single,Research & Development,Research Director,Mid,Bachelor's,7,54702.0,4558,4.0,3,3,3,25.0,2,No,Yes,Occasionally,2017-10-15,,No
EMP10227,23,Male,Single,Marketing,Marketing Manager,Entry,Bachelor's,0,33778.0,2815,3.0,3,4,4,62.0,4,No,No,Occasionally,2018-06-27,,No
EMP10228,35,Female,Married,Research & Development,Laboratory Technician,Senior,High School,12,83943.0,6995,4.0,3,3,3,15.0,3,No,No,Never,2014-11-11,,No
EMP10229,26,Male,Divorced,IT,IT Manager,Entry,Bachelor's,0,32618.0,2718,2.0,3,3,4,67.0,3,Yes,No,Occasionally,2019-01-26,,No
EMP10230,41,Male,Married,Finance,Finance Manager,Lead,Bachelor's,17,102411.0,8534,1.0,4,2,3,5.0,2,No,No,Frequently,2021-07-03,,No
EMP10231,41,Female,Single,IT,Data Analyst,Lead,Master's,17,106227.0,8852,3.0,2,2,2,47.0,5,No,No,Frequently,2014-11-07,,No
EMP10232,30,Male,Single,Human Resources,HR Specialist,Senior,Master's,10,60127.0,5011,4.0,4,3,3,21.0,2,Yes,No,Occasionally,2013-02-19,,No
EMP10233,50,Male,Single,Human Resources,HR Executive,Lead,High School,30,104678.0,8723,3.0,2,4,3,13.0,3,No,Yes,Occasionally,2022-02-21,2022-04-26,Yes
EMP10234,32,Male,Married,Research & Development,Research Scientist,Senior,Bachelor's,11,68631.0,5719,3.0,3,2,3,40.0,3,Yes,No,Occasionally,2012-02-09,,No
EMP10235,21,Male,Divorced,Sales,Sales Executive,Entry,Bachelor's,0,33758.0,2813,1.0,3,4,4,54.0,4,Yes,Yes,Never,2021-11-30,2023-12-02,Yes
EMP10236,28,Female,Married,IT,Data Analyst,Senior,Bachelor's,8,66253.0,5521,2.0,4,4,4,38.0,5,Yes,No,Never,2012-05-31,,No
EMP10237,26,Female,Divorced,Research & Development,Research Director,Mid,Bachelor's,3,51601.0,4300,4.0,3,3,3,41.0,2,No,No,Occasionally,2016-08-03,,No
EMP10238,37,Male,Married,Sales,Sales Executive,Senior,Bachelor's,11,74207.0,6184,2.0,2,2,4,46.0,3,No,No,Occasionally,2019-03-13,,No
EMP10239,24,Male,Married,Finance,Finance Manager,Entry,Master's,0,32185.0,2682,3.0,3,4,3,53.0,5,Yes,No,Frequently,2015-09-16,,No
EMP10240,30,Female,Divorced,Sales,Sales Executive,Senior,Master's,12,82987.0,6916,3.0,2,2,3,72.0,3,No,No,Occasionally,2023-02-13,,No
EMP10241,37,Male,Married,Marketing,Marketing Executive,Lead,Bachelor's,18,99368.0,8281,3.0,3,3,3,29.0,4,Yes,Yes,Frequently,2025-09-28,,No
EMP10242,35,Female,Divorced,Marketing,Marketing Analyst,Mid,Master's,7,54126.0,4510,4.0,3,1,3,51.0,4,No,No,Frequently,2019-09-19,,No
EMP10243,34,Male,Married,Marketing,Marketing Executive,Senior,Master's,11,71577.0,5965,3.0,3,4,4,32.0,2,No,No,Frequently,2014-08-03,,No
EMP10244,35,Female,Single,Research & Development,Research Scientist,Lead,Master's,15,116613.0,9718,3.0,4,3,3,39.0,4,No,No,Occasionally,2022-10-07,,No
EMP10245,31,Female,Married,Sales,Sales Representative,Senior,Bachelor's,8,75041.0,6253,2.0,4,3,3,54.0,8,No,No,Occasionally,2014-10-27,,No
EMP10246,21,Female,Married,Marketing,Marketing Manager,Entry,Bachelor's,0,36731.0,3061,2.0,3,2,2,45.0,4,Yes,No,Occasionally,2025-12-04,,No
EMP10247,31,Male,Single,Research & Development,Research Scientist,Senior,Master's,8,80268.0,6689,3.0,1,3,2,29.0,5,No,No,Never,2011-01-02,,No
EMP10248,38,Female,Single,Marketing,Marketing Analyst,Lead,High School,15,113019.0,9418,2.0,4,1,4,44.0,2,No,No,Never,2017-06-25,,No
EMP10249,33,Male,Divorced,Marketing,Marketing Executive,Senior,Master's,10,77023.0,6419,4.0,3,4,4,48.0,3,Yes,No,Never,2021-04-13,,No
EMP10250,37,Female,Married,IT,Data Analyst,Lead,Master's,20,102778.0,8565,3.0,3,3,4,53.0,2,Yes,No,Occasionally,2023-01-30,,No
EMP10251,29,Male,Single,Research & Development,Research Director,Entry,Master's,0,35101.0,2925,2.0,3,3,3,63.0,1,No,No,Occasionally,2024-06-01,2026-04-24,Yes
EMP10252,42,Female,Single,Research & Development,Research Director,Lead,High School,18,106940.0,8912,2.0,3,2,3,74.0,3,No,Yes,Frequently,2011-11-01,,No
EMP10253,21,Male,Married,IT,IT Manager,Entry,Bachelor's,2,24000.0,2000,2.0,4,3,4,42.0,3,No,No,Occasionally,2017-10-04,,No
EMP10254,35,Male,Married,Research & Development,Laboratory Technician,Mid,Master's,7,40297.0,3358,3.0,4,2,4,22.0,4,No,No,Occasionally,2014-07-29,,No
EMP10255,45,Female,Married,Sales,Sales Representative,Lead,PhD,23,109942.0,9162,4.0,4,4,2,48.0,1,No,No,Occasionally,2014-06-03,,No
EMP10256,46,Male,Married,Human Resources,HR Specialist,Lead,Bachelor's,21,114943.0,9579,3.0,4,4,4,18.0,4,No,No,Never,2024-10-19,,No
EMP10257,32,Female,Married,Marketing,Marketing Manager,Mid,Master's,7,51421.0,4285,1.0,4,2,3,76.0,2,No,No,Occasionally,2025-01-30,,No
EMP10258,23,Female,Single,Finance,Financial Analyst,Entry,Master's,0,41665.0,3472,2.0,1,1,4,32.0,6,No,No,Occasionally,2021-10-02,,No
EMP10259,45,Female,Married,Human Resources,HR Manager,Lead,Bachelor's,28,105764.0,8814,2.0,4,4,2,60.0,5,No,Yes,Frequently,2016-09-30,,No
EMP10260,34,Female,Single,Sales,Sales Representative,Senior,Master's,12,76255.0,6355,3.0,1,2,4,48.0,2,No,No,Frequently,2010-01-06,,No
EMP10261,33,Male,Single,Finance,Accountant,Mid,Bachelor's,6,54998.0,4583,2.0,3,3,2,46.0,4,Yes,No,Occasionally,2019-03-30,,No
EMP10262,27,Male,Single,Marketing,Marketing Manager,Mid,Bachelor's,3,52565.0,4380,2.0,2,3,3,14.0,2,No,No,Occasionally,2023-08-08,,No
EMP10263,24,Male,Married,Sales,Sales Representative,Entry,Bachelor's,0,34719.0,2893,2.0,3,2,3,28.0,7,No,No,Occasionally,2022-04-11,2025-01-12,Yes
EMP10264,39,Male,Divorced,Human Resources,HR Manager,Senior,Master's,14,73188.0,6099,3.0,2,3,3,35.0,4,No,No,Never,2023-12-25,,No
EMP10265,39,Male,Married,IT,Data Analyst,Lead,Master's,17,120727.0,10061,3.0,3,3,3,35.0,1,Yes,Yes,Occasionally,2025-09-16,,No
EMP10266,36,Female,Married,IT,Software Engineer,Senior,Bachelor's,13,75999.0,6333,4.0,3,3,3,44.0,6,No,Yes,Frequently,2012-03-04,,No
EMP10267,28,Male,Married,Finance,Financial Analyst,Entry,Master's,1,47908.0,3992,3.0,1,3,2,30.0,1,Yes,No,Never,2025-06-22,,No
EMP10268,25,Male,Single,IT,IT Manager,Entry,Master's,1,37492.0,3124,3.0,4,4,3,51.0,3,No,No,Occasionally,2023-01-20,2025-02-01,Yes
EMP10269,23,Female,Single,Research & Development,Laboratory Technician,Entry,Master's,0,31636.0,2636,2.0,4,1,2,40.0,3,No,No,Occasionally,2019-01-09,,No
EMP10270,30,Male,Married,Research & Development,Research Director,Mid,Bachelor's,5,47606.0,3967,1.0,4,3,3,54.0,6,No,No,Never,2019-09-27,,No
EMP10271,26,Male,Married,IT,Software Engineer,Entry,High School,0,41866.0,3489,3.0,4,2,3,15.0,6,No,No,Frequently,2020-02-09,,No
EMP10272,21,Male,Married,IT,IT Support,Entry,Bachelor's,1,36363.0,3030,1.0,3,4,2,56.0,2,No,Yes,Frequently,2016-04-16,2018-08-11,Yes
EMP10273,39,Female,Single,IT,Data Analyst,Senior,Master's,13,79672.0,6639,2.0,4,2,4,71.0,5,No,Yes,Occasionally,2012-09-11,,No
EMP10274,23,Female,Divorced,Marketing,Marketing Manager,Entry,Bachelor's,0,36291.0,3024,1.0,3,3,4,39.0,6,No,No,Occasionally,2017-07-03,,No
EMP10275,42,Female,Divorced,Human Resources,HR Executive,Lead,PhD,24,113128.0,9427,2.0,3,3,3,64.0,4,Yes,No,Never,2015-10-14,,No
EMP10276,37,Male,Single,Human Resources,HR Manager,Lead,Master's,15,97705.0,8142,1.0,4,4,3,42.0,2,Yes,Yes,Occasionally,2020-03-03,,No
EMP10277,36,Female,Married,IT,IT Support,Senior,Master's,14,88779.0,7398,4.0,2,3,2,34.0,7,Yes,No,Never,2013-11-29,,No
EMP10278,47,Female,Single,Finance,Accountant,Lead,Master's,21,117735.0,9811,2.0,1,3,4,46.0,2,Yes,No,Occasionally,2012-03-03,,No
EMP10279,24,Male,Married,IT,Data Analyst,Entry,Bachelor's,0,26645.0,2220,1.0,3,4,3,70.0,1,Yes,Yes,Occasionally,2025-05-21,,No
EMP10280,41,Male,Single,IT,Data Analyst,Senior,Master's,14,77077.0,6423,2.0,2,3,4,69.0,3,No,No,Never,2025-01-08,,No
EMP10281,32,Female,Single,IT,Software Engineer,Senior,Bachelor's,8,91567.0,7631,3.0,3,4,3,14.0,7,No,Yes,Never,2012-08-20,,No
EMP10282,55,Male,Single,Research & Development,Research Scientist,Lead,Master's,34,107612.0,8968,3.0,2,1,3,23.0,8,No,No,Occasionally,2014-02-20,,No
EMP10283,31,Female,Divorced,Research & Development,Laboratory Technician,Senior,Master's,8,87965.0,7330,1.0,4,3,3,40.0,3,Yes,No,Occasionally,2012-01-03,,No
EMP10284,30,Male,Married,Sales,Sales Representative,Mid,Master's,3,50759.0,4230,3.0,4,4,4,29.0,6,No,No,Occasionally,2022-11-07,,No
EMP10285,37,Male,Single,Human Resources,HR Executive,Senior,Master's,14,72318.0,6026,2.0,1,4,2,49.0,3,No,No,Occasionally,2016-01-08,,No
EMP10286,32,Male,Married,Sales,Sales Executive,Mid,High School,5,61530.0,5128,3.0,2,4,3,40.0,5,No,Yes,Occasionally,2025-05-03,2026-02-20,Yes
EMP10287,28,Male,Single,Research & Development,Research Scientist,Mid,High School,6,46151.0,3846,3.0,2,3,4,34.0,3,No,No,Occasionally,2024-03-10,,No
EMP10288,26,Male,Single,Human Resources,HR Executive,Entry,Master's,2,30292.0,2524,3.0,3,4,3,78.0,3,Yes,No,Frequently,2022-11-20,,No
EMP10289,46,Female,Married,Research & Development,Laboratory Technician,Lead,Bachelor's,26,108916.0,9076,3.0,3,2,2,56.0,3,No,No,Occasionally,2017-01-18,,No
EMP10290,25,Female,Single,Finance,Financial Analyst,Mid,Bachelor's,3,60609.0,5051,1.0,3,2,2,55.0,4,No,No,Frequently,2024-05-03,,No
EMP10291,36,Female,Married,Sales,Sales Representative,Senior,Bachelor's,11,70416.0,5868,3.0,2,1,3,27.0,2,No,No,Occasionally,2019-09-05,,No
EMP10292,42,Female,Married,Sales,Manager,Lead,High School,16,106825.0,8902,2.0,3,4,4,41.0,4,No,Yes,Occasionally,2014-01-14,,No
EMP10293,43,Male,Single,IT,IT Support,Lead,High School,20,109964.0,9164,4.0,2,3,4,40.0,1,Yes,No,Never,2011-05-20,,No
EMP10294,29,Female,Married,Research & Development,Research Scientist,Mid,Master's,6,40221.0,3352,2.0,3,3,3,44.0,5,No,No,Occasionally,2019-05-02,,No
EMP10295,32,Male,Divorced,Sales,Manager,Mid,Bachelor's,5,48772.0,4064,3.0,2,1,3,34.0,4,No,No,Occasionally,2011-08-29,,No
EMP10296,31,Male,Married,Human Resources,HR Manager,Mid,Bachelor's,7,40560.0,3380,2.0,3,2,3,59.0,5,No,No,Frequently,2025-08-02,,No
EMP10297,22,Male,Single,IT,IT Support,Entry,Master's,0,34384.0,2865,2.0,3,3,2,66.0,4,Yes,Yes,Frequently,2014-08-19,,No
EMP10298,38,Male,Married,Sales,Sales Executive,Senior,Bachelor's,13,67589.0,5632,3.0,2,3,3,56.0,4,No,Yes,Occasionally,2010-10-17,,No
EMP10299,34,Male,Divorced,Finance,Financial Analyst,Senior,Bachelor's,13,85417.0,7118,3.0,2,2,3,40.0,4,No,No,Occasionally,2014-08-07,2015-08-13,Yes
EMP10300,46,Male,Single,Sales,Manager,Lead,Master's,23,107103.0,8925,2.0,3,3,3,35.0,3,No,No,Occasionally,2021-11-07,,No
EMP10301,27,Male,Single,Sales,Sales Representative,Entry,Master's,2,42770.0,3564,1.0,3,2,3,61.0,7,No,No,Never,2020-03-24,,No
EMP10302,43,Female,Single,Human Resources,HR Manager,Lead,Bachelor's,21,98548.0,8212,3.0,4,3,4,48.0,3,No,No,Never,2019-09-13,,No
EMP10303,43,Male,Single,Human Resources,HR Executive,Lead,PhD,23,105863.0,8822,1.0,2,1,4,52.0,3,No,No,Occasionally,2013-12-03,,No
EMP10304,34,Male,Married,Finance,Financial Analyst,Senior,Master's,12,72279.0,6023,3.0,1,3,3,48.0,2,No,No,Occasionally,2020-11-30,,No
EMP10305,21,Female,Single,IT,Software Engineer,Entry,High School,0,34579.0,2882,3.0,2,2,3,29.0,5,Yes,No,Occasionally,2023-12-19,,No
EMP10306,30,Male,Single,Marketing,Marketing Manager,Senior,Bachelor's,9,73204.0,6100,3.0,2,3,3,70.0,6,Yes,Yes,Frequently,2016-05-26,,No
EMP10307,48,Female,Single,Human Resources,HR Specialist,Lead,Master's,22,118816.0,9901,2.0,2,2,4,86.0,2,No,Yes,Occasionally,2019-06-08,2023-04-13,Yes
EMP10308,36,Female,Married,Research & Development,Research Scientist,Lead,Bachelor's,15,107547.0,8962,3.0,1,3,4,34.0,3,Yes,No,Occasionally,2020-09-10,2022-04-12,Yes
EMP10309,40,Male,Married,IT,Software Engineer,Lead,High School,17,111106.0,9259,2.0,3,3,4,41.0,3,Yes,Yes,Occasionally,2024-07-25,,No
EMP10310,33,Male,Married,Research & Development,Research Director,Senior,Master's,8,83553.0,6963,2.0,3,3,3,35.0,1,No,No,Occasionally,2024-05-19,,No
EMP10311,32,Male,Single,Research & Development,Laboratory Technician,Mid,Bachelor's,3,56711.0,4726,3.0,3,3,2,30.0,1,No,No,Frequently,2016-06-27,,No
EMP10312,21,Male,Married,Sales,Manager,Entry,Bachelor's,0,31607.0,2634,1.0,3,4,4,53.0,4,No,No,Never,2018-04-28,,No
EMP10313,40,Male,Single,Sales,Sales Executive,Lead,Bachelor's,15,109726.0,9144,2.0,3,4,4,32.0,2,Yes,Yes,Frequently,2020-07-30,,No
EMP10314,43,Male,Divorced,Marketing,Marketing Analyst,Lead,Master's,23,102860.0,8572,3.0,3,3,4,25.0,1,Yes,No,Occasionally,2022-10-28,,No
EMP10315,26,Male,Single,IT,Data Analyst,Entry,Bachelor's,2,59899.0,4992,4.0,3,4,3,50.0,3,Yes,No,Occasionally,2017-08-21,,No
EMP10316,33,Female,Single,Finance,Financial Analyst,Senior,Bachelor's,10,88540.0,7378,3.0,4,3,3,26.0,2,No,Yes,Frequently,2016-07-11,,No
EMP10317,31,Male,Single,Research & Development,Laboratory Technician,Senior,Bachelor's,11,73154.0,6096,2.0,4,3,2,31.0,4,No,No,Never,2010-06-28,,No
EMP10318,37,Female,Single,Sales,Sales Representative,Lead,Bachelor's,16,110315.0,9193,2.0,4,3,4,30.0,3,Yes,No,Occasionally,2020-03-24,,No
EMP10319,30,Male,Single,Sales,Manager,Senior,Master's,12,79842.0,6654,3.0,3,2,4,50.0,4,No,No,Occasionally,2016-10-17,,No
EMP10320,41,Female,Married,Research & Development,Research Scientist,Senior,Master's,14,77982.0,6498,3.0,3,3,3,43.0,3,No,No,Frequently,2012-05-22,,No
EMP10321,35,Male,Married,Human Resources,HR Executive,Senior,Bachelor's,9,79603.0,6634,2.0,3,3,3,8.0,3,No,No,Occasionally,2022-05-31,,No
EMP10322,21,Female,Single,IT,Software Engineer,Entry,Master's,0,33313.0,2776,3.0,2,3,3,47.0,3,Yes,No,Frequently,2016-12-02,2025-01-07,Yes
EMP10323,38,Male,Married,Finance,Financial Analyst,Lead,Master's,19,105955.0,8830,2.0,4,3,3,27.0,2,No,No,Frequently,2016-11-20,,No
EMP10324,42,Female,Married,Research & Development,Research Scientist,Lead,Master's,24,116611.0,9718,2.0,3,2,3,70.0,2,No,No,Frequently,2014-03-01,,No
EMP10325,25,Male,Married,Marketing,Marketing Analyst,Entry,Bachelor's,0,33428.0,2786,1.0,4,3,3,5.0,1,Yes,Yes,Frequently,2016-10-02,,No
EMP10326,37,Male,Single,IT,IT Support,Senior,High School,10,78098.0,6508,3.0,2,4,3,49.0,2,No,No,Occasionally,2022-09-12,,No
EMP10327,49,Male,Single,Human Resources,HR Executive,Lead,Master's,26,104019.0,8668,2.0,1,2,3,56.0,2,No,Yes,Occasionally,2010-06-24,,No
EMP10328,35,Male,Divorced,Finance,Finance Manager,Senior,High School,13,76261.0,6355,2.0,3,3,4,20.0,5,Yes,No,Never,2019-03-24,,No
EMP10329,43,Male,Married,Research & Development,Research Director,Lead,High School,24,111284.0,9274,2.0,3,4,3,37.0,2,No,No,Occasionally,2010-02-20,,No
EMP10330,30,Male,Single,Research & Development,Laboratory Technician,Mid,Bachelor's,4,48074.0,4006,4.0,1,3,4,44.0,3,Yes,No,Frequently,2014-08-28,2026-03-17,Yes
EMP10331,34,Male,Single,Research & Development,Research Scientist,Senior,PhD,13,76309.0,6359,3.0,3,4,3,39.0,3,No,No,Frequently,2012-09-10,,No
EMP10332,32,Male,Married,IT,Data Analyst,Mid,Bachelor's,7,54362.0,4530,2.0,2,4,4,51.0,3,Yes,No,Never,2015-04-17,,No
EMP10333,31,Female,Married,Sales,Sales Executive,Mid,Master's,3,67455.0,5621,3.0,3,3,4,45.0,2,No,Yes,Occasionally,2017-04-02,2022-01-18,Yes
EMP10334,33,Female,Married,Sales,Sales Representative,Senior,Bachelor's,8,80405.0,6700,2.0,3,1,3,56.0,8,No,Yes,Occasionally,2022-12-15,2024-11-22,Yes
EMP10335,21,Male,Single,Sales,Manager,Entry,Master's,0,36127.0,3011,3.0,2,2,3,48.0,5,No,Yes,Occasionally,2010-06-08,2017-10-20,Yes
EMP10336,31,Female,Divorced,Sales,Sales Executive,Senior,Bachelor's,10,80885.0,6740,3.0,3,3,2,44.0,4,No,No,Never,2018-09-07,,No
EMP10337,45,Male,Married,IT,IT Manager,Lead,Bachelor's,19,109238.0,9103,3.0,2,4,3,37.0,4,Yes,No,Never,2010-04-27,,No
EMP10338,26,Male,Single,IT,IT Support,Entry,Bachelor's,1,49649.0,4137,1.0,3,2,3,46.0,2,No,No,Frequently,2014-01-31,,No
EMP10339,25,Male,Married,Research & Development,Research Director,Entry,Bachelor's,0,31526.0,2627,4.0,2,4,3,73.0,3,Yes,No,Never,2015-09-18,2019-09-09,Yes
EMP10340,34,Male,Single,Sales,Sales Representative,Senior,Bachelor's,11,88410.0,7368,3.0,4,2,4,40.0,1,No,No,Occasionally,2016-07-23,,No
EMP10341,35,Female,Single,Research & Development,Research Scientist,Senior,High School,13,73726.0,6144,4.0,1,4,3,19.0,4,Yes,Yes,Occasionally,2012-09-11,,No
EMP10342,37,Male,Married,Research & Development,Research Director,Senior,Master's,11,81008.0,6751,3.0,3,2,3,62.0,1,Yes,Yes,Occasionally,2018-11-12,,No
EMP10343,33,Female,Single,Sales,Sales Representative,Mid,Bachelor's,7,53168.0,4431,4.0,3,3,3,79.0,6,No,No,Occasionally,2012-02-25,,No
EMP10344,35,Male,Married,Research & Development,Research Scientist,Senior,Master's,12,77874.0,6490,3.0,1,1,2,52.0,4,No,No,Never,2014-06-07,,No
EMP10345,31,Male,Single,Research & Development,Research Scientist,Mid,High School,6,40310.0,3359,2.0,2,2,3,77.0,5,No,Yes,Frequently,2014-03-08,2014-05-21,Yes
EMP10346,24,Male,Married,Finance,Finance Manager,Mid,Bachelor's,3,49118.0,4093,3.0,2,2,2,45.0,5,No,No,Occasionally,2024-11-25,,No
EMP10347,33,Female,Single,Finance,Financial Analyst,Senior,Bachelor's,11,90570.0,7548,3.0,1,1,4,95.0,2,No,No,Never,2015-01-07,,No
EMP10348,40,Male,Married,Sales,Manager,Lead,High School,15,95978.0,7998,4.0,3,2,3,16.0,1,Yes,No,Occasionally,2015-01-12,2024-12-03,Yes
EMP10349,38,Male,Single,Research & Development,Research Scientist,Lead,Bachelor's,18,111244.0,9270,2.0,3,3,3,39.0,3,No,No,Occasionally,2025-05-23,,No
EMP10350,21,Male,Single,Finance,Accountant,Entry,High School,0,54200.0,4517,3.0,2,3,2,53.0,5,No,No,Never,2024-06-10,,No
EMP10351,36,Other,Married,Human Resources,HR Manager,Senior,Master's,14,79871.0,6656,4.0,3,3,3,28.0,2,No,No,Occasionally,2013-02-19,,No
EMP10352,27,Male,Married,IT,IT Manager,Entry,Bachelor's,0,53887.0,4491,4.0,4,3,4,63.0,3,Yes,Yes,Never,2018-06-22,,No
EMP10353,45,Female,Married,Finance,Finance Manager,Lead,Bachelor's,23,113845.0,9487,1.0,4,4,4,52.0,1,No,Yes,Occasionally,2013-06-07,,No
EMP10354,37,Male,Married,Sales,Sales Executive,Lead,Bachelor's,19,106840.0,8903,3.0,1,4,2,38.0,1,Yes,No,Never,2015-12-29,,No
EMP10355,41,Male,Divorced,Sales,Sales Executive,Lead,Bachelor's,20,107623.0,8969,3.0,2,4,4,50.0,1,No,Yes,Never,2013-11-06,,No
EMP10356,34,Female,Single,Finance,Finance Manager,Senior,Bachelor's,14,78758.0,6563,1.0,3,3,3,46.0,2,No,Yes,Frequently,2024-10-15,,No
EMP10357,33,Female,Married,Sales,Sales Executive,Mid,Bachelor's,7,50543.0,4212,4.0,2,2,3,54.0,2,No,Yes,Occasionally,2021-10-11,,No
EMP10358,46,Male,Married,Finance,Accountant,Lead,Bachelor's,27,105324.0,8777,3.0,1,3,3,38.0,3,No,No,Occasionally,2013-04-01,,No
EMP10359,42,Male,Married,Marketing,Marketing Executive,Lead,High School,16,107962.0,8997,3.0,2,3,4,5.0,1,No,No,Occasionally,2013-12-19,,No
EMP10360,35,Male,Married,Human Resources,HR Specialist,Senior,Bachelor's,14,91403.0,7617,4.0,1,2,3,58.0,3,Yes,No,Occasionally,2021-07-31,,No
EMP10361,32,Female,Married,Research & Development,Laboratory Technician,Senior,Bachelor's,11,85971.0,7164,2.0,3,3,3,41.0,1,Yes,No,Never,2012-09-29,,No
EMP10362,21,Male,Married,Finance,Accountant,Entry,Bachelor's,0,37434.0,3120,4.0,3,2,3,28.0,1,No,No,Occasionally,2017-03-16,,No
EMP10363,37,Female,Married,Research & Development,Laboratory Technician,Mid,Bachelor's,7,56299.0,4692,3.0,1,2,4,35.0,5,Yes,No,Occasionally,2017-02-24,,No
EMP10364,33,Male,Single,Human Resources,HR Specialist,Senior,Bachelor's,10,75402.0,6284,4.0,3,3,3,38.0,4,No,No,Never,2025-07-25,,No
EMP10365,38,Male,Married,Marketing,Marketing Executive,Senior,Bachelor's,12,85950.0,7162,3.0,3,2,3,,5,No,No,Occasionally,2025-05-16,,No
EMP10366,41,Female,Single,Research & Development,Laboratory Technician,Lead,Bachelor's,16,93574.0,7798,1.0,3,2,4,26.0,4,No,No,Never,2014-01-26,,No
EMP10367,44,Other,Married,Marketing,Marketing Executive,Lead,Bachelor's,21,118514.0,9876,3.0,4,2,4,40.0,2,Yes,Yes,Frequently,2018-01-30,2021-12-07,Yes
EMP10368,37,Male,Married,Marketing,Marketing Analyst,Senior,High School,8,72183.0,6015,2.0,4,3,4,39.0,1,No,No,Frequently,2015-10-13,,No
EMP10369,26,Female,Married,Sales,Manager,Mid,Bachelor's,7,49312.0,4109,3.0,3,3,4,25.0,4,No,Yes,Occasionally,2017-01-01,2020-11-03,Yes
EMP10370,21,Female,Married,Sales,Sales Representative,Entry,Bachelor's,0,24000.0,2000,3.0,4,3,4,19.0,1,No,No,Frequently,2019-03-11,,No
EMP10371,27,Female,Single,Sales,Manager,Mid,Bachelor's,3,53083.0,4424,3.0,1,2,3,27.0,2,No,No,Occasionally,2025-03-01,,No
EMP10372,45,Female,Married,Sales,Sales Representative,Lead,Bachelor's,24,100234.0,8353,3.0,3,2,3,47.0,5,Yes,No,Never,2011-12-15,,No
EMP10373,49,Male,Married,Sales,Sales Representative,Lead,Master's,28,113144.0,9429,3.0,3,2,3,30.0,3,Yes,No,Frequently,2020-02-17,,No
EMP10374,32,Female,Single,Finance,Accountant,Senior,Master's,11,84726.0,7060,3.0,3,3,4,58.0,3,No,No,Occasionally,2016-02-19,,No
EMP10375,22,Female,Single,Sales,Manager,Entry,Bachelor's,0,27144.0,2262,3.0,2,3,4,63.0,1,Yes,No,Occasionally,2014-01-14,,No
EMP10376,29,Male,Married,Research & Development,Research Director,Entry,Master's,1,25861.0,2155,4.0,1,4,2,73.0,3,No,No,Never,2019-05-24,,No
EMP10377,43,Male,Married,IT,IT Manager,Senior,Bachelor's,13,78506.0,6542,2.0,3,3,2,53.0,1,No,Yes,Occasionally,2012-10-20,,No
EMP10378,29,Male,Single,Sales,Sales Representative,Mid,Bachelor's,3,45380.0,3782,4.0,3,3,4,50.0,2,No,No,Occasionally,2023-12-24,,No
EMP10379,39,Female,Single,IT,Software Engineer,Senior,PhD,13,81043.0,6754,2.0,4,3,3,67.0,2,No,No,Occasionally,2011-02-02,,No
EMP10380,35,Female,Single,Research & Development,Laboratory Technician,Lead,Master's,16,99115.0,8260,3.0,2,3,3,20.0,5,No,No,Frequently,2024-02-03,,No
EMP10381,40,Male,Divorced,Sales,Manager,Senior,PhD,12,84178.0,7015,3.0,4,4,3,53.0,4,Yes,Yes,Occasionally,2020-12-27,2021-05-26,Yes
EMP10382,49,Male,Married,Finance,Accountant,Lead,Bachelor's,21,105512.0,8793,3.0,1,1,3,59.0,4,No,No,Never,2019-02-11,2022-11-28,Yes
EMP10383,39,Male,Single,Finance,Finance Manager,Senior,Bachelor's,14,84030.0,7002,2.0,4,2,4,42.0,2,Yes,No,Occasionally,2015-02-17,2024-06-09,Yes
EMP10384,35,Male,Married,IT,IT Support,Senior,Bachelor's,9,87087.0,7257,2.0,4,2,4,57.0,2,Yes,No,Frequently,2022-12-22,,No
EMP10385,49,Male,Single,IT,IT Support,Lead,Bachelor's,28,99028.0,8252,1.0,1,4,4,36.0,4,Yes,No,Never,2022-09-08,,No
EMP10386,37,Male,Single,IT,Data Analyst,Lead,Bachelor's,18,116994.0,9750,3.0,2,4,3,43.0,1,No,Yes,Occasionally,2025-09-28,,No
EMP10387,28,Female,Divorced,Research & Development,Research Director,Mid,Master's,4,40052.0,3338,2.0,1,4,4,49.0,4,No,No,Occasionally,2022-01-14,,No
EMP10388,39,Male,Married,Sales,Manager,Senior,Bachelor's,11,70163.0,5847,2.0,4,3,3,48.0,2,Yes,No,Occasionally,2011-09-20,,No
EMP10389,38,Female,Married,IT,Data Analyst,Senior,Bachelor's,14,87672.0,7306,2.0,3,4,3,17.0,1,No,No,Never,2017-08-30,,No
EMP10390,32,Male,Married,IT,IT Support,Senior,Bachelor's,14,83874.0,6990,1.0,3,1,3,33.0,1,No,Yes,Occasionally,2019-07-17,,No
EMP10391,30,Other,Single,Marketing,Marketing Analyst,Mid,Bachelor's,5,49617.0,4135,4.0,2,3,4,43.0,6,No,No,Occasionally,2014-07-25,,No
EMP10392,32,Male,Divorced,Research & Development,Research Director,Senior,High School,11,63519.0,5293,3.0,4,4,3,49.0,1,No,No,Occasionally,2012-08-04,,No
EMP10393,30,Female,Married,Research & Development,Research Scientist,Mid,PhD,4,58752.0,4896,4.0,2,3,3,54.0,3,No,No,Frequently,2015-04-04,,No
EMP10394,32,Male,Single,IT,Software Engineer,Mid,Bachelor's,7,62039.0,5170,3.0,2,2,4,42.0,2,No,No,Frequently,2011-09-15,,No
EMP10395,27,Male,Married,Research & Development,Research Director,Mid,High School,6,46005.0,3834,4.0,2,3,3,62.0,3,No,Yes,Never,2015-12-16,2020-03-27,Yes
EMP10396,37,Male,Divorced,Marketing,Marketing Executive,Senior,Master's,12,69269.0,5772,3.0,3,2,4,37.0,1,No,Yes,Never,2015-12-02,2024-10-05,Yes
EMP10397,36,Male,Divorced,IT,Data Analyst,Senior,PhD,13,90188.0,7516,3.0,1,2,4,57.0,7,Yes,No,Occasionally,2014-10-27,,No
EMP10398,37,Female,Married,Research & Development,Research Scientist,Senior,Master's,14,78103.0,6509,3.0,3,3,3,39.0,3,No,No,Occasionally,2018-02-28,,No
EMP10399,34,Male,Married,IT,IT Support,Lead,Master's,15,102478.0,8540,2.0,1,2,3,25.0,5,No,No,Never,2023-08-24,,No
EMP10400,33,Female,Single,IT,IT Support,Mid,Bachelor's,6,53887.0,4491,3.0,3,2,2,89.0,2,Yes,Yes,Never,2013-04-29,,No
EMP10401,46,Male,Married,Sales,Sales Representative,Lead,Master's,22,118701.0,9892,4.0,3,3,4,51.0,5,Yes,No,Occasionally,2011-09-12,,No
EMP10402,35,Other,Married,Marketing,Marketing Manager,Senior,High School,12,83016.0,6918,3.0,2,3,3,9.0,3,Yes,No,Occasionally,2019-11-12,,No
EMP10403,44,Male,Single,Human Resources,HR Specialist,Lead,Master's,22,105004.0,8750,3.0,2,1,3,58.0,3,No,No,Frequently,2015-02-19,,No
EMP10404,26,Male,Married,IT,Software Engineer,Mid,Master's,7,59157.0,4930,4.0,3,1,3,45.0,3,No,Yes,Never,2025-12-02,,No
EMP10405,39,Male,Divorced,Research & Development,Research Scientist,Lead,High School,19,89772.0,7481,4.0,1,4,3,58.0,1,Yes,No,Frequently,2023-05-20,,No
EMP10406,28,Female,Single,IT,Data Analyst,Entry,Bachelor's,1,48146.0,4012,3.0,2,2,3,52.0,5,No,No,Occasionally,2021-08-20,,No
EMP10407,30,Male,Married,Research & Development,Laboratory Technician,Mid,Bachelor's,6,48840.0,4070,4.0,3,3,4,28.0,8,No,No,Never,2016-03-22,,No
EMP10408,31,Male,Married,Sales,Manager,Mid,Master's,5,46339.0,3862,1.0,2,4,3,59.0,6,No,Yes,Frequently,2016-12-26,,No
EMP10409,30,Male,Married,Marketing,Marketing Executive,Senior,High School,11,81250.0,6771,1.0,3,3,2,30.0,3,No,Yes,Frequently,2017-02-26,,No
EMP10410,30,Male,Married,Sales,Sales Representative,Mid,Master's,4,47590.0,3966,1.0,2,2,3,27.0,3,Yes,No,Occasionally,2014-06-23,,No
EMP10411,44,Female,Single,Research & Development,Research Scientist,Lead,Bachelor's,18,92239.0,7687,3.0,2,3,4,36.0,4,No,Yes,Never,2023-01-21,,No
EMP10412,34,Male,Married,Marketing,Marketing Analyst,Senior,Bachelor's,11,78869.0,6572,1.0,4,3,3,23.0,3,No,No,Frequently,2021-02-07,,No
EMP10413,36,Female,Single,Marketing,Marketing Executive,Senior,Master's,12,65392.0,5449,1.0,2,3,3,51.0,5,No,No,Never,2016-09-06,,No
EMP10414,30,Female,Married,Human Resources,HR Manager,Senior,Bachelor's,8,75588.0,6299,2.0,3,3,2,80.0,7,No,No,Frequently,2010-04-11,2016-01-05,Yes
EMP10415,41,Female,Married,Finance,Financial Analyst,Lead,Bachelor's,18,111223.0,9269,2.0,3,1,3,22.0,2,No,Yes,Never,2016-02-29,2020-02-19,Yes
EMP10416,37,Male,Single,Research & Development,Research Scientist,Lead,High School,15,103055.0,8588,3.0,2,2,3,67.0,2,Yes,No,Occasionally,2020-01-17,,No
EMP10417,32,Male,Married,Research & Development,Research Scientist,Senior,Master's,9,74086.0,6174,1.0,3,3,4,31.0,3,No,Yes,Occasionally,2019-12-09,,No
EMP10418,21,Other,Single,Research & Development,Research Scientist,Entry,PhD,0,42856.0,3571,3.0,4,3,3,31.0,2,No,No,Never,2012-02-05,,No
EMP10419,36,Male,Single,Finance,Financial Analyst,Senior,Master's,11,90957.0,7580,2.0,3,3,3,21.0,2,Yes,No,Occasionally,2019-04-28,,No
EMP10420,39,Male,Single,IT,IT Support,Senior,Master's,11,76577.0,6381,2.0,1,1,3,48.0,4,No,No,Occasionally,2019-10-07,,No
EMP10421,26,Female,Married,IT,IT Manager,Mid,High School,4,54837.0,4570,4.0,3,4,3,18.0,7,No,No,Never,2022-10-10,,No
EMP10422,32,Male,Divorced,IT,IT Manager,Entry,Bachelor's,2,35221.0,2935,4.0,1,3,3,33.0,2,Yes,No,Frequently,2023-03-30,2025-08-09,Yes
EMP10423,38,Male,Divorced,Sales,Sales Representative,Lead,Bachelor's,17,104780.0,8732,3.0,2,4,3,62.0,1,No,Yes,Frequently,2024-11-22,,No
EMP10424,21,Male,Married,Research & Development,Research Scientist,Entry,Bachelor's,0,31426.0,2619,2.0,4,3,3,70.0,2,No,Yes,Occasionally,2018-12-24,2024-10-10,Yes
EMP10425,29,Male,Married,Sales,Manager,Mid,Bachelor's,6,64020.0,5335,4.0,1,3,4,25.0,4,No,No,Occasionally,2023-07-05,,No
EMP10426,37,Male,Single,Human Resources,HR Executive,Mid,Bachelor's,7,50701.0,4225,3.0,1,3,3,37.0,1,Yes,No,Occasionally,2012-01-03,,No
EMP10427,43,Male,Married,Research & Development,Research Scientist,Lead,Bachelor's,18,97788.0,8149,3.0,3,3,3,39.0,2,Yes,No,Frequently,2013-11-07,,No
EMP10428,51,Male,Married,IT,Data Analyst,Lead,Bachelor's,25,107884.0,8990,3.0,4,3,3,,6,No,No,Frequently,2016-05-17,,No
EMP10429,50,Female,Single,Research & Development,Research Scientist,Lead,Master's,25,107614.0,8968,2.0,2,3,4,32.0,1,Yes,Yes,Occasionally,2020-10-01,,No
EMP10430,35,Female,Married,Sales,Manager,Mid,Master's,6,50200.0,4183,3.0,2,2,4,31.0,2,Yes,No,Occasionally,2012-02-18,,No
EMP10431,30,Female,Married,Sales,Manager,Senior,Bachelor's,12,78195.0,6516,3.0,3,3,3,51.0,1,Yes,Yes,Never,2013-10-04,,No
EMP10432,41,Male,Divorced,IT,Data Analyst,Lead,Master's,18,110291.0,9191,3.0,3,3,3,46.0,1,No,Yes,Occasionally,2017-12-10,2022-02-09,Yes
EMP10433,30,Female,Married,Finance,Financial Analyst,Mid,Master's,6,61074.0,5090,2.0,3,4,3,44.0,1,Yes,No,Never,2010-11-15,,No
EMP10434,28,Female,Divorced,Sales,Manager,Entry,Bachelor's,2,31382.0,2615,4.0,4,1,3,38.0,3,No,No,Frequently,2012-06-14,,No
EMP10435,32,Female,Single,Sales,Sales Executive,Mid,High School,7,43485.0,3624,2.0,2,1,3,66.0,2,Yes,No,Occasionally,2017-06-06,,No
EMP10436,31,Female,Single,IT,Software Engineer,Mid,High School,6,56572.0,4714,3.0,2,2,4,42.0,2,No,No,Occasionally,2016-06-14,,No
EMP10437,37,Male,Divorced,Sales,Sales Executive,Lead,Bachelor's,15,120480.0,10040,2.0,2,2,4,60.0,3,No,No,Occasionally,2012-09-23,,No
EMP10438,29,Female,Single,IT,Data Analyst,Senior,Master's,8,91654.0,7638,3.0,3,1,3,53.0,3,Yes,Yes,Occasionally,2023-07-16,,No
EMP10439,35,Female,Married,IT,Software Engineer,Senior,Master's,10,74868.0,6239,2.0,2,1,3,45.0,4,No,Yes,Never,2019-08-30,,No
EMP10440,47,Male,Married,Sales,Manager,Lead,PhD,22,117449.0,9787,3.0,4,2,3,58.0,5,Yes,Yes,Occasionally,2015-11-12,,No
EMP10441,35,Male,Divorced,Sales,Sales Executive,Senior,High School,8,76960.0,6413,2.0,4,1,3,36.0,2,No,Yes,Occasionally,2019-06-25,,No
EMP10442,46,Male,Single,Marketing,Marketing Manager,Lead,PhD,20,101581.0,8465,3.0,1,4,3,26.0,2,No,No,Frequently,2022-12-19,,No
EMP10443,44,Male,Single,Research & Development,Research Scientist,Lead,Bachelor's,22,103029.0,8586,2.0,4,1,3,41.0,7,Yes,No,Never,2013-06-06,,No
EMP10444,39,Female,Married,Research & Development,Research Director,Senior,Master's,14,76398.0,6366,4.0,2,4,2,69.0,2,No,No,Never,2014-03-01,,No
EMP10445,31,Female,Married,IT,IT Support,Senior,Bachelor's,9,90588.0,7549,4.0,3,4,3,46.0,3,No,No,Occasionally,2025-04-22,,No
EMP10446,42,Male,Single,Marketing,Marketing Executive,Lead,High School,15,106330.0,8861,3.0,4,2,4,33.0,5,No,No,Never,2011-08-08,,No
EMP10447,32,Male,Married,Marketing,Marketing Executive,Mid,Bachelor's,4,54334.0,4528,4.0,3,1,4,27.0,7,Yes,Yes,Occasionally,2015-11-01,,No
EMP10448,34,Female,Married,IT,IT Support,Senior,Master's,8,91479.0,7623,1.0,4,2,4,15.0,5,No,Yes,Occasionally,2020-06-16,,No
EMP10449,37,Male,Married,Research & Development,Laboratory Technician,Senior,Bachelor's,9,73206.0,6100,4.0,3,3,3,27.0,6,No,No,Never,2012-05-29,2022-06-12,Yes
EMP10450,34,Male,Single,Sales,Sales Executive,Senior,Bachelor's,11,78117.0,6510,1.0,4,3,3,47.0,4,No,Yes,Occasionally,2011-04-07,,No
EMP10451,28,Male,Married,IT,Data Analyst,Senior,Master's,10,86072.0,7173,3.0,4,2,3,38.0,4,Yes,No,Occasionally,2019-12-14,,No
EMP10452,22,Male,Divorced,Human Resources,HR Executive,Entry,Master's,0,32943.0,2745,2.0,2,2,2,46.0,5,Yes,No,Occasionally,2023-03-21,,No
EMP10453,42,Male,Married,Research & Development,Research Scientist,Lead,High School,19,108493.0,9041,4.0,4,3,3,26.0,3,No,Yes,Occasionally,2011-09-03,,No
EMP10454,39,Female,Single,Marketing,Marketing Executive,Senior,Master's,13,71162.0,5930,3.0,4,2,3,60.0,1,Yes,No,Never,2015-04-10,,No
EMP10455,21,Male,Divorced,Sales,Sales Executive,Entry,Bachelor's,0,38860.0,3238,3.0,3,4,3,56.0,8,No,No,Never,2017-05-27,,No
EMP10456,28,Male,Married,Research & Development,Laboratory Technician,Mid,Bachelor's,5,48123.0,4010,4.0,3,3,4,32.0,3,No,No,Occasionally,2021-11-09,,No
EMP10457,35,Female,Married,Sales,Sales Executive,Senior,Bachelor's,12,79183.0,6599,3.0,4,2,3,17.0,7,No,No,Frequently,2013-08-29,,No
EMP10458,38,Female,Single,Research & Development,Research Director,Senior,Bachelor's,9,77473.0,6456,3.0,4,2,3,47.0,1,No,No,Occasionally,2012-08-18,,No
EMP10459,22,Male,Married,Sales,Manager,Entry,Bachelor's,0,27194.0,2266,1.0,1,3,3,7.0,2,No,No,Occasionally,2013-10-17,,No
EMP10460,33,Female,Divorced,Sales,Sales Representative,Senior,Bachelor's,8,87357.0,7280,4.0,3,3,3,18.0,5,No,No,Never,2023-11-03,,No
EMP10461,38,Female,Married,Sales,Sales Executive,Senior,Bachelor's,11,88016.0,7335,4.0,4,2,3,35.0,2,Yes,No,Never,2016-04-14,,No
EMP10462,31,Female,Single,Finance,Finance Manager,Senior,Master's,9,73554.0,6130,4.0,2,2,3,26.0,2,Yes,Yes,Frequently,2023-12-29,,No
EMP10463,36,Female,Single,IT,Data Analyst,Senior,Master's,10,88595.0,7383,2.0,4,2,3,65.0,1,No,Yes,Frequently,2021-12-07,,No
EMP10464,30,Female,Single,Finance,Financial Analyst,Senior,Bachelor's,11,79142.0,6595,2.0,3,3,4,36.0,6,Yes,Yes,Never,2018-12-13,,No
EMP10465,41,Male,Single,Marketing,Marketing Manager,Lead,Bachelor's,21,100283.0,8357,2.0,2,2,3,51.0,2,Yes,Yes,Frequently,2020-10-05,,No
EMP10466,28,Female,Married,Research & Development,Research Director,Mid,Master's,7,54580.0,4548,2.0,1,3,3,5.0,2,Yes,No,Never,2017-06-24,,No
EMP10467,25,Female,Single,Research & Development,Laboratory Technician,Mid,Master's,3,57837.0,4820,2.0,3,2,3,10.0,4,No,No,Frequently,2022-11-27,,No
EMP10468,34,Male,Single,IT,Software Engineer,Senior,Bachelor's,12,84128.0,7011,3.0,2,3,3,30.0,6,No,No,Frequently,2011-04-28,,No
EMP10469,23,Male,Married,Research & Development,Research Scientist,Entry,Bachelor's,0,29456.0,2455,4.0,3,3,3,46.0,2,No,No,Never,2016-03-05,,No
EMP10470,21,Female,Married,Marketing,Marketing Manager,Entry,Bachelor's,0,41306.0,3442,4.0,3,3,3,19.0,2,No,No,Never,2021-08-02,,No
EMP10471,43,Female,Married,Sales,Manager,Lead,Master's,21,114558.0,9546,1.0,3,3,2,49.0,5,No,No,Frequently,2021-02-03,,No
EMP10472,26,Male,Married,Marketing,Marketing Manager,Entry,Bachelor's,2,27220.0,2268,2.0,2,3,4,66.0,1,No,No,Occasionally,2025-01-22,,No
EMP10473,23,Male,Divorced,Sales,Sales Executive,Entry,Master's,0,32636.0,2720,2.0,3,4,2,28.0,1,No,No,Occasionally,2021-10-28,,No
EMP10474,28,Female,Single,IT,Data Analyst,Mid,Master's,3,47947.0,3996,2.0,3,3,2,42.0,2,No,No,Occasionally,2018-06-19,,No
EMP10475,27,Male,Married,Human Resources,HR Specialist,Entry,Bachelor's,0,37847.0,3154,3.0,2,3,3,37.0,1,No,No,Occasionally,2014-01-20,,No
EMP10476,33,Female,Single,Marketing,Marketing Executive,Senior,Bachelor's,8,85293.0,7108,2.0,3,2,3,34.0,1,Yes,No,Never,2021-12-30,,No
EMP10477,25,Male,Single,Sales,Sales Representative,Mid,Master's,5,54727.0,4561,4.0,3,1,3,48.0,2,No,No,Occasionally,2019-04-28,,No
EMP10478,38,Male,Married,Human Resources,HR Manager,Lead,Bachelor's,20,97752.0,8146,3.0,2,3,3,42.0,6,No,No,Frequently,2015-07-18,,No
EMP10479,39,Female,Married,Marketing,Marketing Analyst,Lead,Bachelor's,15,116307.0,9692,3.0,4,2,2,39.0,3,No,Yes,Frequently,2025-03-27,,No
EMP10480,24,Male,Single,Human Resources,HR Specialist,Mid,Master's,4,66213.0,5518,3.0,3,4,3,45.0,2,No,No,Occasionally,2023-06-11,2024-05-14,Yes
EMP10481,29,Male,Single,Finance,Accountant,Mid,Master's,3,52977.0,4415,3.0,2,2,2,58.0,1,Yes,No,Never,2023-05-20,,No
EMP10482,30,Male,Married,Finance,Finance Manager,Senior,Bachelor's,10,83118.0,6926,3.0,2,3,3,53.0,5,No,Yes,Frequently,2022-02-15,,No
EMP10483,33,Male,Married,Research & Development,Research Scientist,Senior,Bachelor's,14,81717.0,6810,4.0,3,3,3,10.0,2,Yes,No,Never,2015-12-03,,No
EMP10484,43,Female,Married,Finance,Finance Manager,Lead,Master's,21,114512.0,9543,3.0,1,4,3,26.0,1,Yes,No,Occasionally,2018-06-15,,No
EMP10485,43,Male,Married,Finance,Financial Analyst,Lead,PhD,19,109337.0,9111,4.0,1,2,3,53.0,3,No,No,Occasionally,2024-12-10,,No
EMP10486,54,Male,Divorced,Marketing,Marketing Executive,Lead,Master's,30,117585.0,9799,2.0,1,4,3,88.0,1,Yes,No,Occasionally,2021-08-10,,No
EMP10487,21,Male,Single,Sales,Sales Executive,Mid,PhD,4,41043.0,3420,2.0,3,4,4,30.0,2,No,No,Frequently,2017-11-21,,No
EMP10488,27,Male,Single,Research & Development,Laboratory Technician,Entry,Bachelor's,1,24000.0,2000,4.0,2,4,4,15.0,2,Yes,Yes,Occasionally,2017-03-18,,No
EMP10489,49,Female,Single,Marketing,Marketing Analyst,Lead,Bachelor's,22,104890.0,8741,2.0,4,4,4,83.0,3,Yes,No,Never,2024-01-21,,No
EMP10490,21,Male,Married,IT,Software Engineer,Entry,Bachelor's,0,51205.0,4267,3.0,3,4,2,65.0,2,Yes,Yes,Frequently,2018-06-20,,No
EMP10491,48,Female,Single,Research & Development,Research Scientist,Lead,High School,26,113118.0,9426,3.0,3,3,2,64.0,5,Yes,No,Occasionally,2020-10-07,,No
EMP10492,35,Male,Divorced,Finance,Accountant,Senior,Bachelor's,12,69547.0,5796,2.0,3,4,3,44.0,5,Yes,Yes,Occasionally,2024-04-07,,No
EMP10493,35,Male,Married,Research & Development,Research Director,Senior,Bachelor's,9,95904.0,7992,3.0,3,3,3,41.0,4,No,Yes,Never,2019-12-12,,No
EMP10494,24,Female,Single,Sales,Sales Executive,Mid,Master's,3,55880.0,4657,4.0,3,3,3,39.0,2,Yes,Yes,Occasionally,2018-01-26,,No
EMP10495,30,Female,Single,Research & Development,Research Director,Mid,Master's,7,43934.0,3661,4.0,3,3,3,56.0,1,No,Yes,Occasionally,2012-11-11,2024-01-04,Yes
EMP10496,48,Female,Married,Research & Development,Laboratory Technician,Lead,Bachelor's,27,104355.0,8696,3.0,3,4,3,65.0,1,No,Yes,Never,2014-08-25,2026-05-22,Yes
EMP10497,34,Male,Single,Finance,Financial Analyst,Mid,Bachelor's,6,62770.0,5231,3.0,3,2,2,45.0,2,No,No,Never,2011-02-14,,No
EMP10498,30,Male,Divorced,Sales,Manager,Senior,Bachelor's,10,84767.0,7064,4.0,4,4,3,56.0,2,No,Yes,Never,2018-11-02,,No
EMP10499,37,Female,Married,Marketing,Marketing Manager,Senior,Bachelor's,13,75538.0,6295,3.0,3,2,3,67.0,3,No,Yes,Frequently,2012-07-03,2014-01-29,Yes
EMP10500,32,Male,Single,Marketing,Marketing Manager,Mid,Master's,5,55655.0,4638,2.0,3,3,2,59.0,5,Yes,No,Never,2013-03-28,,No
EMP10501,37,Female,Married,Finance,Accountant,Senior,Bachelor's,13,79127.0,6594,2.0,2,1,3,52.0,3,No,No,Frequently,2017-09-30,,No
EMP10502,27,Female,Single,Human Resources,HR Specialist,Senior,Bachelor's,8,75539.0,6295,3.0,3,3,3,29.0,4,No,No,Occasionally,2010-03-28,,No
EMP10503,33,Female,Married,Research & Development,Research Director,Senior,Bachelor's,9,81074.0,6756,1.0,2,4,3,30.0,2,No,Yes,Occasionally,2011-02-11,,No
EMP10504,29,Female,Single,IT,IT Support,Senior,Master's,8,93085.0,7757,1.0,4,3,3,11.0,7,No,Yes,Never,2023-03-10,2024-06-25,Yes
EMP10505,21,Male,Married,Finance,Accountant,Entry,Master's,0,28038.0,2336,4.0,3,3,4,49.0,4,No,No,Never,2022-08-21,,No
EMP10506,38,Female,Married,Sales,Manager,Senior,Master's,14,74370.0,6198,3.0,1,2,2,44.0,8,No,No,Never,2015-08-20,,No
EMP10507,24,Male,Married,Marketing,Marketing Manager,Mid,Bachelor's,7,47786.0,3982,4.0,1,4,3,65.0,3,No,Yes,Never,2021-03-02,,No
EMP10508,33,Male,Married,IT,Data Analyst,Senior,Bachelor's,9,75944.0,6329,3.0,2,4,3,50.0,6,Yes,No,Occasionally,2016-05-14,,No
EMP10509,41,Male,Single,Marketing,Marketing Manager,Lead,Bachelor's,15,97587.0,8132,3.0,1,3,3,36.0,2,Yes,Yes,Never,2018-10-10,,No
EMP10510,22,Male,Married,IT,IT Support,Entry,Bachelor's,0,39175.0,3265,1.0,4,3,2,33.0,5,Yes,No,Occasionally,2015-06-10,,No
EMP10511,39,Female,Married,Finance,Finance Manager,Senior,Bachelor's,13,72492.0,6041,4.0,4,3,3,48.0,5,Yes,Yes,Occasionally,2014-01-20,,No
EMP10512,32,Female,Married,Research & Development,Laboratory Technician,Mid,Bachelor's,7,44255.0,3688,1.0,4,3,4,47.0,5,Yes,Yes,Occasionally,2024-07-22,2025-01-02,Yes
EMP10513,26,Female,Divorced,Marketing,Marketing Manager,Mid,Bachelor's,5,50745.0,4229,3.0,3,2,4,75.0,2,Yes,No,Never,2022-10-08,2023-07-19,Yes
EMP10514,50,Male,Single,IT,Data Analyst,Lead,Bachelor's,27,105144.0,8762,1.0,3,4,3,40.0,1,Yes,No,Never,2010-10-03,,No
EMP10515,34,Female,Married,Sales,Sales Representative,Senior,High School,13,79560.0,6630,2.0,4,4,3,51.0,4,No,No,Occasionally,2011-04-22,,No
EMP10516,29,Female,Married,Sales,Sales Executive,Senior,Master's,8,72646.0,6054,2.0,4,2,3,71.0,4,No,Yes,Occasionally,2016-02-24,,No
EMP10517,28,Female,Married,Research & Development,Research Scientist,Mid,PhD,3,43638.0,3636,3.0,4,4,3,39.0,4,Yes,No,Never,2016-12-06,,No
EMP10518,41,Female,Married,IT,IT Manager,Lead,Master's,15,128280.0,10690,4.0,4,1,3,36.0,5,Yes,Yes,Frequently,2024-07-10,,No
EMP10519,29,Female,Single,Marketing,Marketing Manager,Senior,High School,12,61071.0,5089,3.0,3,3,3,18.0,2,Yes,No,Occasionally,2025-06-23,,No
EMP10520,40,Male,Married,Sales,Sales Representative,Lead,Bachelor's,18,110994.0,9250,3.0,1,3,3,36.0,2,No,No,Occasionally,2024-01-24,,No
EMP10521,34,Female,Single,Finance,Financial Analyst,Senior,Master's,10,82423.0,6869,4.0,3,1,3,49.0,1,Yes,No,Occasionally,2021-06-06,,No
EMP10522,43,Female,Married,Research & Development,Research Director,Lead,Bachelor's,18,101607.0,8467,3.0,3,2,4,67.0,1,No,No,Never,2010-01-27,,No
EMP10523,26,Female,Married,Marketing,Marketing Executive,Mid,Master's,4,45646.0,3804,4.0,3,2,3,17.0,3,No,No,Occasionally,2020-04-08,,No
EMP10524,27,Male,Single,IT,IT Manager,Mid,Bachelor's,3,71099.0,5925,3.0,4,3,3,26.0,4,Yes,No,Occasionally,2023-04-05,,No
EMP10525,32,Female,Married,IT,IT Manager,Mid,Master's,7,73867.0,6156,4.0,4,4,4,8.0,2,Yes,Yes,Never,2016-11-28,,No
EMP10526,32,Male,Single,Research & Development,Research Scientist,Mid,Master's,7,49950.0,4162,3.0,3,3,3,74.0,3,No,Yes,Occasionally,2011-01-06,2014-08-21,Yes
EMP10527,31,Female,Married,Research & Development,Laboratory Technician,Senior,Master's,9,72932.0,6078,2.0,1,3,3,45.0,6,No,Yes,Occasionally,2016-08-13,,No
EMP10528,55,Female,Married,Research & Development,Laboratory Technician,Lead,Master's,30,112901.0,9408,1.0,3,3,2,34.0,2,Yes,Yes,Frequently,2025-12-17,,No
EMP10529,51,Male,Married,Sales,Sales Executive,Lead,Bachelor's,20,103278.0,8606,2.0,2,3,4,10.0,2,Yes,No,Never,2021-03-10,,No
EMP10530,36,Male,Divorced,IT,IT Manager,Lead,High School,17,116084.0,9674,2.0,2,4,3,42.0,4,No,No,Occasionally,2023-02-26,,No
EMP10531,37,Female,Married,IT,Software Engineer,Senior,Bachelor's,14,86906.0,7242,4.0,3,3,2,35.0,2,Yes,Yes,Occasionally,2015-08-23,,No
EMP10532,32,Female,Single,Marketing,Marketing Analyst,Senior,Bachelor's,9,76261.0,6355,3.0,1,2,4,10.0,4,Yes,Yes,Frequently,2022-11-19,,No
EMP10533,26,Female,Married,Marketing,Marketing Manager,Mid,High School,5,53156.0,4430,4.0,1,2,3,37.0,2,No,Yes,Occasionally,2015-01-16,,No
EMP10534,33,Male,Single,Human Resources,HR Specialist,Lead,Bachelor's,16,107587.0,8966,3.0,3,4,2,64.0,5,No,No,Never,2014-08-01,2025-08-24,Yes
EMP10535,40,Female,Married,IT,IT Manager,Lead,Master's,18,104380.0,8698,3.0,4,1,3,37.0,1,Yes,No,Occasionally,2018-09-11,,No
EMP10536,44,Male,Divorced,Marketing,Marketing Executive,Lead,High School,20,100242.0,8354,2.0,1,4,3,63.0,3,No,No,Frequently,2016-01-29,2020-09-23,Yes
EMP10537,42,Female,Married,IT,IT Support,Senior,Bachelor's,14,84580.0,7048,3.0,4,2,3,70.0,4,Yes,No,Occasionally,2019-11-21,,No
EMP10538,22,Male,Single,Research & Development,Research Scientist,Entry,Bachelor's,0,28820.0,2402,3.0,3,3,3,37.0,3,Yes,No,Never,2024-10-25,2025-04-14,Yes
EMP10539,32,Female,Single,Research & Development,Research Director,Senior,Bachelor's,11,95441.0,7953,4.0,2,2,3,40.0,1,Yes,Yes,Never,2015-08-02,,No
EMP10540,22,Male,Single,Sales,Sales Executive,Entry,Bachelor's,0,32928.0,2744,3.0,3,4,3,51.0,3,No,Yes,Never,2021-01-06,,No
EMP10541,43,Other,Married,Marketing,Marketing Manager,Lead,PhD,26,92833.0,7736,3.0,4,3,2,60.0,3,No,No,Occasionally,2014-06-16,,No
EMP10542,31,Female,Single,Finance,Finance Manager,Entry,Bachelor's,1,24000.0,2000,2.0,3,2,2,68.0,3,No,No,Never,2018-12-21,,No
EMP10543,34,Female,Married,Research & Development,Research Scientist,Senior,Bachelor's,8,81747.0,6812,3.0,3,2,4,69.0,1,Yes,No,Frequently,2022-09-18,,No
EMP10544,38,Male,Single,Finance,Finance Manager,Senior,High School,11,80989.0,6749,4.0,4,3,3,29.0,3,No,No,Occasionally,2010-05-09,2024-07-27,Yes
EMP10545,56,Female,Divorced,Finance,Accountant,Lead,Bachelor's,33,119085.0,9924,3.0,4,4,3,68.0,4,No,No,Occasionally,2018-01-31,2022-09-27,Yes
EMP10546,36,Male,Married,Research & Development,Research Scientist,Senior,Master's,14,71492.0,5958,1.0,1,3,4,51.0,1,Yes,Yes,Occasionally,2022-07-29,,No
EMP10547,32,Male,Divorced,Sales,Sales Representative,Senior,Bachelor's,11,75156.0,6263,2.0,3,4,4,33.0,1,Yes,Yes,Occasionally,2021-02-03,2026-09-03,Yes
EMP10548,24,Female,Single,Finance,Financial Analyst,Mid,Bachelor's,4,57954.0,4830,3.0,4,1,3,21.0,7,Yes,No,Occasionally,2016-08-07,,No
EMP10549,46,Female,Married,Human Resources,HR Manager,Lead,High School,15,103915.0,8660,3.0,3,3,3,28.0,3,Yes,No,Occasionally,2010-07-14,,No
EMP10550,33,Male,Single,IT,IT Support,Senior,PhD,9,81336.0,6778,2.0,4,4,3,49.0,2,No,No,Never,2020-10-29,,No
EMP10551,47,Male,Single,Human Resources,HR Manager,Lead,High School,25,110079.0,9173,4.0,3,4,3,33.0,2,Yes,Yes,Occasionally,2022-09-14,,No
EMP10552,43,Female,Married,IT,Software Engineer,Lead,Master's,20,106164.0,8847,2.0,2,2,4,49.0,1,Yes,No,Never,2014-07-13,2024-06-21,Yes
EMP10553,30,Female,Married,Human Resources,HR Specialist,Entry,Bachelor's,2,35750.0,2979,1.0,3,3,3,22.0,3,No,No,Occasionally,2022-04-03,2025-11-05,Yes
EMP10554,23,Male,Single,Human Resources,HR Specialist,Entry,Bachelor's,0,44800.0,3733,3.0,3,3,4,28.0,3,No,Yes,Never,2012-09-21,2013-12-27,Yes
EMP10555,36,Female,Single,IT,Software Engineer,Senior,Master's,14,94586.0,7882,3.0,4,3,4,40.0,2,No,No,Never,2014-05-25,,No
EMP10556,29,Female,Single,Research & Development,Research Scientist,Mid,Bachelor's,5,39359.0,3280,4.0,4,1,3,39.0,4,Yes,No,Occasionally,2013-08-30,2019-05-14,Yes
EMP10557,34,Male,Married,Sales,Sales Representative,Senior,Bachelor's,12,72572.0,6048,2.0,4,1,4,19.0,4,Yes,Yes,Never,2025-03-18,,No
EMP10558,42,Male,Divorced,Sales,Sales Representative,Lead,Bachelor's,15,107034.0,8920,1.0,4,4,3,31.0,4,No,No,Never,2010-07-17,,No
EMP10559,21,Female,Single,IT,Data Analyst,Entry,High School,0,47945.0,3995,1.0,2,2,3,11.0,1,No,No,Never,2013-09-30,,No
EMP10560,36,Female,Single,Finance,Accountant,Lead,Master's,16,110469.0,9206,1.0,4,3,4,43.0,4,Yes,Yes,Never,2016-05-20,,No
EMP10561,40,Female,Divorced,IT,Software Engineer,Senior,High School,14,91958.0,7663,4.0,2,4,3,69.0,5,Yes,Yes,Occasionally,2021-11-05,2022-04-20,Yes
EMP10562,40,Male,Single,Sales,Sales Executive,Lead,Master's,18,100314.0,8360,2.0,2,3,2,28.0,1,Yes,No,Never,2025-12-12,,No
EMP10563,23,Male,Married,Sales,Manager,Entry,Bachelor's,0,34309.0,2859,4.0,3,4,4,,6,No,No,Occasionally,2011-11-11,,No
EMP10564,37,Male,Single,Sales,Sales Representative,Lead,Bachelor's,17,107485.0,8957,3.0,3,1,2,60.0,1,No,No,Occasionally,2016-11-16,,No
EMP10565,44,Female,Married,Research & Development,Research Director,Senior,Master's,12,85193.0,7099,3.0,4,3,3,21.0,7,No,Yes,Occasionally,2012-07-04,2015-06-25,Yes
EMP10566,37,Male,Married,Finance,Financial Analyst,Lead,Bachelor's,16,115360.0,9613,4.0,3,1,3,60.0,2,No,No,Frequently,2025-08-29,,No
EMP10567,33,Male,Married,Research & Development,Research Scientist,Senior,Bachelor's,12,80830.0,6736,2.0,4,1,2,20.0,4,No,No,Frequently,2020-03-10,,No
EMP10568,43,Male,Single,Research & Development,Research Director,Lead,Bachelor's,21,110945.0,9245,2.0,1,2,4,36.0,2,No,No,Occasionally,2021-06-03,,No
EMP10569,28,Male,Single,Marketing,Marketing Analyst,Senior,Bachelor's,9,67533.0,5628,3.0,4,3,3,38.0,3,No,No,Never,2014-01-09,,No
EMP10570,22,Male,Single,Research & Development,Laboratory Technician,Entry,Master's,0,30800.0,2567,2.0,3,3,4,55.0,3,No,No,Occasionally,2015-01-26,2025-09-21,Yes
EMP10571,32,Male,Married,Human Resources,HR Specialist,Senior,Bachelor's,9,68966.0,5747,4.0,3,3,4,76.0,4,No,No,Never,2025-09-01,,No
EMP10572,38,Female,Married,IT,IT Manager,Senior,Bachelor's,12,78428.0,6536,4.0,3,1,3,36.0,5,No,No,Occasionally,2015-10-26,,No
EMP10573,42,Male,Married,Research & Development,Laboratory Technician,Lead,Master's,22,103784.0,8649,4.0,4,3,3,42.0,4,Yes,No,Occasionally,2013-10-05,,No
EMP10574,38,Female,Single,Finance,Finance Manager,Senior,High School,12,64205.0,5350,4.0,3,1,3,11.0,1,No,No,Never,2025-01-12,2026-02-02,Yes
EMP10575,41,Male,Married,IT,IT Support,Senior,Bachelor's,14,82036.0,6836,3.0,3,2,3,41.0,2,No,No,Occasionally,2010-11-19,,No
EMP10576,42,Male,Single,Marketing,Marketing Executive,Lead,Bachelor's,19,99520.0,8293,3.0,3,3,3,63.0,2,Yes,Yes,Occasionally,2018-11-26,2026-09-29,Yes
EMP10577,31,Male,Married,Sales,Sales Representative,Senior,Master's,11,68607.0,5717,1.0,2,3,4,,5,Yes,No,Occasionally,2013-12-13,,No
EMP10578,33,Male,Married,Marketing,Marketing Analyst,Senior,PhD,13,76671.0,6389,3.0,1,3,3,36.0,3,No,No,Occasionally,2022-03-22,,No
EMP10579,44,Male,Single,Research & Development,Laboratory Technician,Lead,Master's,21,102279.0,8523,2.0,3,3,4,55.0,6,No,No,Occasionally,2014-09-22,,No
EMP10580,24,Female,Single,Research & Development,Research Director,Mid,Bachelor's,6,54391.0,4533,4.0,4,2,3,63.0,7,Yes,Yes,Never,2012-01-24,2022-03-07,Yes
EMP10581,37,Male,Single,Research & Development,Laboratory Technician,Senior,Master's,14,71458.0,5955,4.0,3,4,3,16.0,4,No,Yes,Never,2011-06-25,,No
EMP10582,28,Male,Married,Marketing,Marketing Manager,Entry,Bachelor's,2,30771.0,2564,2.0,4,3,2,68.0,6,No,Yes,Occasionally,2025-10-30,,No
EMP10583,43,Female,Married,Research & Development,Laboratory Technician,Lead,Bachelor's,15,122211.0,10184,1.0,3,1,3,27.0,1,Yes,No,Occasionally,2024-12-09,,No
EMP10584,34,Male,Married,Research & Development,Laboratory Technician,Senior,PhD,12,80362.0,6697,3.0,4,3,4,47.0,4,Yes,Yes,Never,2022-01-22,,No
EMP10585,34,Female,Married,Finance,Financial Analyst,Senior,High School,11,74077.0,6173,3.0,3,3,3,19.0,7,Yes,Yes,Occasionally,2016-03-16,,No
EMP10586,48,Male,Married,Research & Development,Laboratory Technician,Lead,Bachelor's,25,113676.0,9473,3.0,1,3,4,35.0,6,No,No,Frequently,2017-10-08,,No
EMP10587,25,Male,Married,Sales,Sales Representative,Entry,Master's,0,42839.0,3570,3.0,4,4,4,12.0,1,No,Yes,Frequently,2023-06-14,,No
EMP10588,36,Female,Married,Sales,Sales Executive,Lead,Master's,19,109191.0,9099,4.0,3,4,2,47.0,5,Yes,Yes,Occasionally,2011-01-26,,No
EMP10589,33,Other,Single,Sales,Manager,Senior,High School,9,70526.0,5877,2.0,3,4,3,70.0,4,Yes,No,Occasionally,2015-09-25,,No
EMP10590,38,Male,Single,Sales,Manager,Senior,High School,14,83231.0,6936,3.0,2,3,3,43.0,2,No,No,Occasionally,2015-08-26,,No
EMP10591,49,Male,Married,Sales,Sales Representative,Lead,Bachelor's,27,100959.0,8413,3.0,2,3,3,16.0,4,Yes,Yes,Occasionally,2014-09-17,,No
EMP10592,29,Male,Married,Finance,Finance Manager,Mid,Bachelor's,4,65456.0,5455,2.0,3,1,2,36.0,4,No,Yes,Never,2011-07-02,,No
EMP10593,24,Male,Divorced,Sales,Sales Representative,Mid,Bachelor's,4,50314.0,4193,3.0,3,4,3,46.0,5,No,Yes,Occasionally,2012-12-10,,No
EMP10594,28,Female,Single,Research & Development,Research Scientist,Mid,Bachelor's,5,50043.0,4170,4.0,3,1,4,39.0,2,No,No,Never,2021-08-16,,No
EMP10595,32,Male,Single,IT,Software Engineer,Senior,PhD,9,86668.0,7222,4.0,3,3,3,54.0,1,No,No,Occasionally,2014-02-20,,No
EMP10596,35,Female,Single,Research & Development,Laboratory Technician,Senior,Bachelor's,11,85872.0,7156,3.0,3,1,3,78.0,2,Yes,No,Occasionally,2022-05-14,,No
EMP10597,35,Male,Single,Finance,Financial Analyst,Senior,Bachelor's,10,96578.0,8048,4.0,2,2,3,41.0,4,Yes,No,Occasionally,2013-07-06,,No
EMP10598,48,Female,Married,Sales,Sales Executive,Lead,Bachelor's,21,105189.0,8766,2.0,3,2,3,40.0,3,No,No,Occasionally,2011-09-17,,No
EMP10599,47,Male,Divorced,Sales,Sales Representative,Lead,Bachelor's,26,102132.0,8511,4.0,3,2,3,29.0,4,No,No,Occasionally,2020-05-27,,No
EMP10600,44,Female,Married,Sales,Sales Representative,Lead,Bachelor's,19,99255.0,8271,1.0,1,1,2,61.0,2,Yes,Yes,Occasionally,2023-08-22,,No
EMP10601,54,Male,Married,Sales,Sales Executive,Lead,Master's,34,94627.0,7886,3.0,2,2,4,76.0,3,No,Yes,Never,2010-06-11,2023-01-07,Yes
EMP10602,41,Female,Married,Research & Development,Research Director,Lead,Master's,18,97958.0,8163,2.0,1,3,3,39.0,2,No,No,Occasionally,2011-06-07,2025-09-18,Yes
EMP10603,43,Female,Single,Sales,Manager,Lead,Bachelor's,17,106649.0,8887,4.0,4,3,4,47.0,3,Yes,Yes,Occasionally,2013-05-15,,No
EMP10604,40,Male,Married,Sales,Sales Representative,Lead,Master's,21,112383.0,9365,2.0,3,3,3,45.0,5,No,No,Occasionally,2016-05-06,,No
EMP10605,39,Female,Married,Sales,Sales Representative,Lead,Bachelor's,21,98674.0,8223,1.0,3,3,3,28.0,3,Yes,Yes,Frequently,2018-05-11,,No
EMP10606,37,Female,Single,Research & Development,Research Director,Senior,Bachelor's,12,81510.0,6792,3.0,3,4,4,55.0,5,No,No,Occasionally,2016-07-12,2018-04-07,Yes
EMP10607,31,Female,Married,Sales,Sales Executive,Entry,High School,1,25967.0,2164,1.0,4,3,3,41.0,3,Yes,No,Occasionally,2013-12-06,,No
EMP10608,24,Male,Married,Research & Development,Research Director,Entry,Master's,0,26818.0,2235,2.0,3,1,2,46.0,1,Yes,No,Never,2018-09-09,,No
EMP10609,33,Female,Single,Human Resources,HR Manager,Mid,High School,6,44513.0,3709,3.0,2,2,3,59.0,5,Yes,No,Never,2018-05-27,,No
EMP10610,39,Female,Single,Finance,Finance Manager,Senior,Bachelor's,14,89323.0,7444,2.0,3,3,4,36.0,4,No,No,Occasionally,2017-03-04,,No
EMP10611,35,Male,Married,Sales,Manager,Senior,Master's,10,87245.0,7270,2.0,4,4,2,44.0,4,Yes,No,Never,2011-06-30,,No
EMP10612,25,Male,Single,IT,Data Analyst,Entry,High School,2,33896.0,2825,2.0,3,1,3,29.0,2,No,No,Never,2018-12-31,2024-09-27,Yes
EMP10613,33,Female,Single,Finance,Accountant,Senior,Bachelor's,9,74336.0,6195,2.0,2,3,3,22.0,5,No,No,Occasionally,2021-02-15,,No
EMP10614,32,Male,Married,Sales,Sales Executive,Senior,High School,13,80358.0,6696,3.0,4,1,3,44.0,4,No,No,Never,2017-08-26,,No
EMP10615,34,Male,Married,IT,IT Manager,Senior,Master's,13,95096.0,7925,3.0,4,3,3,46.0,5,No,No,Occasionally,2013-08-28,,No
EMP10616,38,Male,Married,Marketing,Marketing Executive,Lead,Bachelor's,17,116297.0,9691,3.0,4,4,3,59.0,5,Yes,No,Occasionally,2012-10-30,,No
EMP10617,40,Female,Divorced,Sales,Sales Executive,Lead,Bachelor's,21,102305.0,8525,2.0,2,3,3,28.0,2,Yes,No,Occasionally,2021-10-21,,No
EMP10618,30,Female,Married,Research & Development,Research Scientist,Mid,Master's,5,50715.0,4226,3.0,2,3,2,23.0,1,No,No,Occasionally,2012-04-23,,No
EMP10619,42,Female,Married,IT,IT Support,Lead,Bachelor's,21,103379.0,8615,3.0,3,4,3,74.0,4,No,Yes,Occasionally,2013-12-03,,No
EMP10620,43,Female,Married,IT,Data Analyst,Lead,High School,29,109226.0,9102,2.0,4,1,3,44.0,1,Yes,No,Never,2025-01-22,2026-04-02,Yes
EMP10621,37,Male,Married,Sales,Sales Representative,Senior,Master's,13,76676.0,6390,2.0,3,3,4,17.0,4,No,No,Occasionally,2013-05-25,,No
EMP10622,39,Male,Single,Sales,Sales Executive,Senior,Master's,13,66552.0,5546,2.0,4,3,3,41.0,6,Yes,Yes,Occasionally,2014-12-29,,No
EMP10623,42,Male,Single,Research & Development,Research Scientist,Lead,PhD,21,101185.0,8432,2.0,4,4,2,30.0,1,No,Yes,Never,2021-07-03,,No
EMP10624,25,Male,Married,Research & Development,Research Director,Entry,Bachelor's,0,33556.0,2796,2.0,4,4,3,48.0,3,Yes,No,Occasionally,2018-10-31,,No
EMP10625,42,Male,Married,Finance,Finance Manager,Lead,Bachelor's,20,98360.0,8197,1.0,2,2,4,34.0,1,No,No,Occasionally,2018-08-06,,No
EMP10626,28,Female,Divorced,Research & Development,Research Scientist,Mid,Master's,3,55283.0,4607,3.0,2,4,3,64.0,4,No,No,Never,2019-08-30,,No
EMP10627,28,Female,Married,Research & Development,Laboratory Technician,Mid,Master's,5,59143.0,4929,3.0,3,2,3,19.0,3,No,No,Occasionally,2014-02-24,2014-04-30,Yes
EMP10628,36,Female,Divorced,IT,Data Analyst,Lead,Bachelor's,16,115990.0,9666,4.0,2,1,3,65.0,5,No,No,Frequently,2022-11-11,,No
EMP10629,21,Other,Single,Sales,Sales Representative,Entry,Bachelor's,0,28522.0,2377,3.0,2,3,3,55.0,1,Yes,No,Never,2012-10-31,,No
EMP10630,35,Female,Married,Research & Development,Research Scientist,Senior,Bachelor's,11,84204.0,7017,3.0,3,3,3,48.0,1,No,No,Never,2016-10-20,,No
EMP10631,42,Female,Divorced,IT,IT Manager,Lead,Bachelor's,18,121712.0,10143,2.0,1,3,3,61.0,4,No,No,Occasionally,2014-06-26,,No
EMP10632,21,Male,Single,IT,Data Analyst,Entry,Master's,0,,3435,2.0,3,3,3,64.0,3,No,No,Frequently,2017-10-18,,No
EMP10633,43,Male,Single,Human Resources,HR Manager,Lead,Bachelor's,23,106043.0,8837,3.0,4,3,3,42.0,1,No,Yes,Occasionally,2022-05-07,,No
EMP10634,28,Male,Single,Human Resources,HR Manager,Mid,Bachelor's,3,47662.0,3972,3.0,1,4,4,71.0,3,Yes,No,Frequently,2021-11-05,,No
EMP10635,36,Male,Married,Sales,Sales Executive,Senior,Bachelor's,12,73153.0,6096,3.0,1,4,3,53.0,3,No,No,Occasionally,2025-06-13,,No
EMP10636,30,Male,Single,Research & Development,Research Director,Entry,Bachelor's,2,39505.0,3292,4.0,2,3,3,32.0,4,No,No,Occasionally,2020-10-01,,No
EMP10637,39,Female,Married,Human Resources,HR Executive,Senior,Bachelor's,12,88946.0,7412,2.0,2,2,4,18.0,4,Yes,No,Frequently,2016-09-14,,No
EMP10638,42,Male,Single,Research & Development,Laboratory Technician,Lead,Master's,17,102095.0,8508,2.0,3,4,3,61.0,2,No,No,Frequently,2020-10-10,,No
EMP10639,39,Male,Married,Research & Development,Laboratory Technician,Lead,Bachelor's,18,103801.0,8650,3.0,3,3,4,42.0,1,No,No,Never,2017-09-27,,No
EMP10640,34,Female,Divorced,Research & Development,Laboratory Technician,Senior,Bachelor's,12,71469.0,5956,3.0,3,4,3,10.0,6,Yes,No,Never,2022-10-09,2024-09-07,Yes
EMP10641,30,Female,Single,Sales,Manager,Mid,Bachelor's,5,48984.0,4082,2.0,3,2,3,48.0,4,No,No,Never,2012-09-08,,No
EMP10642,33,Male,Single,Research & Development,Research Scientist,Mid,Master's,7,43194.0,3600,3.0,3,3,3,37.0,5,Yes,Yes,Occasionally,2015-09-29,,No
EMP10643,39,Male,Married,Sales,Sales Representative,Lead,PhD,17,108004.0,9000,2.0,3,4,4,30.0,2,No,No,Occasionally,2022-07-12,,No
EMP10644,40,Other,Married,Research & Development,Research Scientist,Lead,Bachelor's,18,96123.0,8010,3.0,2,3,4,60.0,6,No,No,Occasionally,2017-03-17,,No
EMP10645,38,Male,Single,Sales,Sales Representative,Senior,Master's,12,72162.0,6014,2.0,2,3,3,28.0,2,Yes,No,Occasionally,2017-12-06,,No
EMP10646,24,Female,Married,IT,IT Manager,Entry,Bachelor's,2,38572.0,3214,3.0,4,4,3,34.0,1,No,Yes,Frequently,2018-07-22,,No
EMP10647,34,Male,Divorced,Finance,Finance Manager,Senior,Bachelor's,10,70802.0,5900,3.0,2,3,3,38.0,1,No,No,Never,2022-11-10,,No
EMP10648,29,Male,Single,Finance,Finance Manager,Mid,PhD,5,50583.0,4215,4.0,4,3,3,60.0,2,No,Yes,Occasionally,2014-11-23,2015-11-25,Yes
EMP10649,39,Male,Single,IT,Software Engineer,Lead,Bachelor's,16,104122.0,8677,4.0,2,1,2,21.0,2,No,No,Never,2010-07-27,,No
EMP10650,28,Female,Married,Research & Development,Research Director,Entry,High School,1,39697.0,3308,3.0,1,3,4,31.0,1,Yes,No,Occasionally,2017-08-16,,No
EMP10651,38,Female,Married,Sales,Manager,Lead,PhD,16,114973.0,9581,3.0,3,2,4,50.0,2,No,No,Never,2025-04-01,,No
EMP10652,32,Male,Single,Human Resources,HR Executive,Senior,Master's,12,70475.0,5873,3.0,4,2,4,51.0,1,No,No,Occasionally,2021-09-06,,No
EMP10653,21,Male,Married,Finance,Accountant,Entry,Bachelor's,0,55343.0,4612,1.0,4,3,3,22.0,1,Yes,Yes,Frequently,2024-02-18,,No
EMP10654,41,Male,Divorced,IT,IT Support,Lead,PhD,22,105462.0,8788,2.0,2,1,4,35.0,3,No,No,Frequently,2011-12-17,,No
EMP10655,34,Female,Single,Research & Development,Research Scientist,Senior,Bachelor's,9,73037.0,6086,1.0,4,4,4,40.0,1,No,No,Never,2018-05-09,,No
EMP10656,44,Male,Married,Sales,Manager,Lead,Bachelor's,18,108450.0,9038,3.0,3,3,3,47.0,5,Yes,Yes,Frequently,2023-10-05,,No
EMP10657,21,Male,Single,Research & Development,Research Director,Entry,Bachelor's,0,36111.0,3009,3.0,1,3,4,38.0,3,Yes,No,Occasionally,2020-03-25,,No
EMP10658,32,Male,Married,Research & Development,Research Director,Senior,Bachelor's,9,73767.0,6147,1.0,1,2,2,70.0,4,No,No,Occasionally,2011-08-13,,No
EMP10659,32,Male,Married,Finance,Finance Manager,Mid,Master's,3,63660.0,5305,3.0,3,2,2,40.0,5,Yes,No,Never,2018-01-31,2024-04-28,Yes
EMP10660,36,Female,Married,Human Resources,HR Executive,Senior,Bachelor's,8,84391.0,7033,3.0,3,2,2,69.0,2,No,No,Occasionally,2013-11-03,,No
EMP10661,23,Female,Married,Research & Development,Research Scientist,Entry,High School,0,31946.0,2662,3.0,1,2,2,34.0,4,Yes,No,Occasionally,2014-10-24,2018-12-05,Yes
EMP10662,38,Male,Single,Marketing,Marketing Executive,Senior,Bachelor's,9,74949.0,6246,3.0,4,4,3,13.0,3,No,Yes,Occasionally,2017-09-26,,No
EMP10663,49,Male,Married,Finance,Finance Manager,Lead,Bachelor's,22,104726.0,8727,2.0,3,4,4,87.0,1,Yes,No,Never,2010-08-04,,No
EMP10664,38,Male,Married,Research & Development,Research Director,Lead,High School,17,97718.0,8143,1.0,4,4,3,40.0,5,No,No,Occasionally,2020-04-03,,No
EMP10665,35,Male,Single,Sales,Manager,Senior,PhD,13,70397.0,5866,4.0,3,3,3,49.0,3,No,No,Occasionally,2011-08-11,,No
EMP10666,23,Female,Divorced,Sales,Sales Executive,Entry,Bachelor's,0,35812.0,2984,2.0,3,3,3,16.0,5,No,No,Never,2017-01-29,,No
EMP10667,28,Male,Single,Research & Development,Research Director,Entry,Bachelor's,1,32005.0,2667,3.0,3,3,3,47.0,2,No,No,Frequently,2015-07-09,,No
EMP10668,34,Male,Married,Sales,Sales Representative,Senior,Bachelor's,8,74291.0,6191,3.0,3,2,3,57.0,4,Yes,No,Never,2022-09-17,,No
EMP10669,30,Male,Married,Sales,Manager,Entry,Master's,2,28003.0,2334,4.0,4,3,3,21.0,3,No,No,Occasionally,2015-10-26,,No
EMP10670,42,Female,Married,Research & Development,Laboratory Technician,Lead,Bachelor's,16,101154.0,8430,3.0,3,2,3,39.0,3,Yes,No,Occasionally,2023-03-12,,No
EMP10671,38,Female,Single,Sales,Manager,Senior,Bachelor's,9,75684.0,6307,3.0,2,3,3,41.0,1,No,No,Occasionally,2021-01-27,,No
EMP10672,56,Female,Single,IT,IT Manager,Lead,High School,31,111131.0,9261,2.0,2,2,3,19.0,2,No,Yes,Frequently,2018-04-18,,No
EMP10673,26,Female,Single,Sales,Sales Executive,Mid,Bachelor's,7,51993.0,4333,4.0,4,3,4,71.0,3,Yes,No,Occasionally,2024-02-24,,No
EMP10674,34,Female,Married,Human Resources,HR Manager,Mid,Bachelor's,7,48888.0,4074,3.0,2,2,3,5.0,5,Yes,No,Never,2018-06-22,,No
EMP10675,23,Female,Married,Research & Development,Laboratory Technician,Entry,Master's,0,27304.0,2275,1.0,4,1,3,5.0,3,No,Yes,Frequently,2015-10-14,2018-07-02,Yes
EMP10676,21,Male,Married,Marketing,Marketing Analyst,Entry,Master's,0,32059.0,2672,3.0,3,3,4,44.0,2,No,Yes,Occasionally,2022-08-21,,No
EMP10677,40,Male,Married,Sales,Manager,Senior,Bachelor's,11,80549.0,6712,2.0,3,2,4,24.0,2,No,Yes,Never,2017-08-22,,No
EMP10678,38,Female,Divorced,Research & Development,Laboratory Technician,Senior,Master's,12,72440.0,6037,1.0,3,2,2,54.0,3,No,No,Occasionally,2019-10-13,,No
EMP10679,27,Female,Married,Marketing,Marketing Analyst,Entry,Master's,2,24000.0,2000,3.0,2,3,3,36.0,3,No,Yes,Frequently,2020-06-06,,No
EMP10680,35,Female,Married,IT,Software Engineer,Mid,Master's,6,49428.0,4119,3.0,3,3,3,49.0,3,No,No,Never,2020-06-16,,No
EMP10681,29,Female,Single,IT,IT Manager,Entry,PhD,0,46520.0,3877,3.0,1,4,3,17.0,2,No,No,Occasionally,2024-04-21,,No
EMP10682,30,Male,Married,Research & Development,Research Director,Entry,Master's,0,38956.0,3246,3.0,3,3,3,35.0,2,No,Yes,Occasionally,2014-08-01,,No
EMP10683,31,Male,Married,Sales,Manager,Mid,Bachelor's,7,56527.0,4711,3.0,1,4,3,34.0,2,Yes,No,Occasionally,2018-10-08,2022-08-11,Yes
EMP10684,27,Other,Single,Finance,Finance Manager,Entry,Bachelor's,1,39589.0,3299,3.0,1,2,3,84.0,1,No,Yes,Occasionally,2011-06-24,,No
EMP10685,28,Female,Married,Marketing,Marketing Analyst,Mid,Bachelor's,3,59124.0,4927,2.0,4,3,2,34.0,2,No,No,Frequently,2024-02-03,,No
EMP10686,28,Male,Divorced,Human Resources,HR Manager,Mid,Master's,6,49598.0,4133,2.0,3,3,4,5.0,3,No,No,Never,2013-09-26,2022-12-26,Yes
EMP10687,37,Male,Single,Human Resources,HR Manager,Senior,Bachelor's,14,76972.0,6414,1.0,2,2,3,62.0,3,Yes,No,Never,2025-06-13,,No
EMP10688,21,Male,Single,Research & Development,Research Scientist,Entry,Bachelor's,0,26598.0,2216,2.0,3,2,3,38.0,2,No,No,Never,2024-08-10,,No
EMP10689,32,Male,Single,IT,Software Engineer,Senior,Bachelor's,9,81773.0,6814,4.0,3,3,3,47.0,3,No,No,Occasionally,2012-11-01,,No
EMP10690,25,Male,Single,Sales,Sales Executive,Entry,Master's,2,45274.0,3773,4.0,3,3,4,36.0,5,Yes,No,Never,2025-11-19,,No
EMP10691,26,Female,Single,Research & Development,Laboratory Technician,Mid,Master's,4,46214.0,3851,2.0,4,2,4,19.0,3,Yes,No,Occasionally,2017-12-21,,No
EMP10692,30,Male,Single,Research & Development,Research Director,Mid,Bachelor's,7,43844.0,3654,3.0,3,2,3,66.0,4,No,No,Never,2012-04-08,,No
EMP10693,34,Female,Single,Human Resources,HR Executive,Senior,Bachelor's,8,74645.0,6220,4.0,2,3,3,24.0,7,No,No,Occasionally,2019-12-27,,No
EMP10694,32,Female,Married,Research & Development,Research Scientist,Senior,Master's,12,73201.0,6100,2.0,3,2,3,15.0,1,No,No,Occasionally,2016-05-20,,No
EMP10695,25,Female,Single,Sales,Sales Executive,Mid,High School,5,53862.0,4488,3.0,1,4,3,50.0,6,Yes,Yes,Frequently,2016-09-23,,No
EMP10696,40,Female,Married,Finance,Finance Manager,Lead,Bachelor's,17,114550.0,9546,1.0,2,4,3,45.0,3,Yes,Yes,Frequently,2017-12-18,2020-09-16,Yes
EMP10697,27,Female,Married,Research & Development,Research Director,Mid,Bachelor's,7,49378.0,4115,3.0,4,4,3,61.0,2,No,No,Frequently,2012-05-08,,No
EMP10698,28,Female,Single,Finance,Finance Manager,Entry,PhD,2,50747.0,4229,4.0,3,2,3,47.0,2,No,Yes,Occasionally,2017-07-02,,No
EMP10699,36,Male,Divorced,Sales,Sales Representative,Senior,Bachelor's,8,84615.0,7051,4.0,4,1,2,41.0,3,No,Yes,Frequently,2012-06-18,2023-03-19,Yes
EMP10700,37,Female,Married,Research & Development,Laboratory Technician,Lead,Bachelor's,15,99655.0,8305,3.0,2,4,3,58.0,1,Yes,Yes,Occasionally,2024-06-05,,No
EMP10701,29,Male,Married,Human Resources,HR Executive,Mid,Master's,5,51446.0,4287,3.0,2,3,3,12.0,3,No,No,Never,2016-05-02,,No
EMP10702,21,Female,Married,Sales,Manager,Entry,Bachelor's,0,35699.0,2975,3.0,3,2,3,39.0,2,Yes,No,Occasionally,2011-10-09,,No
EMP10703,27,Male,Married,Research & Development,Research Scientist,Entry,Bachelor's,0,26198.0,2183,1.0,3,2,4,25.0,3,No,No,Occasionally,2024-09-05,,No
EMP10704,35,Male,Single,Sales,Manager,Senior,Bachelor's,11,61547.0,5129,2.0,3,2,2,47.0,4,No,No,Frequently,2020-01-19,,No
EMP10705,40,Male,Single,Sales,Manager,Lead,Master's,22,118506.0,9876,4.0,3,3,4,57.0,3,No,No,Never,2013-05-03,,No
EMP10706,33,Female,Married,Marketing,Marketing Manager,Mid,Bachelor's,3,44251.0,3688,2.0,3,4,3,47.0,1,Yes,Yes,Frequently,2010-03-29,,No
EMP10707,30,Male,Divorced,Research & Development,Laboratory Technician,Senior,Master's,10,81967.0,6831,2.0,3,4,3,55.0,4,No,No,Never,2019-06-01,,No
EMP10708,52,Female,Single,IT,Data Analyst,Lead,PhD,29,116903.0,9742,3.0,3,3,3,64.0,1,No,No,Occasionally,2025-05-06,,No
EMP10709,31,Female,Married,Research & Development,Research Director,Mid,Master's,5,46289.0,3857,4.0,4,2,3,51.0,3,No,No,Occasionally,2015-05-04,,No
EMP10710,39,Male,Single,Finance,Financial Analyst,Lead,Master's,15,122719.0,10227,3.0,3,3,3,55.0,8,No,No,Occasionally,2010-12-27,,No
EMP10711,23,Female,Single,IT,IT Support,Mid,Master's,5,59452.0,4954,3.0,4,2,3,76.0,4,Yes,No,Frequently,2010-04-26,,No
EMP10712,25,Male,Married,Finance,Finance Manager,Mid,Master's,4,56964.0,4747,3.0,3,2,4,90.0,5,No,No,Occasionally,2019-08-05,,No
EMP10713,39,Male,Single,Research & Development,Research Scientist,Lead,PhD,15,94232.0,7853,3.0,3,2,4,39.0,6,No,No,Occasionally,2016-12-13,,No
EMP10714,42,Female,Divorced,Research & Development,Research Director,Lead,PhD,17,90216.0,7518,,4,3,4,25.0,2,No,No,Occasionally,2023-05-13,,No
EMP10715,31,Male,Married,Research & Development,Research Scientist,Mid,Bachelor's,3,50302.0,4192,4.0,1,1,4,5.0,3,No,No,Occasionally,2025-04-14,,No
EMP10716,21,Other,Single,Marketing,Marketing Analyst,Entry,Bachelor's,0,41081.0,3423,3.0,3,4,2,77.0,5,No,No,Frequently,2024-12-28,,No
EMP10717,33,Female,Married,IT,IT Manager,Mid,Bachelor's,7,45967.0,3831,3.0,4,4,3,32.0,3,No,No,Occasionally,2011-04-25,,No
EMP10718,36,Female,Married,Marketing,Marketing Analyst,Lead,Bachelor's,18,106017.0,8835,4.0,3,2,4,50.0,3,No,Yes,Occasionally,2019-07-28,,No
EMP10719,35,Female,Single,Sales,Sales Executive,Senior,Master's,12,76571.0,6381,3.0,4,3,4,54.0,4,No,No,Frequently,2024-08-08,,No
EMP10720,29,Female,Married,IT,Data Analyst,Senior,Master's,10,91687.0,7641,2.0,2,3,3,56.0,3,Yes,No,Frequently,2012-09-22,,No
EMP10721,33,Male,Married,Marketing,Marketing Analyst,Mid,Bachelor's,7,59115.0,4926,2.0,3,4,4,37.0,5,No,No,Occasionally,2020-06-04,,No
EMP10722,28,Male,Single,Sales,Sales Executive,Mid,Bachelor's,6,52982.0,4415,4.0,4,4,3,56.0,4,No,No,Frequently,2020-04-28,,No
EMP10723,25,Male,Divorced,Sales,Sales Representative,Entry,Bachelor's,1,31345.0,2612,3.0,3,2,3,52.0,5,Yes,No,Occasionally,2013-02-19,,No
EMP10724,40,Female,Single,IT,IT Support,Lead,Bachelor's,15,106961.0,8913,3.0,3,1,3,30.0,4,No,No,Occasionally,2020-12-22,,No
EMP10725,35,Male,Single,Human Resources,HR Manager,Lead,Master's,15,96982.0,8082,2.0,1,2,3,71.0,5,No,Yes,Never,2023-02-25,2026-08-24,Yes
EMP10726,33,Female,Married,IT,Software Engineer,Senior,Bachelor's,9,78615.0,6551,3.0,1,3,3,54.0,2,Yes,Yes,Occasionally,2023-10-19,,No
EMP10727,30,Male,Single,Sales,Sales Representative,Mid,Bachelor's,4,44252.0,3688,3.0,3,3,4,19.0,3,No,No,Never,2017-07-11,,No
EMP10728,33,Male,Married,IT,IT Support,Senior,Bachelor's,10,82264.0,6855,3.0,4,4,3,35.0,2,No,No,Occasionally,2016-04-27,,No
EMP10729,35,Male,Married,Sales,Manager,Senior,Bachelor's,11,75757.0,6313,2.0,4,2,4,35.0,2,No,Yes,Occasionally,2010-01-07,,No
EMP10730,48,Female,Single,Sales,Sales Representative,Lead,PhD,24,103077.0,8590,1.0,3,4,3,32.0,1,No,Yes,Never,2023-08-07,,No
EMP10731,39,Female,Divorced,Sales,Sales Representative,Lead,Bachelor's,18,105765.0,8814,4.0,4,2,3,53.0,2,Yes,No,Never,2015-04-10,,No
EMP10732,29,Male,Married,IT,IT Manager,Entry,Master's,2,35786.0,2982,4.0,3,3,3,65.0,5,Yes,No,Never,2015-09-07,2021-02-07,Yes
EMP10733,29,Female,Married,Finance,Finance Manager,Mid,Bachelor's,3,61892.0,5158,3.0,3,3,4,22.0,2,No,No,Occasionally,2023-06-22,,No
EMP10734,28,Male,Single,Human Resources,HR Manager,Entry,Bachelor's,0,33601.0,2800,3.0,3,2,3,36.0,3,No,No,Occasionally,2015-01-29,,No
EMP10735,32,Female,Single,Research & Development,Research Scientist,Senior,Bachelor's,9,72612.0,6051,3.0,3,3,3,63.0,3,No,No,Frequently,2022-05-15,,No
EMP10736,28,Male,Married,IT,IT Manager,Mid,Master's,6,50834.0,4236,4.0,3,3,3,27.0,2,No,No,Occasionally,2011-12-24,,No
EMP10737,38,Male,Married,Research & Development,Research Scientist,Senior,Bachelor's,10,75429.0,6286,3.0,2,4,3,29.0,4,No,No,Occasionally,2022-07-24,,No
EMP10738,21,Female,Single,IT,IT Support,Entry,Bachelor's,0,46988.0,3916,4.0,4,4,3,5.0,1,No,Yes,Occasionally,2014-12-09,,No
EMP10739,38,Female,Married,Research & Development,Research Scientist,Senior,High School,14,80126.0,6677,2.0,1,4,3,56.0,1,No,Yes,Frequently,2025-11-22,,No
EMP10740,36,Male,Married,Research & Development,Research Director,Senior,Bachelor's,10,81307.0,6776,3.0,2,3,3,46.0,3,Yes,No,Occasionally,2019-05-23,,No
EMP10741,44,Male,Single,Research & Development,Research Director,Lead,Bachelor's,17,110068.0,9172,3.0,3,3,3,36.0,4,No,Yes,Never,2017-08-02,,No
EMP10742,41,Female,Married,Research & Development,Research Scientist,Senior,Bachelor's,14,84510.0,7042,2.0,4,2,3,13.0,4,No,Yes,Occasionally,2019-09-23,,No
EMP10743,29,Female,Single,IT,Software Engineer,Senior,Master's,9,89035.0,7420,3.0,4,3,4,36.0,3,No,Yes,Frequently,2022-01-14,,No
EMP10744,40,Female,Single,Human Resources,HR Specialist,Lead,High School,18,106043.0,8837,3.0,3,4,3,7.0,2,No,Yes,Occasionally,2019-06-23,2020-10-26,Yes
EMP10745,33,Female,Single,Research & Development,Laboratory Technician,Senior,Bachelor's,9,73150.0,6096,3.0,3,1,3,39.0,2,No,No,Occasionally,2021-05-23,,No
EMP10746,21,Female,Single,IT,Data Analyst,Entry,High School,0,45132.0,3761,3.0,4,3,4,77.0,3,Yes,No,Occasionally,2021-08-29,,No
EMP10747,35,Male,Single,Research & Development,Research Director,Lead,PhD,19,88066.0,7339,1.0,3,4,3,46.0,3,No,Yes,Frequently,2020-10-25,,No
EMP10748,29,Male,Married,Human Resources,HR Executive,Senior,Bachelor's,10,84872.0,7073,3.0,3,4,3,64.0,8,No,No,Occasionally,2024-04-27,,No
EMP10749,34,Male,Married,Marketing,Marketing Manager,Mid,Master's,4,56830.0,4736,2.0,3,3,3,65.0,3,No,Yes,Occasionally,2017-06-11,,No
EMP10750,47,Male,Single,Finance,Financial Analyst,Lead,Bachelor's,19,120470.0,10039,4.0,2,3,3,32.0,3,No,No,Never,2013-06-23,,No
EMP10751,36,Female,Married,Sales,Manager,Senior,Master's,9,68163.0,5680,2.0,4,2,3,53.0,5,No,No,Frequently,2011-02-28,2022-12-27,Yes
EMP10752,26,Female,Married,Marketing,Marketing Analyst,Entry,Bachelor's,2,40134.0,3344,3.0,4,4,3,5.0,1,No,No,Frequently,2017-04-12,,No
EMP10753,42,Male,Single,Finance,Accountant,Lead,Bachelor's,19,113645.0,9470,3.0,3,2,3,47.0,5,No,Yes,Occasionally,2017-07-11,,No
EMP10754,37,Male,Single,Research & Development,Laboratory Technician,Senior,Master's,9,71748.0,5979,1.0,3,2,3,61.0,1,Yes,No,Occasionally,2025-06-14,,No
EMP10755,25,Female,Single,Sales,Manager,Entry,Master's,2,31046.0,2587,3.0,4,2,3,51.0,4,No,Yes,Frequently,2023-03-11,,No
EMP10756,21,Female,Single,IT,Software Engineer,Entry,Master's,2,37556.0,3130,4.0,2,3,3,36.0,1,No,Yes,Frequently,2017-08-11,,No
EMP10757,26,Male,Married,Finance,Financial Analyst,Entry,Master's,0,33445.0,2787,2.0,2,3,3,65.0,3,No,No,Occasionally,2022-05-07,,No
EMP10758,41,Female,Married,Human Resources,HR Specialist,Lead,Bachelor's,17,95559.0,7963,2.0,2,3,3,62.0,1,No,Yes,Never,2011-07-06,,No
EMP10759,32,Male,Divorced,IT,Data Analyst,Mid,Bachelor's,6,67220.0,5602,3.0,3,4,3,41.0,2,No,No,Never,2012-07-01,,No
EMP10760,35,Female,Married,IT,Data Analyst,Senior,Bachelor's,11,76376.0,6365,2.0,4,2,3,69.0,1,Yes,No,Occasionally,2021-05-31,,No
EMP10761,23,Female,Single,Sales,Sales Representative,Entry,Master's,0,24652.0,2054,4.0,3,4,3,51.0,3,Yes,No,Occasionally,2013-10-14,2017-09-14,Yes
EMP10762,41,Male,Married,Research & Development,Research Scientist,Lead,Bachelor's,17,,9450,2.0,3,3,4,13.0,1,No,Yes,Occasionally,2011-02-10,2020-07-14,Yes
EMP10763,21,Male,Single,Research & Development,Research Director,Entry,Master's,0,24000.0,2000,3.0,2,2,3,48.0,3,Yes,Yes,Never,2011-07-23,,No
EMP10764,29,Female,Single,IT,IT Support,Senior,Bachelor's,9,80882.0,6740,2.0,1,4,4,29.0,1,Yes,No,Never,2011-10-17,2026-01-29,Yes
EMP10765,37,Male,Married,Sales,Manager,Senior,Master's,9,69040.0,5753,2.0,2,1,3,51.0,2,No,No,Never,2013-10-04,,No
EMP10766,25,Male,Single,Human Resources,HR Manager,Mid,Bachelor's,5,63457.0,5288,,3,3,4,5.0,2,No,No,Frequently,2013-10-31,2017-04-30,Yes
EMP10767,39,Female,Single,IT,IT Manager,Senior,Bachelor's,13,91006.0,7584,3.0,4,3,2,71.0,1,Yes,No,Occasionally,2014-05-09,,No
EMP10768,27,Male,Married,IT,IT Manager,Senior,Master's,8,77248.0,6437,3.0,4,3,2,62.0,6,Yes,Yes,Occasionally,2014-10-14,,No
EMP10769,24,Male,Married,Research & Development,Laboratory Technician,Entry,Bachelor's,2,25021.0,2085,1.0,2,2,2,71.0,3,No,No,Frequently,2021-02-08,,No
EMP10770,44,Female,Single,IT,IT Manager,Lead,Master's,21,117371.0,9781,4.0,1,3,4,42.0,1,No,No,Occasionally,2014-11-03,,No
EMP10771,35,Male,Single,Sales,Sales Representative,Senior,Master's,14,79033.0,6586,3.0,4,3,3,63.0,6,No,Yes,Occasionally,2022-05-01,,No
EMP10772,38,Male,Married,IT,Data Analyst,Lead,Bachelor's,16,109521.0,9127,2.0,1,3,3,46.0,3,Yes,No,Never,2022-11-01,,No
EMP10773,42,Male,Married,Sales,Manager,Lead,Master's,24,101874.0,8490,1.0,3,4,4,24.0,3,Yes,Yes,Occasionally,2018-01-09,,No
EMP10774,21,Male,Single,Research & Development,Laboratory Technician,Entry,Master's,0,30363.0,2530,1.0,1,3,2,27.0,4,No,No,Occasionally,2017-07-30,,No
EMP10775,39,Female,Divorced,IT,Data Analyst,Lead,Master's,19,118314.0,9860,2.0,3,2,3,36.0,5,No,Yes,Occasionally,2025-02-19,,No
EMP10776,28,Other,Married,Sales,Sales Executive,Mid,Bachelor's,5,62995.0,5250,3.0,3,2,3,65.0,1,No,No,Occasionally,2024-05-13,,No
EMP10777,29,Female,Married,Research & Development,Research Scientist,Mid,Bachelor's,3,64759.0,5397,4.0,2,3,3,64.0,4,No,No,Occasionally,2012-07-30,,No
EMP10778,37,Male,Divorced,IT,Data Analyst,Senior,Master's,10,77859.0,6488,4.0,3,3,2,30.0,1,Yes,Yes,Frequently,2017-07-05,,No
EMP10779,31,Male,Divorced,IT,Software Engineer,Mid,Master's,4,59406.0,4950,4.0,3,2,3,55.0,2,Yes,Yes,Never,2020-10-26,,No
EMP10780,39,Female,Single,Finance,Financial Analyst,Lead,Bachelor's,19,118405.0,9867,2.0,2,2,3,42.0,1,Yes,No,Occasionally,2015-04-05,,No
EMP10781,34,Female,Single,Finance,Accountant,Senior,Bachelor's,8,73906.0,6159,2.0,3,1,2,25.0,3,Yes,Yes,Never,2016-10-17,,No
EMP10782,35,Female,Married,Human Resources,HR Specialist,Lead,Bachelor's,15,100225.0,8352,4.0,4,3,3,21.0,2,No,No,Frequently,2024-05-09,,No
EMP10783,30,Female,Divorced,Research & Development,Laboratory Technician,Mid,High School,7,57578.0,4798,3.0,2,3,3,38.0,1,No,No,Occasionally,2018-11-24,,No
EMP10784,25,Male,Married,Research & Development,Laboratory Technician,Entry,Master's,0,28719.0,2393,2.0,2,3,3,59.0,2,Yes,No,Occasionally,2020-06-21,,No
EMP10785,28,Male,Married,Sales,Manager,Entry,Master's,1,24000.0,2000,2.0,1,2,3,33.0,3,No,Yes,Occasionally,2013-02-13,,No
EMP10786,33,Female,Married,Marketing,Marketing Manager,Mid,Bachelor's,6,46212.0,3851,3.0,3,3,3,56.0,2,No,Yes,Never,2017-11-26,,No
EMP10787,49,Female,Single,Finance,Accountant,Lead,Master's,24,115932.0,9661,3.0,4,3,4,48.0,6,Yes,No,Occasionally,2014-11-01,,No
EMP10788,46,Male,Divorced,Research & Development,Research Scientist,Lead,Bachelor's,26,106743.0,8895,4.0,2,2,4,13.0,4,No,Yes,Frequently,2016-12-15,,No
EMP10789,29,Male,Married,Research & Development,Laboratory Technician,Senior,Master's,9,65064.0,5422,2.0,3,2,4,78.0,5,No,No,Never,2023-07-27,2026-09-20,Yes
EMP10790,34,Male,Divorced,Marketing,Marketing Analyst,Mid,Bachelor's,6,47737.0,3978,1.0,2,3,3,64.0,7,No,No,Frequently,2015-07-16,2026-03-21,Yes
EMP10791,32,Male,Married,Sales,Sales Executive,Mid,Bachelor's,3,64759.0,5397,3.0,3,4,3,17.0,4,Yes,No,Occasionally,2013-03-29,,No
EMP10792,35,Male,Divorced,Finance,Finance Manager,Senior,Master's,10,79514.0,6626,2.0,1,3,3,49.0,1,No,No,Never,2017-04-01,,No
EMP10793,36,Female,Single,Human Resources,HR Specialist,Senior,Bachelor's,12,74296.0,6191,3.0,4,4,4,69.0,3,No,No,Occasionally,2019-11-01,,No
EMP10794,38,Female,Married,Finance,Accountant,Lead,Bachelor's,18,109057.0,9088,3.0,3,1,4,49.0,3,Yes,No,Never,2021-06-23,,No
EMP10795,21,Female,Divorced,Sales,Manager,Entry,Bachelor's,0,33436.0,2786,2.0,2,2,3,35.0,3,Yes,No,Occasionally,2024-02-04,,No
EMP10796,37,Other,Married,IT,IT Support,Senior,Bachelor's,12,80264.0,6689,3.0,4,3,3,40.0,4,No,Yes,Occasionally,2024-05-10,,No
EMP10797,31,Male,Married,Marketing,Marketing Executive,Entry,Bachelor's,2,41384.0,3449,2.0,2,3,3,37.0,1,No,No,Never,2023-08-16,,No
EMP10798,28,Female,Single,Human Resources,HR Manager,Mid,Bachelor's,4,48703.0,4059,3.0,1,3,2,39.0,2,Yes,No,Never,2020-03-07,,No
EMP10799,40,Female,Married,Finance,Finance Manager,Lead,Master's,18,115956.0,9663,3.0,4,3,4,62.0,4,Yes,No,Occasionally,2012-10-20,,No
EMP10800,46,Female,Divorced,Marketing,Marketing Manager,Lead,Master's,23,117757.0,9813,2.0,2,1,3,51.0,4,Yes,Yes,Frequently,2024-05-20,,No
EMP10801,40,Female,Single,IT,Software Engineer,Senior,Bachelor's,13,85644.0,7137,3.0,4,3,3,26.0,1,No,Yes,Occasionally,2016-11-29,2024-12-17,Yes
EMP10802,30,Male,Married,Sales,Manager,Senior,Master's,9,68667.0,5722,2.0,3,2,3,37.0,5,Yes,No,Occasionally,2015-08-24,2024-03-05,Yes
EMP10803,25,Female,Married,Human Resources,HR Manager,Entry,High School,0,33318.0,2776,2.0,4,3,2,35.0,2,Yes,Yes,Frequently,2016-01-30,,No
EMP10804,21,Male,Single,Finance,Financial Analyst,Entry,Bachelor's,0,32054.0,2671,2.0,3,3,2,47.0,1,No,No,Occasionally,2025-12-06,,No
EMP10805,35,Male,Single,Research & Development,Research Director,Senior,Bachelor's,11,82287.0,6857,2.0,2,3,3,22.0,5,No,No,Never,2012-07-24,,No
EMP10806,39,Male,Married,IT,IT Support,Lead,High School,19,113451.0,9454,3.0,4,3,3,15.0,2,No,Yes,Occasionally,2017-06-26,2022-02-19,Yes
EMP10807,33,Male,Single,Marketing,Marketing Executive,Mid,Master's,6,51167.0,4264,2.0,2,3,2,25.0,4,No,No,Frequently,2010-11-11,,No
EMP10808,41,Male,Divorced,Marketing,Marketing Analyst,Lead,Bachelor's,19,97941.0,8162,3.0,3,3,4,14.0,2,No,No,Occasionally,2020-10-03,,No
EMP10809,23,Male,Married,Research & Development,Research Scientist,Entry,Master's,0,24000.0,2000,4.0,3,4,3,15.0,3,Yes,No,Frequently,2024-03-29,,No
EMP10810,33,Male,Single,Sales,Manager,Mid,Bachelor's,3,46319.0,3860,2.0,3,4,3,64.0,2,No,No,Occasionally,2019-12-28,,No
EMP10811,32,Male,Single,Marketing,Marketing Manager,Mid,High School,7,56557.0,4713,1.0,3,3,3,40.0,3,No,Yes,Occasionally,2012-11-30,2013-10-29,Yes
EMP10812,33,Male,Married,IT,IT Support,Senior,Master's,10,91280.0,7607,1.0,4,3,2,49.0,1,Yes,No,Never,2018-09-04,,No
EMP10813,43,Female,Married,Sales,Sales Executive,Lead,Bachelor's,23,102829.0,8569,2.0,4,3,4,43.0,2,Yes,No,Occasionally,2017-10-01,2025-05-20,Yes
EMP10814,33,Female,Single,Marketing,Marketing Manager,Senior,Bachelor's,14,69387.0,5782,1.0,4,3,3,44.0,3,No,No,Occasionally,2024-08-31,,No
EMP10815,32,Female,Married,IT,IT Support,Mid,Bachelor's,5,60328.0,5027,3.0,3,4,3,47.0,5,No,No,Occasionally,2016-07-18,,No
EMP10816,27,Female,Married,Human Resources,HR Executive,Mid,High School,5,56820.0,4735,2.0,4,2,3,53.0,5,Yes,Yes,Frequently,2023-12-03,,No
EMP10817,45,Male,Single,Finance,Accountant,Lead,Master's,21,114440.0,9537,3.0,3,1,3,49.0,1,No,No,Never,2014-08-30,,No
EMP10818,23,Male,Single,Research & Development,Laboratory Technician,Entry,Bachelor's,0,33362.0,2780,1.0,4,3,3,92.0,2,Yes,No,Occasionally,2011-04-07,2013-10-18,Yes
EMP10819,30,Male,Divorced,Sales,Manager,Entry,High School,1,46492.0,3874,2.0,4,2,3,24.0,6,Yes,No,Never,2018-04-26,,No
EMP10820,48,Female,Single,Research & Development,Research Scientist,Lead,Master's,26,113882.0,9490,2.0,2,4,3,23.0,2,No,No,Occasionally,2021-09-29,,No
EMP10821,38,Female,Divorced,IT,IT Support,Lead,Bachelor's,18,103440.0,8620,2.0,3,4,3,32.0,2,Yes,Yes,Occasionally,2016-07-08,,No
EMP10822,34,Male,Single,Sales,Sales Executive,Mid,Bachelor's,6,41728.0,3477,2.0,4,3,3,18.0,2,No,No,Frequently,2023-12-14,,No
EMP10823,34,Male,Single,Research & Development,Research Scientist,Senior,Bachelor's,10,68088.0,5674,3.0,1,2,3,37.0,4,No,No,Frequently,2022-12-31,,No
EMP10824,26,Female,Single,Research & Development,Laboratory Technician,Mid,Bachelor's,4,60179.0,5015,3.0,3,3,3,25.0,3,Yes,No,Occasionally,2016-05-05,,No
EMP10825,33,Male,Single,Human Resources,HR Specialist,Senior,High School,13,64035.0,5336,2.0,4,3,3,43.0,2,Yes,No,Occasionally,2022-08-16,,No
EMP10826,31,Male,Single,Marketing,Marketing Executive,Senior,Bachelor's,11,79203.0,6600,3.0,1,2,3,43.0,2,No,No,Occasionally,2019-11-22,,No
EMP10827,35,Female,Single,Research & Development,Research Director,Senior,Master's,12,74810.0,6234,2.0,4,4,2,19.0,3,No,Yes,Occasionally,2019-06-05,,No
EMP10828,22,Female,Single,Research & Development,Laboratory Technician,Entry,Bachelor's,1,24000.0,2000,2.0,4,2,3,56.0,3,No,No,Occasionally,2018-10-03,,No
EMP10829,37,Female,Single,IT,IT Support,Senior,Bachelor's,11,84742.0,7062,4.0,2,3,3,28.0,3,Yes,No,Occasionally,2012-06-02,,No
EMP10830,42,Male,Married,Research & Development,Laboratory Technician,Lead,Bachelor's,20,103765.0,8647,4.0,3,4,3,25.0,2,Yes,No,Frequently,2014-09-10,,No
EMP10831,32,Female,Married,Research & Development,Laboratory Technician,Senior,Bachelor's,11,81649.0,6804,4.0,2,4,2,50.0,3,Yes,No,Occasionally,2024-08-02,2025-01-31,Yes
EMP10832,39,Female,Divorced,Research & Development,Research Director,Lead,Master's,17,93611.0,7801,2.0,4,3,3,42.0,1,No,Yes,Never,2013-10-07,,No
EMP10833,36,Female,Married,Sales,Sales Representative,Senior,Bachelor's,8,69745.0,5812,4.0,3,3,4,42.0,6,Yes,Yes,Frequently,2017-08-11,,No
EMP10834,29,Female,Divorced,Sales,Sales Representative,Mid,High School,6,45885.0,3824,3.0,4,4,3,24.0,2,No,Yes,Occasionally,2018-09-28,,No
EMP10835,26,Female,Single,Research & Development,Research Director,Mid,Bachelor's,7,56632.0,4719,3.0,2,4,3,22.0,4,Yes,No,Frequently,2015-10-05,,No
EMP10836,27,Female,Single,Research & Development,Laboratory Technician,Mid,Bachelor's,4,50337.0,4195,4.0,3,3,2,56.0,2,Yes,Yes,Occasionally,2011-12-24,,No
EMP10837,36,Male,Single,Marketing,Marketing Analyst,Lead,Master's,16,113266.0,9439,4.0,4,4,3,41.0,4,No,Yes,Frequently,2017-01-10,2019-03-20,Yes
EMP10838,34,Male,Married,Research & Development,Laboratory Technician,Senior,High School,11,73208.0,6101,3.0,2,3,3,46.0,2,No,Yes,Occasionally,2018-02-27,,No
EMP10839,44,Male,Divorced,Finance,Finance Manager,Lead,Bachelor's,20,110545.0,9212,4.0,4,1,3,45.0,2,No,No,Occasionally,2019-02-11,,No
EMP10840,40,Female,Married,Finance,Financial Analyst,Lead,Bachelor's,20,119390.0,9949,2.0,4,2,3,54.0,2,No,No,Frequently,2013-04-08,2020-05-31,Yes
EMP10841,40,Female,Married,Sales,Manager,Lead,Bachelor's,16,92589.0,7716,3.0,3,3,3,41.0,6,No,No,Occasionally,2021-08-30,,No
EMP10842,36,Male,Married,Finance,Financial Analyst,Senior,Bachelor's,8,80203.0,6684,2.0,4,3,3,38.0,8,Yes,No,Frequently,2020-11-04,,No
EMP10843,26,Male,Single,Sales,Sales Representative,Entry,High School,1,31779.0,2648,4.0,3,3,4,55.0,3,Yes,No,Occasionally,2023-04-10,,No
EMP10844,37,Female,Married,Marketing,Marketing Executive,Senior,Master's,14,70485.0,5874,3.0,3,3,2,82.0,6,No,No,Never,2021-09-26,,No
EMP10845,35,Male,Married,Sales,Manager,Senior,Bachelor's,8,74853.0,6238,4.0,1,3,4,20.0,5,No,No,Occasionally,2020-01-06,,No
EMP10846,25,Male,Single,Research & Development,Research Director,Entry,Master's,0,34185.0,2849,3.0,3,2,4,32.0,3,Yes,No,Occasionally,2017-11-30,,No
EMP10847,44,Male,Single,Sales,Sales Representative,Lead,Bachelor's,16,99776.0,8315,3.0,3,3,3,47.0,5,No,No,Frequently,2020-10-16,,No
EMP10848,43,Male,Married,Marketing,Marketing Executive,Lead,Master's,23,105388.0,8782,2.0,3,4,4,5.0,5,No,No,Never,2015-02-21,,No
EMP10849,25,Female,Married,Human Resources,HR Specialist,Entry,Bachelor's,0,24862.0,2072,3.0,2,3,3,62.0,1,Yes,No,Never,2022-09-23,2026-02-24,Yes
EMP10850,29,Male,Single,Finance,Accountant,Mid,Master's,6,54570.0,4548,3.0,2,2,4,56.0,7,No,No,Occasionally,2011-10-13,,No
EMP10851,30,Male,Married,Sales,Manager,Senior,Bachelor's,11,82501.0,6875,1.0,3,3,3,43.0,3,Yes,No,Occasionally,2021-12-06,,No
EMP10852,39,Female,Divorced,IT,IT Manager,Lead,Bachelor's,17,118828.0,9902,2.0,2,4,3,50.0,2,No,No,Never,2012-08-04,,No
EMP10853,38,Male,Married,Sales,Sales Executive,Senior,Master's,10,84209.0,7017,3.0,3,3,3,69.0,1,No,Yes,Frequently,2010-07-11,,No
EMP10854,34,Male,Single,IT,IT Manager,Senior,Bachelor's,11,82289.0,6857,2.0,2,3,3,47.0,2,Yes,No,Never,2020-05-20,,No
EMP10855,36,Female,Married,Sales,Sales Executive,Senior,Bachelor's,13,73713.0,6143,2.0,3,2,3,19.0,2,No,No,Never,2022-03-06,,No
EMP10856,24,Female,Married,Sales,Sales Executive,Entry,High School,0,37166.0,3097,2.0,4,3,3,59.0,1,No,No,Occasionally,2017-09-11,2021-12-01,Yes
EMP10857,37,Male,Single,Sales,Sales Executive,Senior,Bachelor's,13,84168.0,7014,2.0,4,2,4,59.0,2,Yes,No,Occasionally,2012-12-06,,No
EMP10858,33,Male,Single,Research & Development,Laboratory Technician,Senior,Bachelor's,14,76584.0,6382,4.0,2,2,3,46.0,1,Yes,No,Never,2023-09-23,,No
EMP10859,29,Male,Married,Human Resources,HR Specialist,Mid,High School,7,62585.0,5215,4.0,3,3,4,89.0,4,No,No,Frequently,2017-10-28,2025-04-12,Yes
EMP10860,22,Female,Married,Sales,Manager,Entry,Bachelor's,2,36974.0,3081,3.0,4,3,3,40.0,4,No,No,Never,2025-09-11,,No
EMP10861,34,Male,Single,IT,Data Analyst,Senior,Bachelor's,11,79003.0,6584,1.0,4,3,3,10.0,4,No,No,Never,2019-09-03,,No
EMP10862,37,Male,Married,Research & Development,Laboratory Technician,Senior,Bachelor's,14,72850.0,6071,3.0,2,2,3,47.0,1,Yes,Yes,Frequently,2023-11-19,2025-06-15,Yes
EMP10863,21,Male,Divorced,Human Resources,HR Manager,Entry,Bachelor's,0,31717.0,2643,3.0,4,3,2,45.0,2,No,Yes,Occasionally,2017-10-21,2019-11-08,Yes
EMP10864,34,Female,Divorced,Research & Development,Research Director,Senior,Bachelor's,14,65007.0,5417,3.0,2,3,2,82.0,7,Yes,Yes,Frequently,2010-06-02,2024-09-03,Yes
EMP10865,35,Male,Married,Research & Development,Research Director,Senior,Master's,10,72126.0,6010,3.0,3,4,4,48.0,1,Yes,No,Never,2014-07-09,,No
EMP10866,30,Male,Married,Human Resources,HR Specialist,Senior,Bachelor's,9,83986.0,6999,1.0,1,3,3,38.0,4,No,Yes,Never,2020-11-14,,No
EMP10867,37,Male,Married,Sales,Sales Representative,Senior,Master's,11,85416.0,7118,3.0,4,2,3,19.0,3,Yes,No,Never,2013-08-23,,No
EMP10868,33,Male,Married,Sales,Manager,Senior,Master's,9,78002.0,6500,3.0,3,3,4,75.0,5,No,Yes,Occasionally,2025-10-22,,No
EMP10869,36,Female,Married,IT,IT Support,Lead,Master's,18,115181.0,9598,4.0,2,3,4,5.0,3,No,No,Occasionally,2023-10-11,,No
EMP10870,38,Female,Single,Marketing,Marketing Manager,Lead,Master's,20,102831.0,8569,3.0,3,4,4,50.0,4,No,No,Occasionally,2024-10-21,,No
EMP10871,38,Female,Single,Research & Development,Laboratory Technician,Lead,Master's,16,100519.0,8377,2.0,2,3,4,6.0,4,No,Yes,Occasionally,2016-06-11,,No
EMP10872,42,Female,Divorced,Research & Development,Laboratory Technician,Lead,Bachelor's,16,108992.0,9083,3.0,1,4,3,37.0,2,No,No,Occasionally,2018-08-06,,No
EMP10873,37,Male,Divorced,Finance,Financial Analyst,Lead,Bachelor's,17,105921.0,8827,3.0,3,3,3,36.0,4,Yes,Yes,Occasionally,2010-10-12,,No
EMP10874,30,Female,Married,Research & Development,Laboratory Technician,Senior,Bachelor's,11,87832.0,7319,2.0,3,1,4,30.0,2,Yes,Yes,Frequently,2017-02-03,,No
EMP10875,29,Male,Divorced,Sales,Sales Representative,Entry,PhD,2,34860.0,2905,3.0,1,4,3,,2,Yes,Yes,Occasionally,2025-05-01,2025-11-20,Yes
EMP10876,25,Male,Married,Sales,Sales Representative,Mid,PhD,5,55117.0,4593,2.0,3,2,3,45.0,2,Yes,No,Frequently,2021-04-12,,No
EMP10877,35,Female,Married,IT,IT Manager,Senior,Master's,9,75583.0,6299,1.0,3,2,3,34.0,1,No,No,Occasionally,2018-06-10,,No
EMP10878,45,Female,Married,Finance,Finance Manager,Lead,Master's,24,92770.0,7731,2.0,3,4,4,40.0,5,Yes,No,Occasionally,2019-03-12,,No
EMP10879,31,Female,Married,Sales,Sales Representative,Mid,Master's,7,55116.0,4593,2.0,2,3,2,29.0,3,Yes,No,Never,2018-05-15,,No
EMP10880,38,Female,Married,Research & Development,Research Director,Senior,Bachelor's,11,72522.0,6044,1.0,1,2,3,38.0,2,No,No,Occasionally,2023-05-15,,No
EMP10881,28,Other,Divorced,Research & Development,Research Scientist,Senior,Bachelor's,8,82888.0,6907,3.0,2,2,3,,2,No,Yes,Occasionally,2020-04-05,,No
EMP10882,36,Male,Married,Finance,Financial Analyst,Senior,Bachelor's,9,73611.0,6134,1.0,3,3,3,34.0,6,No,No,Frequently,2023-05-02,,No
EMP10883,44,Female,Married,Sales,Manager,Lead,Bachelor's,20,101282.0,8440,3.0,3,1,3,70.0,6,Yes,No,Occasionally,2023-04-01,,No
EMP10884,39,Female,Married,Sales,Manager,Lead,High School,15,112836.0,9403,3.0,4,3,3,59.0,8,Yes,No,Occasionally,2022-04-03,,No
EMP10885,21,Female,Single,IT,IT Support,Mid,Bachelor's,3,62058.0,5172,2.0,2,3,2,57.0,3,No,No,Frequently,2019-08-03,,No
EMP10886,39,Female,Single,Sales,Sales Representative,Lead,Master's,20,97991.0,8166,4.0,3,4,4,42.0,3,Yes,No,Occasionally,2010-08-28,,No
EMP10887,39,Female,Married,Finance,Financial Analyst,Lead,Bachelor's,21,109238.0,9103,3.0,1,3,4,25.0,1,No,No,Occasionally,2010-05-26,,No
EMP10888,35,Female,Single,Research & Development,Research Director,Senior,Master's,13,89326.0,7444,4.0,2,3,3,44.0,1,No,Yes,Never,2013-08-08,,No
EMP10889,39,Male,Married,Sales,Sales Representative,Senior,Bachelor's,12,77005.0,6417,3.0,3,3,4,74.0,2,No,Yes,Occasionally,2024-11-14,,No
EMP10890,27,Female,Single,Research & Development,Research Scientist,Senior,Bachelor's,10,74964.0,6247,3.0,3,1,4,27.0,1,No,No,Occasionally,2010-11-04,2023-07-17,Yes
EMP10891,35,Male,Married,IT,IT Manager,Senior,Master's,11,89267.0,7439,4.0,4,3,3,47.0,3,Yes,No,Never,2023-06-21,,No
EMP10892,43,Male,Single,IT,Data Analyst,Lead,Master's,17,114466.0,9539,2.0,3,3,3,26.0,5,No,No,Occasionally,2012-06-03,,No
EMP10893,42,Male,Single,IT,Software Engineer,Lead,Bachelor's,20,122106.0,10176,3.0,1,3,4,35.0,3,No,Yes,Occasionally,2011-09-18,2015-01-06,Yes
EMP10894,38,Male,Single,Research & Development,Laboratory Technician,Senior,Bachelor's,14,81286.0,6774,3.0,3,3,2,47.0,4,Yes,No,Occasionally,2017-01-23,,No
EMP10895,27,Male,Divorced,Finance,Financial Analyst,Entry,Bachelor's,0,42346.0,3529,4.0,4,1,3,49.0,1,No,Yes,Frequently,2016-03-26,,No
EMP10896,26,Male,Married,Sales,Sales Executive,Mid,Master's,3,62446.0,5204,2.0,3,1,3,44.0,2,No,No,Never,2020-07-29,2026-08-30,Yes
EMP10897,35,Male,Divorced,Research & Development,Laboratory Technician,Senior,Bachelor's,8,,6159,3.0,4,3,3,53.0,2,No,Yes,Occasionally,2024-01-27,,No
EMP10898,35,Male,Divorced,IT,IT Support,Senior,Bachelor's,13,78809.0,6567,2.0,1,3,3,50.0,1,No,No,Frequently,2016-04-26,,No
EMP10899,33,Male,Divorced,Sales,Sales Executive,Senior,Bachelor's,9,66580.0,5548,4.0,4,3,3,36.0,2,No,No,Never,2022-11-23,,No
EMP10900,28,Male,Married,Sales,Manager,Mid,Master's,5,50524.0,4210,3.0,2,3,3,55.0,5,No,No,Frequently,2016-02-23,,No
EMP10901,37,Female,Married,Sales,Sales Representative,Lead,Master's,17,95840.0,7987,4.0,3,4,3,25.0,2,No,Yes,Occasionally,2022-04-13,,No
EMP10902,35,Male,Single,Sales,Manager,Senior,Master's,10,78558.0,6546,4.0,3,4,3,37.0,1,No,Yes,Occasionally,2011-12-04,,No
EMP10903,36,Male,Single,Sales,Manager,Senior,Bachelor's,13,71706.0,5976,3.0,2,3,3,34.0,4,No,Yes,Occasionally,2010-12-12,,No
EMP10904,39,Male,Married,Finance,Finance Manager,Lead,Master's,15,115736.0,9645,3.0,4,3,4,49.0,1,No,No,Occasionally,2017-05-12,,No
EMP10905,32,Male,Single,Research & Development,Research Director,Mid,Master's,7,57451.0,4788,3.0,2,2,4,5.0,1,Yes,No,Occasionally,2018-03-26,,No
EMP10906,30,Female,Divorced,IT,IT Support,Senior,Master's,8,80273.0,6689,3.0,2,3,3,35.0,2,No,No,Frequently,2018-12-23,2024-10-21,Yes
EMP10907,43,Male,Married,IT,Software Engineer,Lead,Bachelor's,18,118834.0,9903,3.0,4,3,2,50.0,4,No,No,Occasionally,2017-12-05,,No
EMP10908,28,Male,Married,Research & Development,Research Scientist,Mid,Master's,3,53045.0,4420,2.0,2,4,4,86.0,4,Yes,Yes,Never,2011-12-10,,No
EMP10909,30,Male,Single,Research & Development,Research Scientist,Mid,Bachelor's,3,39601.0,3300,2.0,3,2,2,43.0,5,Yes,Yes,Occasionally,2013-04-09,2019-12-17,Yes
EMP10910,44,Female,Married,Research & Development,Laboratory Technician,Lead,Master's,16,98080.0,8173,4.0,3,4,3,23.0,4,Yes,No,Frequently,2010-09-18,,No
EMP10911,30,Female,Married,Finance,Finance Manager,Mid,Bachelor's,5,50931.0,4244,2.0,4,4,4,54.0,2,Yes,No,Never,2015-06-13,,No
EMP10912,33,Male,Married,Research & Development,Research Scientist,Mid,Bachelor's,5,52072.0,4339,3.0,4,4,3,30.0,3,No,No,Occasionally,2020-07-16,2021-08-12,Yes
EMP10913,31,Male,Married,Finance,Accountant,Senior,Bachelor's,9,76997.0,6416,1.0,4,3,3,18.0,6,No,No,Occasionally,2015-03-25,,No
EMP10914,21,Male,Single,Research & Development,Research Scientist,Entry,Bachelor's,1,28297.0,2358,3.0,4,2,4,45.0,4,Yes,No,Frequently,2018-11-10,,No
EMP10915,33,Female,Single,Human Resources,HR Executive,Senior,Bachelor's,14,80067.0,6672,1.0,4,1,4,66.0,1,No,Yes,Occasionally,2013-06-15,,No
EMP10916,26,Male,Single,Research & Development,Research Director,Entry,Bachelor's,1,37508.0,3126,3.0,3,2,3,28.0,2,Yes,No,Occasionally,2011-11-06,,No
EMP10917,36,Male,Single,Research & Development,Laboratory Technician,Senior,Bachelor's,13,71670.0,5972,1.0,2,4,4,38.0,6,No,Yes,Never,2020-05-01,2024-09-09,Yes
EMP10918,43,Male,Single,Marketing,Marketing Manager,Lead,Master's,16,99052.0,8254,3.0,3,2,3,54.0,2,No,No,Occasionally,2013-08-19,,No
EMP10919,21,Male,Single,IT,IT Manager,Entry,Bachelor's,0,47849.0,3987,3.0,2,2,3,60.0,2,No,No,Never,2011-02-23,,No
EMP10920,31,Male,Married,Sales,Manager,Senior,Bachelor's,11,95083.0,7924,3.0,1,3,4,68.0,1,Yes,Yes,Occasionally,2013-06-17,,No
EMP10921,38,Male,Married,IT,Software Engineer,Senior,Master's,9,76407.0,6367,3.0,4,3,2,29.0,3,No,No,Occasionally,2025-06-18,,No
EMP10922,21,Male,Single,Research & Development,Research Director,Mid,Bachelor's,3,58238.0,4853,4.0,4,3,3,40.0,3,No,No,Occasionally,2010-07-16,,No
EMP10923,45,Male,Married,IT,IT Manager,Lead,Bachelor's,27,111027.0,9252,3.0,3,4,3,5.0,3,Yes,No,Occasionally,2013-07-14,,No
EMP10924,37,Female,Married,IT,Data Analyst,Senior,Bachelor's,9,87732.0,7311,2.0,2,1,3,35.0,4,Yes,Yes,Frequently,2012-12-10,,No
EMP10925,43,Male,Married,Research & Development,Research Director,Lead,Bachelor's,17,98329.0,8194,2.0,3,3,2,23.0,3,Yes,No,Occasionally,2019-05-31,,No
EMP10926,29,Female,Married,Sales,Manager,Mid,Bachelor's,7,43238.0,3603,1.0,3,3,4,45.0,2,Yes,No,Occasionally,2010-08-26,2019-11-14,Yes
EMP10927,30,Female,Single,Research & Development,Research Director,Senior,Bachelor's,8,68141.0,5678,2.0,3,2,3,58.0,3,No,Yes,Never,2019-05-01,,No
EMP10928,33,Female,Single,Human Resources,HR Executive,Mid,PhD,6,48051.0,4004,3.0,3,3,3,54.0,4,No,No,Frequently,2024-12-17,,No
EMP10929,51,Female,Married,Finance,Accountant,Lead,Bachelor's,35,107357.0,8946,4.0,2,3,3,21.0,3,Yes,Yes,Occasionally,2012-08-03,,No
EMP10930,45,Male,Single,Research & Development,Research Scientist,Lead,High School,19,111616.0,9301,3.0,3,3,3,35.0,5,Yes,No,Occasionally,2011-12-08,,No
EMP10931,35,Male,Married,Sales,Sales Executive,Lead,Master's,16,99166.0,8264,3.0,4,1,3,50.0,1,Yes,No,Frequently,2012-12-24,,No
EMP10932,36,Female,Married,IT,Software Engineer,Lead,Bachelor's,15,107535.0,8961,2.0,3,4,2,44.0,4,No,Yes,Frequently,2010-01-12,,No
EMP10933,39,Female,Single,Marketing,Marketing Executive,Senior,Bachelor's,11,90564.0,7547,2.0,1,4,3,29.0,5,No,Yes,Occasionally,2018-03-06,,No
EMP10934,53,Male,Married,Human Resources,HR Executive,Lead,Master's,24,105374.0,8781,4.0,3,2,2,49.0,1,Yes,No,Occasionally,2024-12-24,,No
EMP10935,37,Male,Married,Sales,Sales Representative,Lead,Bachelor's,16,106997.0,8916,2.0,1,3,4,56.0,3,No,No,Never,2024-12-04,,No
EMP10936,34,Female,Single,Research & Development,Research Director,Senior,Master's,10,81217.0,6768,4.0,4,3,2,39.0,2,Yes,No,Occasionally,2018-01-28,,No
EMP10937,31,Female,Divorced,Sales,Sales Executive,Mid,Bachelor's,5,48333.0,4028,2.0,2,2,3,24.0,4,Yes,No,Occasionally,2010-06-16,,No
EMP10938,36,Male,Single,Marketing,Marketing Executive,Lead,Master's,18,104872.0,8739,4.0,4,3,3,49.0,3,Yes,Yes,Frequently,2014-11-01,,No
EMP10939,29,Female,Divorced,Sales,Sales Representative,Senior,Bachelor's,10,73743.0,6145,3.0,4,2,3,26.0,4,Yes,No,Occasionally,2020-01-17,,No
EMP10940,38,Male,Single,Human Resources,HR Specialist,Senior,Bachelor's,14,75419.0,6285,3.0,3,4,2,66.0,1,Yes,No,Occasionally,2018-08-30,,No
EMP10941,23,Male,Single,Research & Development,Research Director,Entry,Master's,2,37903.0,3159,4.0,2,3,3,5.0,1,No,No,Occasionally,2021-02-15,,No
EMP10942,32,Male,Married,Human Resources,HR Specialist,Senior,PhD,8,80723.0,6727,2.0,4,4,3,36.0,3,No,No,Occasionally,2017-06-07,2021-06-29,Yes
EMP10943,40,Male,Divorced,Finance,Finance Manager,Lead,Master's,17,93024.0,7752,2.0,2,1,3,26.0,5,Yes,Yes,Occasionally,2015-01-15,,No
EMP10944,37,Female,Single,IT,IT Manager,Lead,Bachelor's,19,118985.0,9915,2.0,2,2,3,55.0,5,Yes,No,Occasionally,2023-08-17,,No
EMP10945,30,Male,Married,Sales,Sales Executive,Entry,PhD,0,29580.0,2465,2.0,2,3,3,68.0,1,Yes,No,Occasionally,2025-06-17,2025-10-18,Yes
EMP10946,32,Male,Married,Sales,Sales Executive,Senior,Bachelor's,10,78764.0,6564,3.0,3,4,2,30.0,4,No,Yes,Never,2021-06-23,2024-12-15,Yes
EMP10947,42,Male,Single,Sales,Manager,Lead,High School,19,102147.0,8512,4.0,2,3,4,25.0,5,Yes,No,Never,2017-11-01,,No
EMP10948,24,Male,Married,Marketing,Marketing Analyst,Entry,High School,0,31637.0,2636,1.0,4,3,4,54.0,1,Yes,No,Occasionally,2021-10-31,,No
EMP10949,24,Male,Married,IT,IT Support,Entry,Master's,0,48207.0,4017,4.0,2,3,3,10.0,2,Yes,Yes,Occasionally,2019-10-12,,No
EMP10950,27,Other,Single,Finance,Accountant,Entry,Master's,2,38353.0,3196,4.0,4,1,3,46.0,4,Yes,No,Frequently,2025-09-28,,No
EMP10951,34,Male,Married,Finance,Financial Analyst,Senior,Bachelor's,8,88849.0,7404,3.0,1,3,3,41.0,4,No,Yes,Never,2023-01-01,,No
EMP10952,23,Female,Divorced,Finance,Accountant,Mid,Master's,3,55643.0,4637,4.0,3,3,3,38.0,3,Yes,No,Never,2011-11-24,,No
EMP10953,42,Male,Married,Sales,Manager,Lead,Master's,24,103916.0,8660,3.0,2,1,3,27.0,2,Yes,No,Never,2021-01-20,,No
EMP10954,27,Male,Divorced,Marketing,Marketing Manager,Mid,Bachelor's,4,52085.0,4340,3.0,4,2,3,5.0,1,No,No,Frequently,2013-02-03,,No
EMP10955,36,Male,Single,Research & Development,Research Scientist,Senior,Bachelor's,8,67114.0,5593,3.0,1,3,3,60.0,3,No,No,Never,2023-08-26,,No
EMP10956,29,Male,Single,Research & Development,Laboratory Technician,Mid,Master's,6,33163.0,2764,3.0,3,3,3,53.0,4,No,No,Occasionally,2021-02-13,,No
EMP10957,33,Female,Divorced,Human Resources,HR Specialist,Mid,High School,6,46535.0,3878,2.0,2,3,2,41.0,2,No,Yes,Occasionally,2013-01-05,2022-02-12,Yes
EMP10958,21,Female,Divorced,Sales,Sales Representative,Entry,Bachelor's,0,39191.0,3266,2.0,4,3,2,46.0,1,No,No,Never,2015-09-29,,No
EMP10959,42,Female,Single,Sales,Sales Executive,Senior,Bachelor's,14,85944.0,7162,3.0,2,3,2,39.0,1,No,Yes,Frequently,2023-01-01,,No
EMP10960,26,Female,Single,IT,Data Analyst,Entry,Bachelor's,0,24983.0,2082,1.0,2,3,3,60.0,3,No,No,Occasionally,2023-02-09,,No
EMP10961,25,Female,Married,Sales,Manager,Entry,Master's,0,41007.0,3417,4.0,3,3,3,38.0,2,No,No,Occasionally,2018-05-21,,No
EMP10962,53,Female,Single,Finance,Accountant,Lead,Bachelor's,32,104854.0,8738,3.0,2,3,3,41.0,4,No,Yes,Occasionally,2019-09-17,,No
EMP10963,38,Female,Single,Research & Development,Research Scientist,Lead,Master's,18,95015.0,7918,2.0,3,4,3,45.0,3,No,No,Occasionally,2010-12-14,,No
EMP10964,42,Female,Married,Research & Development,Laboratory Technician,Lead,Bachelor's,20,112415.0,9368,2.0,2,3,3,35.0,1,No,No,Frequently,2018-04-14,,No
EMP10965,38,Male,Divorced,Research & Development,Laboratory Technician,Senior,Master's,14,72462.0,6038,3.0,3,4,3,40.0,5,Yes,No,Occasionally,2010-07-27,,No
EMP10966,30,Male,Married,Research & Development,Research Director,Senior,Master's,8,94309.0,7859,2.0,3,3,3,40.0,2,Yes,No,Occasionally,2025-09-27,,No
EMP10967,24,Female,Married,IT,Data Analyst,Mid,Master's,4,54287.0,4524,1.0,2,2,3,30.0,5,No,Yes,Occasionally,2014-03-26,,No
EMP10968,32,Male,Single,Research & Development,Research Director,Senior,Master's,11,74066.0,6172,4.0,3,2,3,25.0,2,No,No,Occasionally,2023-11-18,,No
EMP10969,26,Male,Married,Human Resources,HR Manager,Entry,Bachelor's,0,25165.0,2097,2.0,2,3,4,38.0,2,No,Yes,Occasionally,2011-09-23,2015-02-27,Yes
EMP10970,27,Female,Single,Research & Development,Research Scientist,Senior,High School,8,77049.0,6421,3.0,3,1,4,37.0,3,No,Yes,Occasionally,2015-11-10,,No
EMP10971,21,Male,Divorced,Finance,Finance Manager,Entry,High School,0,41579.0,3465,1.0,3,3,3,61.0,5,No,Yes,Occasionally,2017-06-09,,No
EMP10972,35,Female,Married,Marketing,Marketing Manager,Lead,Master's,15,92888.0,7741,4.0,4,3,3,25.0,4,Yes,Yes,Frequently,2024-04-27,,No
EMP10973,47,Male,Married,IT,Software Engineer,Lead,PhD,21,116591.0,9716,3.0,2,3,3,32.0,2,Yes,No,Occasionally,2016-09-08,,No
EMP10974,38,Female,Married,Sales,Manager,Lead,Bachelor's,16,102139.0,8512,3.0,3,3,4,45.0,2,No,No,Occasionally,2020-04-09,,No
EMP10975,33,Male,Single,Sales,Sales Executive,Senior,Master's,12,69974.0,5831,3.0,3,3,4,49.0,2,No,No,Occasionally,2019-09-17,,No
EMP10976,34,Female,Divorced,Research & Development,Laboratory Technician,Senior,High School,10,66191.0,5516,3.0,3,1,4,39.0,3,Yes,No,Occasionally,2010-06-26,,No
EMP10977,21,Other,Single,Finance,Financial Analyst,Mid,Bachelor's,5,62850.0,5238,1.0,3,1,3,57.0,3,Yes,No,Occasionally,2019-03-14,,No
EMP10978,31,Female,Single,Sales,Manager,Mid,Master's,5,,4501,3.0,2,3,3,40.0,4,No,No,Occasionally,2019-03-21,,No
EMP10979,23,Male,Single,Research & Development,Research Scientist,Entry,High School,0,27925.0,2327,2.0,3,2,2,26.0,1,No,No,Frequently,2014-06-09,,No
EMP10980,35,Male,Married,Finance,Finance Manager,Senior,Bachelor's,12,85456.0,7121,3.0,3,2,4,41.0,7,Yes,Yes,Occasionally,2010-05-10,,No
EMP10981,32,Female,Married,Research & Development,Laboratory Technician,Lead,Master's,15,108709.0,9059,3.0,3,3,3,55.0,1,No,Yes,Occasionally,2017-05-29,2023-01-29,Yes
EMP10982,27,Female,Single,IT,Software Engineer,Entry,Master's,0,45075.0,3756,4.0,1,2,3,60.0,5,No,Yes,Never,2021-08-01,,No
EMP10983,35,Female,Single,Sales,Sales Representative,Senior,Bachelor's,13,87484.0,7290,2.0,2,1,3,59.0,1,No,No,Occasionally,2012-02-12,,No
EMP10984,35,Female,Divorced,Sales,Manager,Mid,Bachelor's,6,53523.0,4460,2.0,3,3,4,,1,No,No,Never,2022-05-06,,No
EMP10985,46,Male,Single,IT,IT Support,Lead,Bachelor's,19,125527.0,10461,4.0,3,1,3,47.0,1,Yes,No,Frequently,2021-03-22,,No
EMP10986,39,Male,Married,Research & Development,Laboratory Technician,Senior,High School,9,85993.0,7166,4.0,1,1,4,53.0,1,No,No,Occasionally,2012-12-26,,No
EMP10987,36,Female,Married,Finance,Financial Analyst,Lead,Master's,15,114484.0,9540,4.0,3,4,3,13.0,8,Yes,No,Occasionally,2012-12-31,,No
EMP10988,26,Female,Married,Research & Development,Research Scientist,Mid,Bachelor's,4,40161.0,3347,3.0,3,2,3,29.0,5,No,No,Never,2020-04-19,,No
EMP10989,25,Male,Married,Research & Development,Research Director,Entry,High School,0,32769.0,2731,1.0,1,3,3,47.0,4,Yes,Yes,Frequently,2024-05-01,2025-07-21,Yes
EMP10990,39,Male,Married,IT,Data Analyst,Senior,Bachelor's,14,84724.0,7060,4.0,3,2,4,24.0,3,No,No,Occasionally,2012-06-18,,No
EMP10991,32,Female,Divorced,IT,Data Analyst,Senior,Master's,9,84509.0,7042,2.0,4,4,4,63.0,3,Yes,No,Occasionally,2022-05-19,,No
EMP10992,36,Female,Single,Finance,Financial Analyst,Senior,Bachelor's,13,79231.0,6603,2.0,1,3,3,61.0,4,No,Yes,Never,2025-09-09,,No
EMP10993,42,Male,Single,Research & Development,Research Scientist,Lead,High School,21,109522.0,9127,2.0,2,3,3,32.0,5,No,No,Occasionally,2011-08-11,,No
EMP10994,22,Male,Single,Finance,Financial Analyst,Entry,High School,0,41454.0,3454,3.0,3,2,3,26.0,2,No,No,Occasionally,2019-05-23,,No
EMP10995,45,Male,Divorced,Research & Development,Laboratory Technician,Lead,Bachelor's,25,93295.0,7775,1.0,2,2,3,50.0,2,No,No,Occasionally,2021-12-19,,No
EMP10996,42,Male,Married,Sales,Sales Executive,Lead,Bachelor's,19,,9540,3.0,3,3,3,19.0,2,No,Yes,Never,2020-06-27,,No
EMP10997,21,Female,Single,Marketing,Marketing Executive,Entry,Bachelor's,0,24000.0,2000,1.0,2,3,3,45.0,4,Yes,No,Never,2010-03-23,2014-11-20,Yes
EMP10998,53,Female,Married,Sales,Manager,Lead,Master's,33,102159.0,8513,1.0,2,2,3,93.0,3,No,No,Occasionally,2023-06-05,,No
EMP10999,37,Female,Married,Marketing,Marketing Executive,Senior,Master's,13,69787.0,5816,3.0,1,4,3,24.0,3,No,No,Occasionally,2023-04-18,,No
EMP11000,30,Female,Divorced,Research & Development,Research Scientist,Mid,Master's,3,46948.0,3912,2.0,2,3,3,28.0,2,No,Yes,Frequently,2020-02-28,,No
EMP11001,38,Male,Single,Sales,Sales Representative,Lead,Bachelor's,16,112606.0,9384,4.0,2,3,4,31.0,3,Yes,No,Occasionally,2017-10-20,,No
EMP11002,26,Female,Married,Human Resources,HR Specialist,Mid,Bachelor's,4,52851.0,4404,4.0,2,4,3,26.0,2,No,No,Occasionally,2022-12-15,,No
EMP11003,38,Female,Married,IT,IT Support,Lead,Bachelor's,16,116778.0,9732,2.0,2,4,3,27.0,2,Yes,No,Occasionally,2015-10-24,,No
EMP11004,28,Female,Single,IT,Software Engineer,Mid,Bachelor's,4,63424.0,5285,4.0,3,3,4,73.0,2,No,No,Occasionally,2019-12-01,2026-06-11,Yes
EMP11005,50,Male,Divorced,IT,IT Support,Lead,High School,28,98595.0,8216,3.0,2,4,3,43.0,3,Yes,Yes,Occasionally,2012-07-03,2017-08-29,Yes
EMP11006,34,Female,Single,Finance,Accountant,Senior,Master's,11,76096.0,6341,3.0,4,4,3,58.0,3,Yes,No,Occasionally,2014-10-29,,No
EMP11007,39,Female,Married,Finance,Finance Manager,Lead,Bachelor's,19,114240.0,9520,3.0,2,4,4,64.0,7,No,No,Never,2014-08-11,,No
EMP11008,28,Male,Married,IT,Data Analyst,Mid,Bachelor's,3,63598.0,5300,4.0,2,3,4,10.0,4,No,Yes,Occasionally,2016-11-27,,No
EMP11009,41,Male,Married,Research & Development,Research Director,Senior,Bachelor's,12,63703.0,5309,2.0,1,3,3,28.0,1,Yes,Yes,Never,2021-10-28,,No
EMP11010,34,Female,Single,Research & Development,Research Director,Senior,Bachelor's,13,83210.0,6934,2.0,3,2,2,26.0,6,No,Yes,Occasionally,2014-10-19,,No
EMP11011,23,Female,Divorced,Research & Development,Research Scientist,Entry,Master's,2,36312.0,3026,3.0,3,4,3,5.0,6,No,Yes,Occasionally,2015-03-27,,No
EMP11012,32,Male,Single,Marketing,Marketing Manager,Senior,Bachelor's,12,69260.0,5772,2.0,2,2,3,50.0,1,No,No,Occasionally,2021-02-12,2024-01-24,Yes
EMP11013,49,Male,Married,Marketing,Marketing Executive,Lead,Master's,31,107860.0,8988,2.0,2,3,3,47.0,4,No,No,Frequently,2010-08-27,,No
EMP11014,41,Male,Married,Sales,Sales Executive,Lead,Bachelor's,22,103396.0,8616,3.0,4,1,3,66.0,5,No,Yes,Occasionally,2025-07-14,2026-03-28,Yes
EMP11015,31,Male,Divorced,IT,IT Manager,Senior,Master's,8,86444.0,7204,4.0,4,3,3,51.0,6,No,No,Occasionally,2024-09-25,,No
EMP11016,21,Female,Married,Marketing,Marketing Executive,Entry,Bachelor's,0,24000.0,2000,2.0,2,3,3,5.0,1,Yes,No,Occasionally,2014-07-04,,No
EMP11017,27,Male,Single,Sales,Sales Executive,Mid,Master's,4,49532.0,4128,2.0,3,2,3,29.0,1,No,No,Frequently,2018-04-17,,No
EMP11018,23,Male,Married,Human Resources,HR Manager,Entry,Bachelor's,1,40265.0,3355,3.0,3,3,4,31.0,3,No,Yes,Frequently,2015-07-10,2016-03-22,Yes
EMP11019,21,Female,Single,Marketing,Marketing Analyst,Entry,Bachelor's,0,35772.0,2981,2.0,1,3,3,51.0,5,Yes,No,Never,2015-08-06,,No
EMP11020,40,Male,Single,Sales,Sales Representative,Senior,Bachelor's,11,81541.0,6795,4.0,4,2,3,5.0,3,No,No,Frequently,2011-04-24,,No
EMP11021,34,Female,Divorced,Finance,Accountant,Senior,Bachelor's,12,78365.0,6530,4.0,3,4,3,52.0,7,Yes,No,Never,2013-04-19,,No
EMP11022,48,Male,Married,Research & Development,Research Director,Lead,Bachelor's,23,108950.0,9079,4.0,3,3,3,56.0,4,No,No,Never,2011-01-09,,No
EMP11023,26,Female,Single,Marketing,Marketing Executive,Entry,Bachelor's,0,30858.0,2572,3.0,4,2,3,37.0,3,No,Yes,Frequently,2025-08-24,,No
EMP11024,34,Other,Married,Marketing,Marketing Analyst,Senior,Bachelor's,14,69526.0,5794,2.0,3,4,4,28.0,5,No,Yes,Frequently,2025-01-02,,No
EMP11025,23,Male,Single,Marketing,Marketing Manager,Entry,High School,0,30235.0,2520,1.0,1,3,3,63.0,3,No,No,Occasionally,2018-04-08,,No
EMP11026,29,Female,Single,Research & Development,Research Scientist,Entry,Master's,0,42178.0,3515,3.0,2,3,3,17.0,6,No,No,Occasionally,2016-03-27,,No
EMP11027,32,Other,Single,IT,IT Manager,Senior,Bachelor's,9,90926.0,7577,4.0,3,3,3,63.0,3,No,No,Never,2024-10-05,,No
EMP11028,31,Other,Married,IT,Data Analyst,Senior,Bachelor's,10,76055.0,6338,1.0,2,3,2,58.0,1,No,No,Occasionally,2024-01-20,,No
EMP11029,34,Male,Married,Research & Development,Research Scientist,Mid,Master's,5,49079.0,4090,1.0,3,3,2,52.0,2,Yes,No,Occasionally,2025-03-04,,No
EMP11030,42,Male,Married,IT,Data Analyst,Lead,PhD,18,105530.0,8794,4.0,2,2,4,75.0,1,No,No,Never,2011-02-03,,No
EMP11031,41,Male,Single,Sales,Sales Representative,Lead,Master's,21,106257.0,8855,1.0,2,3,4,42.0,1,No,Yes,Occasionally,2021-09-04,,No
EMP11032,28,Male,Married,Finance,Accountant,Mid,Master's,3,62981.0,5248,1.0,4,2,3,53.0,2,No,No,Occasionally,2012-12-09,2013-03-02,Yes
EMP11033,34,Male,Married,Research & Development,Research Scientist,Senior,High School,14,90223.0,7519,4.0,4,3,3,41.0,2,No,No,Occasionally,2018-09-15,,No
EMP11034,40,Male,Married,Sales,Manager,Senior,PhD,12,66008.0,5501,1.0,3,3,4,36.0,1,No,No,Never,2021-10-02,,No
EMP11035,42,Female,Divorced,Sales,Sales Executive,Lead,Bachelor's,24,111008.0,9251,1.0,3,3,3,52.0,2,No,No,Never,2019-01-04,2020-10-01,Yes
EMP11036,29,Male,Married,Finance,Accountant,Mid,Bachelor's,5,55946.0,4662,3.0,4,4,4,37.0,3,Yes,No,Never,2010-02-10,,No
EMP11037,40,Female,Married,Research & Development,Research Scientist,Senior,Master's,13,73430.0,6119,3.0,3,1,3,43.0,2,No,No,Occasionally,2014-07-14,2016-04-25,Yes
EMP11038,37,Female,Divorced,IT,IT Manager,Lead,Bachelor's,18,105453.0,8788,2.0,2,1,4,43.0,1,No,No,Occasionally,2022-09-09,,No
EMP11039,25,Male,Married,Sales,Manager,Entry,Bachelor's,0,44459.0,3705,3.0,3,2,3,35.0,5,No,No,Never,2017-07-09,,No
EMP11040,40,Male,Married,Research & Development,Research Scientist,Senior,Bachelor's,13,64598.0,5383,,3,4,4,55.0,2,Yes,No,Occasionally,2013-09-06,,No
EMP11041,35,Female,Married,Human Resources,HR Manager,Senior,Bachelor's,13,72572.0,6048,3.0,3,4,3,10.0,6,No,No,Occasionally,2015-12-30,,No
EMP11042,21,Male,Single,IT,IT Manager,Entry,Bachelor's,0,41571.0,3464,1.0,2,4,2,29.0,5,No,Yes,Frequently,2012-07-19,,No
EMP11043,32,Male,Married,Research & Development,Research Director,Senior,Bachelor's,8,79173.0,6598,1.0,3,2,3,24.0,4,No,Yes,Occasionally,2014-02-23,2019-12-09,Yes
EMP11044,34,Female,Married,Finance,Financial Analyst,Senior,High School,12,88728.0,7394,3.0,2,3,3,48.0,1,Yes,Yes,Never,2021-04-10,2022-12-17,Yes
EMP11045,29,Male,Single,IT,IT Manager,Entry,Bachelor's,1,,2736,3.0,2,3,2,38.0,6,Yes,Yes,Occasionally,2014-04-12,,No
EMP11046,44,Female,Single,Finance,Accountant,Lead,Bachelor's,20,113371.0,9448,3.0,2,3,3,16.0,4,Yes,No,Occasionally,2022-05-27,,No
EMP11047,44,Female,Divorced,Research & Development,Research Director,Lead,Bachelor's,23,104559.0,8713,3.0,2,3,3,50.0,6,No,No,Never,2015-03-05,,No
EMP11048,31,Male,Married,Sales,Sales Executive,Mid,Master's,3,52282.0,4357,3.0,4,3,3,46.0,4,No,No,Occasionally,2016-02-08,,No
EMP11049,30,Female,Single,IT,IT Support,Senior,Bachelor's,9,79783.0,6649,1.0,3,3,3,43.0,2,Yes,No,Frequently,2011-11-20,,No
EMP11050,33,Male,Single,Sales,Sales Representative,Senior,Master's,10,77133.0,6428,4.0,4,4,3,56.0,2,No,No,Occasionally,2020-10-05,,No
EMP11051,32,Female,Married,IT,Software Engineer,Mid,High School,6,58003.0,4834,4.0,3,2,3,51.0,8,No,No,Frequently,2019-05-06,,No
EMP11052,29,Female,Single,Human Resources,HR Executive,Mid,Bachelor's,5,49506.0,4126,3.0,3,4,2,38.0,3,Yes,Yes,Never,2015-11-21,,No
EMP11053,21,Male,Single,Marketing,Marketing Executive,Entry,Bachelor's,0,28324.0,2360,2.0,3,3,2,49.0,5,Yes,Yes,Occasionally,2012-06-17,,No
EMP11054,48,Female,Married,IT,Data Analyst,Lead,Bachelor's,20,114607.0,9551,3.0,3,3,4,67.0,1,No,No,Occasionally,2023-01-13,,No
EMP11055,34,Female,Married,Marketing,Marketing Manager,Senior,High School,10,66684.0,5557,3.0,3,3,4,39.0,4,Yes,No,Occasionally,2016-12-17,,No
EMP11056,33,Male,Single,Research & Development,Research Scientist,Senior,Bachelor's,10,74654.0,6221,2.0,3,3,4,64.0,6,No,Yes,Occasionally,2010-11-20,,No
EMP11057,37,Female,Single,IT,IT Manager,Senior,Bachelor's,14,77626.0,6469,3.0,4,3,3,76.0,2,Yes,No,Never,2017-10-01,,No
EMP11058,33,Male,Married,Research & Development,Research Director,Senior,Bachelor's,8,75140.0,6262,3.0,4,3,3,48.0,1,No,No,Occasionally,2020-05-06,,No
EMP11059,31,Male,Single,Research & Development,Research Director,Mid,Master's,5,51229.0,4269,4.0,2,1,3,24.0,4,No,No,Occasionally,2023-12-26,,No
EMP11060,26,Male,Married,Finance,Accountant,Mid,PhD,5,62068.0,5172,1.0,1,4,2,37.0,3,No,Yes,Frequently,2012-05-27,2019-06-20,Yes
EMP11061,21,Female,Single,IT,IT Manager,Entry,Bachelor's,0,43613.0,3634,2.0,3,2,4,45.0,3,No,No,Occasionally,2016-05-01,,No
EMP11062,23,Female,Single,Marketing,Marketing Executive,Entry,Master's,0,34043.0,2837,3.0,1,2,4,42.0,2,No,No,Occasionally,2020-02-28,,No
EMP11063,25,Female,Married,IT,IT Manager,Entry,Master's,0,40209.0,3351,4.0,1,4,3,44.0,1,No,No,Frequently,2010-12-01,,No
EMP11064,39,Female,Divorced,Research & Development,Research Director,Lead,Bachelor's,15,103664.0,8639,3.0,2,2,3,64.0,3,No,No,Occasionally,2015-02-07,,No
EMP11065,40,Female,Single,Research & Development,Research Scientist,Lead,Master's,15,103535.0,8628,3.0,3,2,3,27.0,4,No,No,Occasionally,2022-03-12,,No
EMP11066,27,Male,Single,IT,Software Engineer,Mid,PhD,4,46765.0,3897,1.0,3,4,2,49.0,3,Yes,No,Never,2020-07-19,,No
EMP11067,21,Male,Single,Research & Development,Laboratory Technician,Entry,Bachelor's,0,37136.0,3095,3.0,3,2,3,59.0,6,Yes,No,Occasionally,2020-12-28,,No
EMP11068,34,Male,Married,Sales,Sales Executive,Senior,Master's,10,77866.0,6489,4.0,4,1,3,37.0,2,Yes,No,Frequently,2011-09-12,,No
EMP11069,31,Male,Married,Research & Development,Research Scientist,Senior,Master's,11,84403.0,7034,3.0,3,2,3,24.0,1,Yes,No,Occasionally,2013-11-13,,No
EMP11070,30,Male,Married,Research & Development,Research Director,Mid,Bachelor's,7,48118.0,4010,4.0,2,4,3,38.0,1,No,No,Frequently,2024-12-14,2026-02-12,Yes
EMP11071,42,Female,Married,Research & Development,Laboratory Technician,Lead,Bachelor's,15,113823.0,9485,3.0,3,2,2,23.0,1,Yes,No,Never,2023-08-03,,No
EMP11072,35,Other,Single,Research & Development,Research Scientist,Senior,Master's,10,,6221,4.0,2,3,3,29.0,5,No,No,Frequently,2010-09-18,,No
EMP11073,26,Male,Divorced,Sales,Manager,Mid,Master's,3,47988.0,3999,2.0,4,3,4,52.0,4,No,Yes,Never,2020-06-30,2025-03-30,Yes
EMP11074,24,Male,Single,Sales,Sales Representative,Entry,High School,1,42818.0,3568,2.0,2,2,3,47.0,3,Yes,Yes,Frequently,2016-09-09,,No
EMP11075,32,Male,Single,Marketing,Marketing Analyst,Mid,High School,6,54547.0,4546,2.0,4,2,3,55.0,3,Yes,No,Never,2017-03-29,,No
EMP11076,27,Female,Single,Research & Development,Research Director,Mid,Master's,4,63697.0,5308,3.0,3,4,3,51.0,1,No,Yes,Occasionally,2022-05-03,2025-05-02,Yes
EMP11077,33,Male,Single,Research & Development,Research Director,Mid,High School,7,53193.0,4433,2.0,4,3,3,38.0,4,No,No,Occasionally,2025-01-26,,No
EMP11078,42,Female,Married,Finance,Finance Manager,Lead,Master's,21,114652.0,9554,3.0,3,2,4,24.0,3,No,Yes,Never,2020-06-21,,No
EMP11079,23,Male,Married,Sales,Manager,Mid,Bachelor's,5,59201.0,4933,4.0,4,2,3,48.0,4,No,No,Never,2024-09-18,,No
EMP11080,35,Female,Married,Marketing,Marketing Manager,Entry,High School,1,30030.0,2502,3.0,3,3,3,32.0,2,No,No,Occasionally,2022-05-15,,No
EMP11081,41,Male,Single,IT,Software Engineer,Senior,High School,14,85422.0,7118,2.0,3,3,3,39.0,1,No,No,Frequently,2010-06-01,,No
EMP11082,33,Male,Married,Sales,Sales Executive,Mid,Bachelor's,6,53080.0,4423,4.0,3,2,4,29.0,1,No,Yes,Occasionally,2010-02-16,,No
EMP11083,40,Male,Single,Research & Development,Laboratory Technician,Lead,High School,20,110826.0,9236,3.0,4,2,3,58.0,5,No,No,Never,2019-02-12,,No
EMP11084,32,Male,Married,IT,Software Engineer,Senior,Bachelor's,8,75543.0,6295,3.0,4,4,3,5.0,2,No,No,Never,2014-06-19,,No
EMP11085,35,Female,Single,Marketing,Marketing Executive,Senior,Master's,11,80208.0,6684,4.0,2,3,3,51.0,5,No,Yes,Never,2014-07-24,,No
EMP11086,38,Male,Single,Research & Development,Research Scientist,Senior,Bachelor's,14,82443.0,6870,4.0,2,1,3,45.0,2,No,No,Never,2018-11-04,,No
EMP11087,29,Male,Married,Finance,Finance Manager,Entry,Master's,2,31220.0,2602,3.0,1,1,2,58.0,5,Yes,Yes,Occasionally,2018-10-30,,No
EMP11088,50,Female,Married,Sales,Sales Representative,Lead,Bachelor's,28,98830.0,8236,4.0,3,3,3,20.0,3,No,Yes,Occasionally,2025-08-24,,No
EMP11089,39,Male,Married,Marketing,Marketing Analyst,Lead,Bachelor's,16,93392.0,7783,3.0,4,1,3,41.0,4,No,No,Frequently,2017-09-14,,No
EMP11090,44,Male,Single,Research & Development,Laboratory Technician,Lead,Bachelor's,17,119549.0,9962,3.0,1,2,3,34.0,4,Yes,No,Occasionally,2013-07-04,,No
EMP11091,43,Female,Single,Marketing,Marketing Analyst,Lead,Bachelor's,22,99878.0,8323,3.0,3,3,3,39.0,1,No,No,Occasionally,2019-09-18,2020-01-18,Yes
EMP11092,37,Female,Single,Finance,Financial Analyst,Senior,PhD,8,89926.0,7494,3.0,3,3,3,42.0,3,No,No,Frequently,2013-04-29,,No
EMP11093,45,Male,Married,Finance,Financial Analyst,Lead,Master's,25,107544.0,8962,3.0,4,3,3,33.0,1,Yes,Yes,Occasionally,2013-04-25,2020-08-03,Yes
EMP11094,36,Female,Married,Human Resources,HR Manager,Lead,Bachelor's,16,112687.0,9391,3.0,3,3,3,40.0,2,Yes,No,Occasionally,2014-07-06,,No
EMP11095,28,Female,Single,Research & Development,Laboratory Technician,Entry,Master's,0,36067.0,3006,2.0,2,4,3,64.0,4,No,No,Frequently,2019-04-05,,No
EMP11096,34,Male,Married,Sales,Sales Executive,Senior,Bachelor's,9,90715.0,7560,3.0,4,2,3,68.0,3,No,Yes,Occasionally,2016-10-22,2026-02-20,Yes
EMP11097,26,Female,Married,Research & Development,Research Scientist,Entry,Bachelor's,0,42121.0,3510,3.0,1,2,3,46.0,3,No,No,Never,2020-01-26,,No
EMP11098,21,Female,Married,Sales,Manager,Entry,Bachelor's,0,33492.0,2791,4.0,3,2,4,68.0,6,Yes,No,Occasionally,2013-08-14,,No
EMP11099,27,Female,Single,IT,IT Support,Entry,Master's,0,41169.0,3431,2.0,1,4,3,16.0,1,No,Yes,Occasionally,2023-12-01,,No
EMP11100,35,Female,Married,Research & Development,Research Director,Senior,Bachelor's,9,80754.0,6730,4.0,2,3,3,56.0,3,No,No,Occasionally,2010-08-22,,No
EMP11101,42,Male,Single,Sales,Sales Executive,Lead,Master's,18,123769.0,10314,4.0,4,1,3,46.0,2,Yes,No,Occasionally,2018-08-03,,No
EMP11102,27,Female,Married,Marketing,Marketing Executive,Mid,Bachelor's,4,52474.0,4373,3.0,3,2,3,35.0,6,No,No,Frequently,2020-03-09,,No
EMP11103,42,Male,Married,IT,IT Support,Lead,Bachelor's,16,102951.0,8579,3.0,3,3,3,53.0,1,No,Yes,Occasionally,2018-12-15,,No
EMP11104,24,Male,Single,Marketing,Marketing Analyst,Mid,PhD,4,53713.0,4476,3.0,3,1,4,45.0,4,No,Yes,Never,2015-09-30,2020-04-02,Yes
EMP11105,27,Male,Single,Marketing,Marketing Manager,Mid,Bachelor's,4,47515.0,3960,4.0,3,3,3,31.0,6,Yes,No,Occasionally,2013-05-26,,No
EMP11106,46,Female,Single,Sales,Manager,Lead,Master's,23,106479.0,8873,3.0,1,4,4,55.0,4,No,No,Never,2022-03-28,,No
EMP11107,34,Female,Married,Research & Development,Research Director,Senior,Master's,8,84058.0,7005,2.0,3,1,3,41.0,4,No,No,Never,2018-06-15,,No
EMP11108,33,Male,Divorced,IT,IT Manager,Mid,Master's,7,62529.0,5211,3.0,3,2,2,29.0,3,No,No,Never,2010-07-09,,No
EMP11109,36,Female,Single,Finance,Finance Manager,Senior,High School,14,75848.0,6321,3.0,4,1,4,57.0,3,No,Yes,Frequently,2011-11-28,,No
EMP11110,24,Female,Married,Sales,Sales Executive,Entry,Bachelor's,0,30580.0,2548,2.0,3,2,4,11.0,3,Yes,No,Occasionally,2010-06-22,,No
EMP11111,31,Female,Married,IT,Data Analyst,Senior,Master's,8,75536.0,6295,3.0,3,3,2,72.0,3,Yes,No,Never,2019-04-27,,No
EMP11112,34,Male,Divorced,Research & Development,Research Director,Senior,Bachelor's,10,84929.0,7077,2.0,3,1,3,58.0,2,No,No,Frequently,2024-04-04,,No
EMP11113,44,Female,Married,Research & Development,Laboratory Technician,Lead,Bachelor's,20,110744.0,9229,3.0,2,3,3,8.0,1,No,No,Frequently,2022-12-17,,No
EMP11114,21,Female,Married,Human Resources,HR Specialist,Entry,Bachelor's,0,24382.0,2032,3.0,3,3,2,64.0,3,No,No,Frequently,2024-09-17,,No
EMP11115,48,Male,Married,Finance,Accountant,Lead,Bachelor's,27,126647.0,10554,4.0,4,4,3,44.0,4,Yes,Yes,Never,2022-04-09,,No
EMP11116,33,Male,Married,Finance,Finance Manager,Mid,Bachelor's,7,54481.0,4540,3.0,2,3,4,5.0,4,No,No,Never,2016-12-01,,No
EMP11117,25,Other,Single,Sales,Sales Executive,Mid,Bachelor's,4,54069.0,4506,3.0,2,2,3,8.0,3,No,Yes,Never,2017-10-23,2020-06-22,Yes
EMP11118,24,Female,Divorced,IT,IT Support,Entry,Bachelor's,1,36637.0,3053,4.0,3,2,3,,1,Yes,Yes,Frequently,2018-03-17,,No
EMP11119,36,Male,Married,Research & Development,Laboratory Technician,Senior,High School,8,78941.0,6578,3.0,2,3,3,22.0,3,Yes,No,Occasionally,2020-12-23,2022-03-29,Yes
EMP11120,23,Male,Married,Sales,Sales Representative,Entry,Bachelor's,2,32658.0,2722,4.0,4,2,2,26.0,2,Yes,Yes,Never,2016-05-21,,No
EMP11121,30,Female,Divorced,IT,Software Engineer,Entry,Master's,0,29217.0,2435,2.0,1,2,4,44.0,4,Yes,No,Frequently,2015-01-31,,No
EMP11122,32,Male,Married,Marketing,Marketing Manager,Senior,Master's,8,84215.0,7018,4.0,3,4,3,51.0,3,Yes,No,Occasionally,2023-04-06,,No
EMP11123,43,Male,Married,IT,IT Manager,Lead,High School,20,106203.0,8850,2.0,3,1,3,46.0,3,Yes,Yes,Occasionally,2010-07-25,,No
EMP11124,42,Male,Single,IT,Data Analyst,Lead,Bachelor's,20,118420.0,9868,4.0,1,2,3,26.0,2,No,No,Occasionally,2011-01-10,,No
EMP11125,29,Male,Divorced,Finance,Financial Analyst,Mid,Bachelor's,6,54377.0,4531,2.0,4,4,3,29.0,3,Yes,No,Occasionally,2023-10-11,,No
EMP11126,32,Female,Married,Human Resources,HR Specialist,Senior,Bachelor's,9,76443.0,6370,2.0,3,2,3,23.0,1,No,No,Occasionally,2021-07-10,,No
EMP11127,21,Female,Married,Sales,Sales Executive,Entry,Master's,0,35375.0,2948,2.0,1,1,4,46.0,4,Yes,Yes,Occasionally,2012-02-18,,No
EMP11128,21,Male,Divorced,Research & Development,Research Scientist,Entry,Master's,0,32961.0,2747,2.0,2,2,3,45.0,1,Yes,Yes,Never,2018-03-21,2020-03-15,Yes
EMP11129,24,Female,Single,Research & Development,Research Director,Entry,Master's,0,37207.0,3101,3.0,3,3,4,49.0,5,No,Yes,Never,2021-12-20,,No
EMP11130,43,Male,Single,Research & Development,Laboratory Technician,Lead,Bachelor's,22,100043.0,8337,3.0,2,4,3,45.0,3,No,Yes,Frequently,2020-05-05,,No
EMP11131,40,Male,Married,IT,IT Support,Lead,Bachelor's,16,119258.0,9938,4.0,3,3,4,44.0,2,No,No,Frequently,2011-02-19,2013-06-20,Yes
EMP11132,37,Female,Single,Research & Development,Laboratory Technician,Senior,Bachelor's,14,68786.0,5732,2.0,3,2,3,58.0,4,No,No,Occasionally,2025-01-30,,No
EMP11133,22,Male,Married,Sales,Manager,Entry,High School,2,25610.0,2134,2.0,3,2,3,44.0,1,Yes,No,Occasionally,2016-07-27,,No
EMP11134,28,Male,Single,Research & Development,Laboratory Technician,Entry,High School,0,36053.0,3004,3.0,2,3,3,58.0,7,No,Yes,Never,2018-07-10,,No
EMP11135,27,Male,Single,Finance,Finance Manager,Entry,High School,1,43347.0,3612,2.0,3,3,2,35.0,2,Yes,No,Occasionally,2019-10-23,,No
EMP11136,33,Female,Married,Sales,Sales Executive,Senior,Bachelor's,10,77987.0,6499,4.0,1,3,3,28.0,3,Yes,No,Occasionally,2015-07-30,,No
EMP11137,32,Male,Married,IT,Data Analyst,Mid,Bachelor's,5,69445.0,5787,3.0,3,3,4,64.0,3,No,No,Occasionally,2017-07-03,,No
EMP11138,26,Male,Single,Research & Development,Laboratory Technician,Entry,Bachelor's,2,26165.0,2180,3.0,3,4,3,34.0,5,Yes,No,Occasionally,2023-08-04,,No
EMP11139,37,Female,Single,Research & Development,Research Scientist,Lead,Bachelor's,18,96843.0,8070,2.0,2,2,3,40.0,3,No,No,Occasionally,2024-04-24,,No
EMP11140,36,Male,Married,Finance,Finance Manager,Senior,PhD,12,85868.0,7156,2.0,2,2,3,27.0,1,Yes,No,Occasionally,2015-09-15,,No
EMP11141,28,Male,Married,IT,IT Manager,Entry,Bachelor's,0,39856.0,3321,3.0,1,4,3,78.0,2,Yes,No,Occasionally,2016-07-25,,No
EMP11142,36,Male,Married,Research & Development,Laboratory Technician,Senior,Bachelor's,13,81643.0,6804,3.0,3,2,4,14.0,3,No,No,Occasionally,2018-11-13,,No
EMP11143,43,Male,Single,Finance,Accountant,Lead,High School,21,101804.0,8484,4.0,3,3,3,60.0,5,No,No,Frequently,2014-12-20,,No
EMP11144,45,Male,Married,Human Resources,HR Manager,Lead,Master's,25,101897.0,8491,3.0,3,3,3,9.0,3,Yes,Yes,Occasionally,2023-10-14,2025-04-04,Yes
EMP11145,38,Female,Single,Research & Development,Research Scientist,Lead,Bachelor's,15,117200.0,9767,4.0,4,3,3,35.0,3,Yes,No,Never,2011-09-04,,No
EMP11146,38,Female,Single,IT,IT Support,Senior,Master's,10,81593.0,6799,4.0,3,2,2,55.0,4,Yes,Yes,Never,2017-10-11,,No
EMP11147,32,Male,Divorced,IT,IT Manager,Senior,Bachelor's,9,92986.0,7749,2.0,3,4,3,72.0,6,No,No,Occasionally,2010-12-06,,No
EMP11148,42,Male,Single,Finance,Finance Manager,Lead,Master's,15,114438.0,9536,4.0,2,2,3,38.0,2,No,No,Occasionally,2024-03-07,,No
EMP11149,25,Male,Single,IT,IT Manager,Entry,Bachelor's,0,37002.0,3084,1.0,2,3,4,32.0,6,No,Yes,Occasionally,2010-04-12,,No
EMP11150,41,Male,Single,IT,IT Support,Senior,Bachelor's,10,92882.0,7740,3.0,2,1,4,46.0,1,Yes,No,Frequently,2014-08-24,,No
EMP11151,32,Male,Divorced,IT,Data Analyst,Mid,Bachelor's,5,61284.0,5107,3.0,3,4,4,72.0,5,No,No,Occasionally,2010-06-10,,No
EMP11152,46,Male,Married,IT,Software Engineer,Lead,Bachelor's,25,112095.0,9341,3.0,2,2,4,45.0,2,Yes,No,Never,2017-02-05,,No
EMP11153,39,Male,Married,Finance,Financial Analyst,Lead,Master's,20,108441.0,9037,2.0,3,4,3,51.0,2,No,No,Occasionally,2019-03-20,,No
EMP11154,33,Female,Married,Finance,Finance Manager,Senior,Bachelor's,8,83072.0,6923,3.0,3,2,2,30.0,3,No,No,Occasionally,2013-03-21,,No
EMP11155,32,Male,Single,Finance,Accountant,Senior,Bachelor's,14,72102.0,6008,4.0,1,3,2,58.0,3,No,Yes,Never,2019-08-30,,No
EMP11156,38,Male,Married,IT,IT Support,Senior,PhD,11,89293.0,7441,4.0,3,3,3,14.0,1,No,Yes,Occasionally,2013-10-06,2022-11-29,Yes
EMP11157,38,Male,Single,Sales,Sales Representative,Lead,Bachelor's,15,108090.0,9008,3.0,2,2,3,65.0,4,Yes,No,Frequently,2023-08-06,,No
EMP11158,31,Male,Married,IT,IT Manager,Senior,PhD,8,79002.0,6584,2.0,3,2,3,66.0,2,No,No,Occasionally,2014-10-17,,No
EMP11159,35,Female,Married,IT,Data Analyst,Senior,Bachelor's,13,74121.0,6177,4.0,3,3,3,78.0,2,Yes,No,Occasionally,2014-12-27,,No
EMP11160,41,Male,Single,Sales,Sales Representative,Senior,Master's,12,74245.0,6187,4.0,3,2,3,66.0,2,Yes,No,Occasionally,2022-06-28,,No
EMP11161,23,Male,Single,IT,Data Analyst,Entry,High School,0,40751.0,3396,2.0,2,4,3,32.0,3,Yes,Yes,Occasionally,2012-12-17,,No
EMP11162,40,Male,Married,Sales,Sales Executive,Lead,Bachelor's,17,106092.0,8841,2.0,2,2,2,68.0,5,No,No,Frequently,2022-03-07,,No
EMP11163,38,Male,Single,Research & Development,Laboratory Technician,Senior,Bachelor's,14,77049.0,6421,4.0,3,3,4,62.0,2,No,No,Occasionally,2023-10-30,,No
EMP11164,43,Female,Single,IT,IT Manager,Lead,Bachelor's,15,116717.0,9726,4.0,2,4,4,29.0,1,Yes,No,Frequently,2025-10-01,,No
EMP11165,28,Other,Single,Sales,Sales Representative,Entry,Bachelor's,0,24000.0,2000,1.0,4,3,3,46.0,1,Yes,No,Frequently,2024-05-30,,No
EMP11166,34,Male,Married,IT,IT Support,Lead,Bachelor's,18,111542.0,9295,4.0,2,2,3,5.0,1,Yes,No,Occasionally,2018-04-25,,No
EMP11167,36,Female,Divorced,IT,IT Support,Lead,PhD,15,114085.0,9507,3.0,4,2,3,17.0,2,No,No,Frequently,2023-01-04,,No
EMP11168,40,Male,Married,Human Resources,HR Executive,Lead,PhD,18,108225.0,9019,4.0,4,4,3,57.0,1,No,No,Occasionally,2019-07-21,2026-08-04,Yes
EMP11169,37,Male,Married,Sales,Manager,Senior,PhD,9,82292.0,6858,3.0,3,3,2,71.0,5,Yes,No,Occasionally,2024-10-28,,No
EMP11170,24,Male,Married,Research & Development,Laboratory Technician,Mid,PhD,6,50576.0,4215,3.0,2,3,3,57.0,1,No,No,Never,2019-10-07,,No
EMP11171,36,Female,Single,Finance,Finance Manager,Senior,Master's,13,80373.0,6698,2.0,4,2,3,43.0,1,Yes,No,Never,2016-10-05,,No
EMP11172,50,Male,Single,Marketing,Marketing Executive,Lead,PhD,25,99809.0,8317,4.0,2,1,2,23.0,1,No,No,Occasionally,2013-03-20,,No
EMP11173,39,Other,Married,Finance,Finance Manager,Lead,Master's,16,111718.0,9310,3.0,3,3,4,54.0,3,No,No,Occasionally,2010-01-26,,No
EMP11174,47,Male,Married,Research & Development,Research Director,Lead,Bachelor's,20,98907.0,8242,4.0,2,4,4,8.0,3,Yes,No,Never,2011-08-16,,No
EMP11175,42,Male,Married,Finance,Financial Analyst,Lead,Master's,23,113016.0,9418,1.0,3,2,2,51.0,4,Yes,No,Never,2025-09-12,,No
EMP11176,45,Female,Married,Human Resources,HR Executive,Lead,Master's,23,113268.0,9439,3.0,1,3,3,26.0,1,No,No,Occasionally,2010-10-07,,No
EMP11177,36,Female,Married,IT,IT Manager,Mid,Master's,6,62278.0,5190,3.0,2,2,3,56.0,4,No,No,Occasionally,2017-04-20,,No
EMP11178,38,Female,Divorced,Sales,Sales Representative,Lead,Bachelor's,15,113983.0,9499,1.0,3,4,4,56.0,2,No,No,Occasionally,2024-06-25,,No
EMP11179,36,Female,Single,IT,IT Support,Senior,High School,14,79826.0,6652,2.0,4,3,3,32.0,3,No,Yes,Occasionally,2018-10-03,2025-03-12,Yes
EMP11180,34,Male,Single,Human Resources,HR Specialist,Lead,Master's,15,96609.0,8051,2.0,2,3,3,59.0,5,No,Yes,Never,2021-07-27,,No
EMP11181,40,Male,Married,Marketing,Marketing Manager,Lead,PhD,22,103868.0,8656,3.0,3,4,4,10.0,2,No,Yes,Occasionally,2025-09-26,,No
EMP11182,30,Male,Single,Research & Development,Research Director,Mid,Bachelor's,7,47702.0,3975,3.0,3,3,3,39.0,4,Yes,Yes,Occasionally,2024-05-22,,No
EMP11183,49,Male,Divorced,Finance,Accountant,Lead,Bachelor's,23,105546.0,8796,2.0,2,4,2,56.0,7,No,No,Never,2011-01-16,,No
EMP11184,27,Female,Single,Marketing,Marketing Manager,Entry,Bachelor's,2,24000.0,2000,2.0,3,2,4,53.0,1,No,No,Frequently,2023-01-29,,No
EMP11185,40,Female,Married,Sales,Manager,Lead,Bachelor's,19,106229.0,8852,3.0,3,4,3,32.0,1,Yes,Yes,Occasionally,2015-12-29,2022-12-08,Yes
EMP11186,45,Female,Married,Marketing,Marketing Manager,Lead,Bachelor's,17,105151.0,8763,1.0,2,4,2,58.0,2,No,Yes,Occasionally,2010-04-01,,No
EMP11187,33,Male,Married,Finance,Financial Analyst,Mid,Bachelor's,4,61902.0,5158,3.0,3,2,3,59.0,1,No,No,Occasionally,2017-06-02,,No
EMP11188,25,Female,Single,Sales,Sales Representative,Mid,PhD,6,55872.0,4656,3.0,3,3,3,21.0,3,Yes,No,Never,2022-01-16,,No
EMP11189,43,Female,Divorced,Research & Development,Research Scientist,Lead,Master's,16,103773.0,8648,3.0,2,4,4,40.0,2,Yes,Yes,Occasionally,2022-10-17,,No
EMP11190,36,Male,Single,IT,Data Analyst,Senior,Bachelor's,12,89390.0,7449,3.0,3,1,3,46.0,4,No,No,Occasionally,2021-10-02,,No
EMP11191,41,Male,Married,Sales,Sales Representative,Lead,Master's,20,111207.0,9267,2.0,3,3,4,45.0,4,Yes,Yes,Occasionally,2011-02-17,,No
EMP11192,33,Female,Married,Finance,Finance Manager,Senior,Bachelor's,9,76591.0,6383,2.0,3,3,3,57.0,4,No,No,Occasionally,2022-02-17,,No
EMP11193,48,Female,Single,Research & Development,Laboratory Technician,Lead,Bachelor's,26,106373.0,8864,4.0,3,1,3,35.0,5,Yes,Yes,Occasionally,2025-01-15,,No
EMP11194,21,Other,Divorced,Finance,Financial Analyst,Entry,Bachelor's,0,46573.0,3881,4.0,1,3,3,71.0,4,No,Yes,Frequently,2012-03-08,,No
EMP11195,37,Male,Married,Sales,Sales Executive,Lead,Master's,18,107286.0,8940,3.0,4,3,4,35.0,2,No,Yes,Occasionally,2017-09-10,,No
EMP11196,45,Male,Married,IT,IT Manager,Lead,Master's,20,106245.0,8854,2.0,3,2,2,22.0,6,No,No,Never,2016-06-07,,No
EMP11197,35,Male,Married,Marketing,Marketing Executive,Mid,Master's,5,44143.0,3679,3.0,3,3,3,38.0,2,No,No,Occasionally,2024-09-25,,No
EMP11198,36,Male,Married,Marketing,Marketing Analyst,Lead,Bachelor's,17,94701.0,7892,4.0,2,3,2,47.0,5,Yes,Yes,Occasionally,2017-08-05,,No
EMP11199,31,Female,Single,IT,Software Engineer,Senior,Bachelor's,10,68666.0,5722,3.0,3,4,4,21.0,3,No,No,Occasionally,2019-12-04,,No
EMP11200,34,Male,Married,Sales,Sales Representative,Senior,High School,12,72611.0,6051,4.0,3,3,4,36.0,3,No,No,Occasionally,2014-05-03,,No
EMP11201,21,Female,Married,IT,Software Engineer,Entry,Master's,0,37778.0,3148,2.0,4,3,3,20.0,4,Yes,Yes,Frequently,2023-03-10,,No
EMP11202,28,Female,Single,Sales,Sales Executive,Mid,Master's,6,45166.0,3764,3.0,3,3,3,55.0,2,Yes,No,Frequently,2021-08-17,,No
EMP11203,28,Male,Married,Sales,Sales Representative,Entry,Bachelor's,2,27210.0,2268,3.0,3,3,2,39.0,1,No,No,Occasionally,2018-03-23,,No
EMP11204,39,Male,Married,Research & Development,Research Scientist,Lead,Bachelor's,21,98322.0,8194,3.0,2,4,2,5.0,2,No,Yes,Never,2014-09-10,2020-05-27,Yes
EMP11205,29,Male,Married,Research & Development,Research Director,Entry,PhD,0,24000.0,2000,3.0,4,3,3,61.0,5,No,No,Occasionally,2018-01-10,,No
EMP11206,30,Female,Single,IT,Data Analyst,Mid,Master's,5,57811.0,4818,3.0,3,3,3,21.0,2,No,No,Never,2018-06-12,,No
EMP11207,31,Male,Single,Finance,Accountant,Senior,Bachelor's,10,84681.0,7057,4.0,4,3,4,90.0,1,No,No,Occasionally,2021-02-19,,No
EMP11208,28,Male,Single,Research & Development,Laboratory Technician,Entry,Master's,2,28430.0,2369,4.0,3,4,3,30.0,3,Yes,No,Frequently,2014-11-05,2015-02-20,Yes
EMP11209,36,Male,Married,Research & Development,Research Director,Senior,Bachelor's,13,83953.0,6996,1.0,3,4,2,32.0,4,Yes,No,Occasionally,2024-02-14,,No
EMP11210,37,Female,Divorced,Marketing,Marketing Analyst,Lead,Bachelor's,16,106072.0,8839,3.0,3,1,4,45.0,3,No,No,Frequently,2019-05-24,2025-03-14,Yes
EMP11211,41,Male,Single,Research & Development,Research Scientist,Lead,Bachelor's,19,111251.0,9271,4.0,3,3,4,5.0,5,No,No,Frequently,2025-04-03,,No
EMP11212,39,Female,Single,Research & Development,Research Scientist,Senior,Bachelor's,14,76222.0,6352,2.0,3,3,3,50.0,2,Yes,No,Occasionally,2022-04-26,,No
EMP11213,38,Female,Married,Sales,Sales Executive,Lead,Bachelor's,15,109698.0,9142,3.0,2,2,3,55.0,4,Yes,No,Frequently,2017-07-02,,No
EMP11214,31,Male,Single,IT,Data Analyst,Mid,Bachelor's,5,49124.0,4094,1.0,3,3,2,58.0,2,No,No,Occasionally,2011-03-01,,No
EMP11215,31,Male,Single,Finance,Financial Analyst,Mid,Bachelor's,4,61897.0,5158,1.0,3,2,3,47.0,3,No,No,Never,2010-04-02,,No
EMP11216,27,Male,Married,Research & Development,Laboratory Technician,Entry,Bachelor's,0,32046.0,2670,4.0,2,3,3,44.0,3,No,No,Occasionally,2015-09-06,2022-07-09,Yes
EMP11217,27,Male,Married,Sales,Sales Executive,Mid,Bachelor's,6,59685.0,4974,3.0,3,2,4,15.0,5,No,No,Occasionally,2018-02-14,2025-09-30,Yes
EMP11218,36,Male,Married,Finance,Finance Manager,Senior,High School,12,78234.0,6520,3.0,3,2,3,51.0,3,No,No,Occasionally,2025-01-24,,No
EMP11219,28,Male,Married,Finance,Finance Manager,Mid,Master's,5,68192.0,5683,2.0,2,1,4,41.0,2,No,No,Frequently,2010-01-19,,No
EMP11220,46,Female,Single,Research & Development,Research Director,Lead,Bachelor's,23,108736.0,9061,1.0,2,3,3,34.0,1,No,No,Occasionally,2019-07-23,,No
EMP11221,34,Female,Divorced,Marketing,Marketing Manager,Senior,Bachelor's,9,69663.0,5805,4.0,3,2,3,23.0,1,No,No,Never,2022-04-12,,No
EMP11222,46,Male,Single,Sales,Sales Representative,Lead,PhD,28,112897.0,9408,3.0,1,4,3,51.0,4,Yes,No,Never,2020-01-20,,No
EMP11223,39,Male,Single,Research & Development,Research Scientist,Senior,Bachelor's,13,68595.0,5716,1.0,2,1,4,36.0,1,Yes,No,Occasionally,2020-11-16,2024-01-07,Yes
EMP11224,28,Female,Single,Marketing,Marketing Manager,Mid,Master's,5,44204.0,3684,4.0,3,4,3,8.0,3,No,Yes,Occasionally,2010-04-03,,No
EMP11225,34,Male,Single,Research & Development,Laboratory Technician,Senior,Bachelor's,12,85021.0,7085,3.0,2,3,3,38.0,5,Yes,Yes,Never,2021-04-29,,No
EMP11226,21,Male,Single,Finance,Finance Manager,Entry,Master's,0,38348.0,3196,3.0,3,4,2,28.0,8,No,No,Occasionally,2025-12-01,,No
EMP11227,36,Male,Married,Research & Development,Research Director,Lead,Master's,15,105507.0,8792,3.0,2,2,3,58.0,2,No,No,Occasionally,2023-04-10,,No
EMP11228,29,Female,Married,Research & Development,Laboratory Technician,Mid,Bachelor's,7,48472.0,4039,1.0,4,2,3,39.0,3,No,No,Occasionally,2015-09-27,,No
EMP11229,25,Male,Single,Marketing,Marketing Analyst,Entry,Master's,0,37822.0,3152,3.0,2,3,3,37.0,4,Yes,No,Occasionally,2011-08-28,,No
EMP11230,46,Female,Married,Research & Development,Research Scientist,Lead,High School,29,103098.0,8592,3.0,2,3,2,48.0,3,Yes,No,Occasionally,2018-11-30,,No
EMP11231,42,Male,Married,IT,IT Manager,Lead,PhD,16,113411.0,9451,2.0,3,3,3,72.0,1,Yes,No,Occasionally,2016-04-22,,No
EMP11232,42,Female,Single,Research & Development,Research Scientist,Lead,Bachelor's,19,97109.0,8092,3.0,2,1,3,49.0,1,Yes,No,Never,2022-09-15,,No
EMP11233,40,Female,Single,Sales,Manager,Lead,Master's,20,104596.0,8716,2.0,4,3,4,28.0,3,Yes,Yes,Frequently,2016-03-16,,No
EMP11234,24,Female,Single,Sales,Manager,Entry,Bachelor's,0,33227.0,2769,3.0,3,2,2,14.0,4,Yes,No,Occasionally,2013-12-13,,No
EMP11235,31,Male,Single,Finance,Financial Analyst,Mid,Bachelor's,4,59740.0,4978,2.0,4,3,4,66.0,7,No,No,Never,2015-11-20,,No
EMP11236,31,Male,Married,Research & Development,Research Scientist,Senior,PhD,9,78364.0,6530,4.0,3,3,3,5.0,2,Yes,Yes,Occasionally,2019-06-02,2023-03-01,Yes
EMP11237,21,Male,Single,IT,Data Analyst,Entry,Master's,0,36665.0,3055,4.0,4,3,3,42.0,4,No,No,Never,2020-01-06,,No
EMP11238,30,Male,Single,Research & Development,Research Scientist,Senior,Bachelor's,10,77993.0,6499,2.0,3,4,3,84.0,2,No,No,Occasionally,2012-10-10,,No
EMP11239,30,Male,Single,Marketing,Marketing Executive,Senior,Bachelor's,12,82865.0,6905,4.0,1,2,3,10.0,1,No,No,Occasionally,2018-07-05,,No
EMP11240,35,Female,Married,Sales,Manager,Senior,Bachelor's,10,65611.0,5468,3.0,2,3,3,22.0,2,No,No,Occasionally,2016-10-11,,No
EMP11241,54,Male,Single,IT,Software Engineer,Lead,Bachelor's,31,110842.0,9237,3.0,3,2,3,46.0,5,Yes,Yes,Occasionally,2021-08-01,,No
EMP11242,34,Female,Married,IT,IT Manager,Lead,Bachelor's,16,113461.0,9455,4.0,4,2,3,27.0,4,No,No,Occasionally,2019-03-11,2022-05-24,Yes
EMP11243,35,Male,Single,IT,IT Support,Senior,Bachelor's,11,76544.0,6379,1.0,1,3,3,40.0,6,Yes,No,Never,2020-05-19,,No
EMP11244,32,Male,Married,IT,Software Engineer,Senior,Bachelor's,10,89508.0,7459,2.0,4,4,3,50.0,7,No,Yes,Occasionally,2022-01-29,,No
EMP11245,40,Male,Divorced,IT,Data Analyst,Lead,Bachelor's,17,116197.0,9683,2.0,4,4,3,52.0,4,Yes,No,Occasionally,2022-03-22,,No
EMP11246,25,Male,Married,Finance,Financial Analyst,Entry,Bachelor's,0,42987.0,3582,3.0,3,3,3,62.0,5,No,No,Occasionally,2019-03-17,2020-09-21,Yes
EMP11247,49,Male,Married,Sales,Sales Executive,Lead,Bachelor's,23,120118.0,10010,2.0,3,2,2,14.0,1,No,No,Frequently,2010-08-27,,No
EMP11248,33,Female,Married,Sales,Sales Executive,Lead,Bachelor's,16,107311.0,8943,3.0,2,2,3,65.0,3,Yes,No,Never,2011-11-28,,No
EMP11249,31,Male,Married,Marketing,Marketing Manager,Senior,Master's,11,74018.0,6168,2.0,4,3,3,66.0,3,No,No,Occasionally,2015-09-08,,No
EMP11250,42,Female,Married,Finance,Accountant,Lead,High School,16,115570.0,9631,3.0,3,3,2,57.0,6,No,No,Never,2021-10-10,,No
EMP11251,27,Female,Single,IT,Software Engineer,Mid,Bachelor's,4,54884.0,4574,1.0,3,2,3,22.0,1,No,No,Never,2014-03-04,,No
EMP11252,40,Male,Married,Research & Development,Research Director,Senior,Bachelor's,13,79249.0,6604,2.0,4,3,2,21.0,1,Yes,No,Never,2016-03-29,,No
EMP11253,45,Female,Divorced,Sales,Sales Representative,Lead,Bachelor's,24,112258.0,9355,2.0,2,4,3,47.0,6,Yes,Yes,Occasionally,2023-09-13,,No
EMP11254,32,Male,Single,Sales,Manager,Mid,Master's,4,57825.0,4819,3.0,4,3,3,54.0,4,No,Yes,Occasionally,2022-11-01,,No
EMP11255,50,Male,Divorced,Finance,Finance Manager,Lead,Bachelor's,27,118851.0,9904,4.0,1,3,4,63.0,3,Yes,No,Occasionally,2014-09-18,,No
EMP11256,39,Male,Married,Research & Development,Laboratory Technician,Lead,Bachelor's,17,103087.0,8591,1.0,3,4,3,33.0,3,No,No,Occasionally,2015-02-13,,No
EMP11257,39,Male,Married,Sales,Sales Executive,Senior,Master's,13,80963.0,6747,,3,4,3,53.0,2,Yes,No,Occasionally,2010-12-02,,No
EMP11258,45,Female,Married,Research & Development,Research Director,Lead,PhD,18,105650.0,8804,4.0,3,1,3,52.0,4,Yes,No,Never,2019-11-29,,No
EMP11259,47,Female,Married,Sales,Manager,Lead,High School,22,106773.0,8898,4.0,3,2,4,30.0,3,No,No,Occasionally,2015-10-01,,No
EMP11260,36,Male,Married,Finance,Financial Analyst,Lead,Bachelor's,15,110773.0,9231,3.0,4,3,4,34.0,2,Yes,Yes,Never,2020-10-02,,No
EMP11261,40,Male,Single,Research & Development,Research Scientist,Lead,Bachelor's,20,108772.0,9064,2.0,2,3,3,13.0,2,No,No,Never,2013-10-26,,No
EMP11262,45,Male,Married,IT,Data Analyst,Lead,Bachelor's,23,111766.0,9314,2.0,2,4,3,23.0,3,No,No,Occasionally,2020-08-02,,No
EMP11263,25,Female,Divorced,Research & Development,Laboratory Technician,Entry,Bachelor's,2,24000.0,2000,2.0,2,4,3,31.0,2,Yes,Yes,Frequently,2021-09-03,2023-11-17,Yes
EMP11264,21,Male,Married,Research & Development,Laboratory Technician,Entry,Bachelor's,2,33080.0,2757,3.0,4,2,3,51.0,4,No,No,Never,2018-02-27,,No
EMP11265,34,Male,Single,Sales,Sales Executive,Senior,Bachelor's,13,78532.0,6544,3.0,3,3,3,83.0,2,No,No,Occasionally,2018-03-23,,No
EMP11266,21,Female,Single,Sales,Manager,Entry,Master's,0,31707.0,2642,3.0,3,3,3,51.0,1,No,Yes,Never,2020-08-04,2021-06-08,Yes
EMP11267,31,Male,Divorced,Research & Development,Research Director,Senior,Bachelor's,9,79048.0,6587,1.0,4,3,3,20.0,6,Yes,No,Frequently,2010-12-17,,No
EMP11268,37,Other,Single,Research & Development,Laboratory Technician,Senior,Bachelor's,12,75136.0,6261,1.0,4,4,3,33.0,1,No,No,Occasionally,2017-01-06,2021-09-10,Yes
EMP11269,32,Male,Married,Finance,Financial Analyst,Mid,Master's,3,54102.0,4508,4.0,2,3,4,61.0,3,No,No,Occasionally,2011-10-15,,No
EMP11270,33,Female,Single,Research & Development,Research Director,Mid,High School,3,61738.0,5145,4.0,3,3,3,28.0,4,Yes,No,Never,2015-08-10,,No
EMP11271,26,Male,Single,Finance,Accountant,Entry,Bachelor's,1,51799.0,4317,3.0,2,1,3,69.0,4,No,No,Frequently,2016-10-15,,No
EMP11272,40,Male,Single,IT,IT Support,Lead,Bachelor's,21,118157.0,9846,2.0,4,3,3,54.0,4,No,No,Occasionally,2012-09-01,2021-11-10,Yes
EMP11273,25,Female,Single,IT,IT Support,Mid,Bachelor's,3,54978.0,4582,4.0,4,2,3,37.0,2,Yes,Yes,Never,2012-04-07,,No
EMP11274,21,Female,Married,Sales,Sales Executive,Entry,Bachelor's,0,33575.0,2798,2.0,4,3,3,8.0,2,Yes,Yes,Occasionally,2021-03-21,2024-09-07,Yes
EMP11275,32,Female,Single,Research & Development,Research Scientist,Mid,High School,6,53050.0,4421,3.0,3,2,4,60.0,4,No,No,Occasionally,2012-08-23,,No
EMP11276,41,Male,Single,Sales,Manager,Lead,Bachelor's,20,109695.0,9141,1.0,3,3,3,54.0,2,No,No,Occasionally,2015-03-18,2020-10-01,Yes
EMP11277,35,Female,Married,Research & Development,Laboratory Technician,Lead,Bachelor's,16,106317.0,8860,3.0,3,2,4,,2,Yes,No,Never,2020-07-19,2025-06-12,Yes
EMP11278,25,Male,Divorced,Marketing,Marketing Executive,Entry,PhD,0,36305.0,3025,3.0,3,2,3,90.0,2,Yes,No,Never,2017-02-07,,No
EMP11279,35,Male,Married,Sales,Manager,Senior,High School,11,88519.0,7377,4.0,1,2,4,25.0,2,Yes,Yes,Occasionally,2023-06-16,,No
EMP11280,38,Male,Single,Research & Development,Research Scientist,Senior,Bachelor's,11,63097.0,5258,3.0,4,4,4,69.0,3,No,No,Occasionally,2015-11-26,,No
EMP11281,35,Female,Single,Finance,Financial Analyst,Senior,PhD,11,76456.0,6371,4.0,3,1,4,39.0,2,No,Yes,Occasionally,2022-12-04,,No
EMP11282,32,Female,Married,IT,Software Engineer,Mid,Bachelor's,5,65716.0,5476,3.0,4,3,4,47.0,4,Yes,No,Frequently,2015-10-05,2022-10-21,Yes
EMP11283,38,Male,Divorced,Human Resources,HR Manager,Senior,Bachelor's,14,75691.0,6308,3.0,4,1,3,48.0,3,Yes,No,Occasionally,2021-04-28,,No
EMP11284,21,Male,Single,Sales,Sales Representative,Entry,High School,1,36149.0,3012,2.0,4,3,3,57.0,6,Yes,No,Occasionally,2011-05-20,2024-02-03,Yes
EMP11285,27,Male,Single,Research & Development,Laboratory Technician,Senior,Master's,8,74671.0,6223,1.0,3,4,3,29.0,4,Yes,Yes,Never,2023-11-17,,No
EMP11286,24,Male,Married,Human Resources,HR Specialist,Entry,Bachelor's,0,42921.0,3577,3.0,2,2,3,85.0,5,No,No,Never,2011-11-30,,No
EMP11287,45,Male,Married,Sales,Sales Executive,Lead,Master's,24,113129.0,9427,4.0,2,2,4,22.0,3,No,No,Occasionally,2010-01-12,,No
EMP11288,40,Female,Married,Research & Development,Research Director,Lead,PhD,19,107091.0,8924,2.0,3,2,2,36.0,1,No,No,Occasionally,2014-12-13,,No
EMP11289,35,Female,Single,Sales,Sales Executive,Senior,Bachelor's,11,87720.0,7310,1.0,1,3,3,75.0,2,Yes,No,Frequently,2021-01-03,2021-06-17,Yes
EMP11290,22,Female,Single,Sales,Sales Representative,Entry,Bachelor's,0,34168.0,2847,2.0,1,2,3,63.0,5,Yes,No,Never,2010-08-23,,No
EMP11291,40,Male,Single,Research & Development,Laboratory Technician,Lead,Bachelor's,22,105464.0,8789,4.0,3,3,2,36.0,6,No,Yes,Frequently,2020-02-17,,No
EMP11292,45,Male,Single,Sales,Manager,Lead,Bachelor's,19,115291.0,9608,2.0,4,2,3,54.0,2,No,Yes,Never,2013-08-13,,No
EMP11293,39,Male,Divorced,Human Resources,HR Executive,Lead,Bachelor's,18,95206.0,7934,2.0,4,3,3,23.0,6,Yes,Yes,Occasionally,2023-09-21,,No
EMP11294,34,Female,Single,Finance,Accountant,Senior,Bachelor's,9,81175.0,6765,1.0,2,3,4,27.0,2,No,Yes,Frequently,2014-05-16,,No
EMP11295,39,Male,Married,IT,IT Support,Senior,Master's,12,85472.0,7123,2.0,4,1,2,35.0,4,Yes,No,Occasionally,2019-11-27,,No
EMP11296,36,Female,Married,Sales,Sales Executive,Senior,Bachelor's,13,74442.0,6204,3.0,3,4,3,68.0,2,Yes,No,Occasionally,2016-05-11,,No
EMP11297,41,Female,Single,Sales,Sales Executive,Lead,PhD,15,99781.0,8315,4.0,3,4,2,5.0,3,No,No,Occasionally,2024-06-28,,No
EMP11298,41,Male,Divorced,Sales,Sales Representative,Senior,Master's,11,75497.0,6291,2.0,2,2,2,58.0,1,Yes,No,Frequently,2022-11-12,,No
EMP11299,32,Male,Married,Finance,Accountant,Mid,Bachelor's,4,45428.0,3786,2.0,3,3,3,35.0,2,No,No,Never,2020-06-15,,No
EMP11300,29,Female,Divorced,IT,Software Engineer,Mid,Master's,4,69874.0,5823,4.0,3,2,4,53.0,3,No,Yes,Occasionally,2018-11-30,,No
EMP11301,31,Female,Single,Sales,Sales Executive,Senior,Bachelor's,9,87224.0,7269,4.0,3,3,3,53.0,6,Yes,No,Occasionally,2016-10-07,,No
EMP11302,38,Male,Single,Marketing,Marketing Analyst,Senior,Master's,10,76513.0,6376,2.0,3,2,3,42.0,3,No,No,Never,2022-06-11,2022-09-14,Yes
EMP11303,31,Male,Single,Sales,Sales Executive,Mid,Bachelor's,5,49823.0,4152,1.0,4,4,3,28.0,8,No,No,Occasionally,2024-03-25,,No
EMP11304,28,Female,Single,Human Resources,HR Specialist,Mid,Bachelor's,7,41661.0,3472,4.0,4,3,3,30.0,4,No,No,Never,2017-01-11,,No
EMP11305,34,Female,Married,IT,Software Engineer,Lead,Master's,15,107424.0,8952,3.0,4,4,3,36.0,3,No,No,Frequently,2024-02-03,,No
EMP11306,43,Male,Married,IT,Data Analyst,Lead,Bachelor's,19,122380.0,10198,4.0,2,3,3,13.0,4,No,No,Occasionally,2012-07-14,,No
EMP11307,35,Male,Single,IT,IT Support,Senior,Master's,10,83057.0,6921,2.0,3,2,3,44.0,4,Yes,No,Occasionally,2011-10-27,,No
EMP11308,32,Male,Divorced,IT,Data Analyst,Senior,Master's,9,79404.0,6617,3.0,2,2,3,29.0,3,No,Yes,Frequently,2019-12-19,,No
EMP11309,37,Female,Married,Research & Development,Laboratory Technician,Senior,Bachelor's,14,76326.0,6360,3.0,3,4,3,34.0,3,No,No,Frequently,2017-12-25,,No
EMP11310,35,Male,Married,IT,IT Support,Senior,Bachelor's,14,79224.0,6602,4.0,4,3,3,38.0,3,Yes,No,Frequently,2019-04-16,,No
EMP11311,21,Female,Single,Sales,Sales Executive,Entry,Master's,0,24000.0,2000,4.0,2,4,2,56.0,1,No,No,Occasionally,2019-03-13,,No
EMP11312,40,Male,Single,IT,IT Support,Lead,Bachelor's,18,109855.0,9155,1.0,4,4,4,64.0,1,No,Yes,Never,2010-11-12,,No
EMP11313,37,Male,Married,Human Resources,HR Specialist,Senior,Master's,8,68684.0,5724,3.0,3,3,3,67.0,4,No,No,Occasionally,2024-08-07,,No
EMP11314,34,Male,Single,IT,Software Engineer,Senior,Master's,8,85996.0,7166,2.0,2,3,3,49.0,2,No,No,Occasionally,2014-08-08,,No
EMP11315,42,Male,Married,Research & Development,Research Director,Lead,Master's,23,111498.0,9292,4.0,3,2,4,35.0,1,Yes,No,Occasionally,2018-06-28,,No
EMP11316,44,Female,Married,Finance,Financial Analyst,Lead,Master's,22,104015.0,8668,3.0,2,4,3,18.0,1,No,No,Frequently,2025-12-30,2026-08-30,Yes
EMP11317,40,Female,Married,Human Resources,HR Executive,Lead,Bachelor's,22,106363.0,8864,4.0,3,1,2,86.0,1,No,Yes,Frequently,2019-10-07,,No
EMP11318,27,Male,Married,IT,IT Support,Mid,Master's,4,58891.0,4908,2.0,2,3,3,74.0,4,No,No,Occasionally,2014-07-28,,No
EMP11319,27,Male,Single,Sales,Sales Executive,Entry,Master's,0,,2237,2.0,3,2,3,58.0,2,Yes,No,Occasionally,2019-05-09,,No
EMP11320,43,Female,Married,Sales,Manager,Lead,Master's,23,89057.0,7421,1.0,3,4,3,54.0,2,Yes,No,Occasionally,2024-05-12,,No
EMP11321,21,Male,Single,Research & Development,Laboratory Technician,Entry,High School,0,24828.0,2069,2.0,3,2,4,36.0,3,No,Yes,Occasionally,2014-03-22,,No
EMP11322,33,Male,Married,Sales,Sales Executive,Senior,Bachelor's,12,70567.0,5881,2.0,1,4,3,44.0,1,No,No,Occasionally,2011-10-05,,No
EMP11323,38,Male,Single,IT,Data Analyst,Senior,Bachelor's,11,84003.0,7000,4.0,3,3,3,59.0,5,No,No,Occasionally,2021-08-25,,No
EMP11324,21,Female,Married,Sales,Sales Representative,Entry,Bachelor's,0,33702.0,2808,3.0,3,1,3,8.0,1,No,No,Occasionally,2014-05-31,,No
EMP11325,36,Male,Single,Marketing,Marketing Executive,Senior,Bachelor's,12,84691.0,7058,3.0,4,3,4,31.0,5,Yes,No,Occasionally,2021-08-02,,No
EMP11326,42,Female,Divorced,Research & Development,Research Director,Senior,Bachelor's,14,68766.0,5730,4.0,3,2,3,42.0,2,No,No,Never,2016-04-01,,No
EMP11327,22,Male,Married,Sales,Sales Executive,Entry,Bachelor's,0,26261.0,2188,4.0,1,2,4,7.0,3,No,No,Never,2014-06-14,2025-01-15,Yes
EMP11328,47,Male,Divorced,IT,Data Analyst,Lead,Bachelor's,26,107486.0,8957,3.0,3,4,3,15.0,2,No,No,Frequently,2023-04-21,,No
EMP11329,26,Male,Single,Finance,Accountant,Entry,Bachelor's,0,34667.0,2889,1.0,4,2,2,30.0,8,Yes,No,Never,2010-10-09,,No
EMP11330,39,Male,Married,Research & Development,Research Director,Lead,Bachelor's,19,106537.0,8878,2.0,2,3,3,44.0,5,No,Yes,Occasionally,2011-02-03,,No
EMP11331,33,Female,Single,Human Resources,HR Executive,Senior,Master's,9,79011.0,6584,3.0,3,3,4,69.0,4,No,Yes,Occasionally,2016-11-13,,No
EMP11332,35,Female,Married,IT,Data Analyst,Senior,Bachelor's,10,69824.0,5819,3.0,3,3,3,34.0,2,Yes,Yes,Frequently,2022-11-07,,No
EMP11333,24,Male,Married,Research & Development,Laboratory Technician,Entry,Bachelor's,2,40365.0,3364,3.0,1,4,3,76.0,4,Yes,Yes,Occasionally,2015-12-10,,No
EMP11334,44,Female,Divorced,Marketing,Marketing Analyst,Lead,High School,22,108287.0,9024,3.0,1,2,3,29.0,8,No,Yes,Never,2022-01-31,,No
EMP11335,37,Male,Single,Marketing,Marketing Manager,Senior,Bachelor's,10,82179.0,6848,4.0,3,2,4,40.0,5,Yes,Yes,Occasionally,2017-02-18,,No
EMP11336,47,Male,Divorced,Finance,Accountant,Lead,Master's,22,92278.0,7690,4.0,3,2,3,15.0,4,No,No,Never,2013-04-20,,No
EMP11337,24,Female,Married,Sales,Sales Representative,Entry,Master's,0,37823.0,3152,4.0,4,3,3,34.0,3,No,No,Never,2018-02-14,,No
EMP11338,33,Female,Divorced,Finance,Financial Analyst,Mid,Bachelor's,6,49035.0,4086,4.0,3,3,4,8.0,1,Yes,No,Frequently,2021-03-31,,No
EMP11339,36,Female,Married,Sales,Sales Executive,Senior,Bachelor's,12,72845.0,6070,2.0,3,1,4,100.0,6,Yes,No,Occasionally,2017-02-13,,No
EMP11340,34,Male,Divorced,Sales,Sales Representative,Senior,Master's,11,86038.0,7170,1.0,3,4,3,23.0,4,Yes,Yes,Never,2022-05-21,,No
EMP11341,39,Male,Divorced,Research & Development,Laboratory Technician,Senior,Bachelor's,13,80603.0,6717,3.0,3,4,4,48.0,3,No,No,Occasionally,2020-04-27,,No
EMP11342,32,Male,Single,Research & Development,Research Scientist,Senior,Bachelor's,9,71263.0,5939,3.0,3,4,2,33.0,4,No,No,Occasionally,2011-06-07,,No
EMP11343,51,Female,Single,IT,IT Support,Lead,Bachelor's,28,117573.0,9798,3.0,2,1,4,38.0,2,Yes,No,Occasionally,2023-01-07,,No
EMP11344,34,Female,Single,IT,IT Manager,Senior,Bachelor's,14,85526.0,7127,2.0,2,3,3,41.0,5,No,No,Frequently,2021-05-31,,No
EMP11345,21,Male,Married,IT,IT Manager,Entry,High School,0,36148.0,3012,4.0,3,4,3,59.0,4,No,No,Occasionally,2024-06-20,,No
EMP11346,35,Female,Married,Research & Development,Research Director,Lead,Bachelor's,15,108331.0,9028,2.0,3,3,4,51.0,3,Yes,Yes,Occasionally,2018-10-15,,No
EMP11347,44,Male,Married,Research & Development,Research Director,Lead,High School,15,102353.0,8529,4.0,1,4,3,46.0,3,Yes,No,Occasionally,2025-12-24,,No
EMP11348,27,Female,Married,Research & Development,Research Director,Mid,High School,5,54708.0,4559,3.0,2,4,3,52.0,3,Yes,No,Never,2021-08-14,,No
EMP11349,26,Male,Single,Marketing,Marketing Manager,Mid,Bachelor's,3,54619.0,4552,1.0,4,2,3,49.0,1,No,No,Occasionally,2022-02-13,,No
EMP11350,27,Male,Single,Sales,Manager,Mid,High School,3,55524.0,4627,2.0,4,3,4,19.0,4,Yes,Yes,Occasionally,2020-06-13,,No
EMP11351,25,Male,Single,IT,IT Support,Entry,Bachelor's,0,52470.0,4372,1.0,2,1,3,38.0,5,No,No,Occasionally,2014-07-05,,No
EMP11352,30,Male,Married,Human Resources,HR Manager,Mid,Bachelor's,4,58617.0,4885,1.0,3,2,2,54.0,2,No,Yes,Never,2011-09-29,,No
EMP11353,41,Female,Single,Research & Development,Research Scientist,Lead,Bachelor's,19,112000.0,9333,3.0,2,4,3,31.0,2,No,No,Occasionally,2017-05-07,,No
EMP11354,46,Female,Single,IT,IT Support,Lead,Master's,26,108312.0,9026,2.0,2,4,3,48.0,5,No,Yes,Occasionally,2018-10-01,,No
EMP11355,21,Female,Married,Research & Development,Research Director,Entry,Bachelor's,0,24000.0,2000,4.0,3,4,3,62.0,2,Yes,Yes,Occasionally,2012-04-10,,No
EMP11356,31,Female,Single,IT,IT Manager,Mid,Bachelor's,7,57686.0,4807,2.0,2,1,3,30.0,7,No,Yes,Occasionally,2023-01-02,,No
EMP11357,36,Male,Single,Marketing,Marketing Manager,Senior,High School,13,72595.0,6050,1.0,3,4,3,60.0,3,Yes,No,Never,2020-05-12,,No
EMP11358,36,Female,Single,Research & Development,Laboratory Technician,Lead,Bachelor's,16,109197.0,9100,4.0,3,4,4,40.0,3,Yes,No,Occasionally,2021-05-12,2023-02-05,Yes
EMP11359,49,Female,Divorced,Research & Development,Research Scientist,Lead,Bachelor's,21,103616.0,8635,3.0,4,4,4,43.0,3,No,No,Frequently,2018-03-01,,No
EMP11360,21,Male,Single,Finance,Financial Analyst,Entry,High School,0,45284.0,3774,3.0,3,4,4,57.0,3,No,No,Occasionally,2021-06-10,,No
EMP11361,21,Male,Married,Marketing,Marketing Executive,Entry,Master's,0,24000.0,2000,2.0,2,3,4,53.0,8,No,No,Never,2017-04-19,,No
EMP11362,50,Female,Single,Sales,Manager,Lead,Master's,27,103045.0,8587,1.0,2,2,3,5.0,2,No,No,Occasionally,2025-09-21,,No
EMP11363,40,Male,Married,Finance,Finance Manager,Lead,Bachelor's,20,111610.0,9301,2.0,4,1,3,9.0,4,No,Yes,Frequently,2011-01-08,2023-06-15,Yes
EMP11364,29,Female,Married,Finance,Accountant,Mid,High School,4,49171.0,4098,3.0,4,1,3,52.0,3,Yes,Yes,Occasionally,2014-03-14,2023-10-27,Yes
EMP11365,35,Male,Married,IT,Software Engineer,Senior,Master's,9,89335.0,7445,1.0,3,3,3,39.0,3,No,No,Occasionally,2012-04-29,,No
EMP11366,36,Male,Married,Sales,Manager,Senior,High School,10,82107.0,6842,3.0,2,3,2,13.0,2,No,No,Occasionally,2022-01-05,,No
EMP11367,29,Male,Married,IT,IT Manager,Mid,Master's,7,55981.0,4665,4.0,4,3,3,30.0,1,No,Yes,Occasionally,2024-01-16,,No
EMP11368,35,Male,Divorced,Marketing,Marketing Executive,Senior,Bachelor's,14,94542.0,7878,2.0,2,2,3,11.0,3,No,No,Never,2017-07-30,,No
EMP11369,37,Male,Married,Sales,Sales Representative,Lead,Bachelor's,15,97175.0,8098,4.0,1,4,2,40.0,4,No,Yes,Occasionally,2012-02-12,,No
EMP11370,50,Male,Married,Research & Development,Laboratory Technician,Lead,Bachelor's,24,95575.0,7965,1.0,4,2,3,65.0,4,Yes,No,Frequently,2022-08-12,,No
EMP11371,42,Male,Married,Marketing,Marketing Analyst,Lead,PhD,16,101680.0,8473,4.0,4,3,4,29.0,1,Yes,Yes,Never,2012-12-23,,No
EMP11372,48,Female,Divorced,Sales,Sales Executive,Lead,Master's,23,106332.0,8861,4.0,3,3,3,46.0,1,No,No,Occasionally,2012-09-30,,No
EMP11373,23,Male,Married,IT,IT Manager,Entry,Bachelor's,0,27707.0,2309,2.0,1,1,3,40.0,2,No,Yes,Frequently,2024-02-24,,No
EMP11374,31,Female,Single,Research & Development,Research Director,Senior,Master's,14,80335.0,6695,4.0,3,3,3,71.0,1,Yes,No,Occasionally,2024-06-22,,No
EMP11375,36,Male,Married,Research & Development,Research Director,Senior,Bachelor's,9,93222.0,7768,3.0,3,3,4,65.0,5,Yes,No,Occasionally,2015-07-19,,No
EMP11376,21,Female,Divorced,IT,Data Analyst,Mid,Master's,5,49249.0,4104,2.0,3,3,3,13.0,2,Yes,Yes,Occasionally,2010-12-08,,No
EMP11377,43,Female,Married,Research & Development,Research Director,Lead,Master's,22,106375.0,8865,3.0,3,4,3,39.0,4,No,Yes,Frequently,2015-04-09,,No
EMP11378,39,Male,Divorced,Human Resources,HR Specialist,Lead,High School,17,111706.0,9309,4.0,4,2,3,26.0,3,Yes,No,Frequently,2011-03-20,2018-10-11,Yes
EMP11379,31,Female,Single,Research & Development,Research Scientist,Senior,Bachelor's,10,81360.0,6780,4.0,2,4,3,31.0,1,Yes,No,Never,2025-01-16,,No
EMP11380,33,Male,Single,Finance,Accountant,Senior,PhD,14,95109.0,7926,2.0,1,4,2,56.0,3,Yes,No,Never,2021-12-07,,No
EMP11381,44,Male,Married,Sales,Sales Executive,Lead,Master's,18,101714.0,8476,3.0,2,4,3,45.0,5,Yes,No,Frequently,2015-12-16,,No
EMP11382,28,Female,Single,Research & Development,Laboratory Technician,Mid,High School,6,65902.0,5492,1.0,3,3,3,56.0,2,Yes,No,Frequently,2017-09-22,,No
EMP11383,44,Male,Married,Marketing,Marketing Manager,Lead,Bachelor's,16,104578.0,8715,3.0,3,2,3,5.0,2,Yes,No,Never,2017-04-26,,No
EMP11384,32,Male,Married,Research & Development,Research Director,Senior,PhD,8,72428.0,6036,3.0,3,3,3,59.0,3,No,Yes,Frequently,2010-09-25,,No
EMP11385,40,Female,Single,Finance,Accountant,Lead,Bachelor's,18,122154.0,10180,2.0,2,2,3,50.0,4,No,No,Never,2014-02-14,,No
EMP11386,35,Female,Single,Research & Development,Research Director,Senior,Bachelor's,14,73426.0,6119,3.0,4,1,2,71.0,1,Yes,Yes,Never,2020-07-27,,No
EMP11387,52,Female,Single,IT,IT Support,Lead,Bachelor's,29,119498.0,9958,4.0,2,2,4,31.0,4,No,No,Occasionally,2020-04-27,,No
EMP11388,27,Male,Married,Sales,Manager,Entry,Master's,1,28551.0,2379,3.0,2,3,4,61.0,4,No,Yes,Occasionally,2024-08-04,,No
EMP11389,29,Female,Single,Marketing,Marketing Executive,Mid,Bachelor's,4,43082.0,3590,4.0,3,2,3,47.0,3,Yes,No,Never,2019-01-07,,No
EMP11390,22,Female,Single,Research & Development,Research Director,Entry,Bachelor's,0,24000.0,2000,2.0,2,4,2,44.0,2,No,No,Frequently,2013-07-06,,No
EMP11391,25,Female,Married,Research & Development,Research Scientist,Entry,Bachelor's,0,36939.0,3078,4.0,3,3,4,33.0,5,Yes,No,Occasionally,2015-05-31,,No
EMP11392,40,Male,Single,Sales,Sales Representative,Senior,Master's,12,68553.0,5713,1.0,3,2,3,40.0,7,Yes,No,Occasionally,2012-12-12,,No
EMP11393,47,Female,Divorced,Sales,Manager,Lead,Master's,20,103529.0,8627,3.0,2,4,4,24.0,5,Yes,No,Occasionally,2024-03-09,,No
EMP11394,41,Female,Single,Human Resources,HR Manager,Lead,Master's,17,100453.0,8371,3.0,2,4,3,35.0,1,No,No,Never,2012-06-27,,No
EMP11395,34,Male,Divorced,Research & Development,Research Director,Senior,Bachelor's,8,69848.0,5821,4.0,3,2,3,31.0,1,Yes,No,Occasionally,2022-07-17,,No
EMP11396,27,Female,Married,IT,Data Analyst,Mid,Master's,3,53702.0,4475,2.0,2,2,4,37.0,4,No,No,Occasionally,2025-02-13,,No
EMP11397,41,Male,Married,Research & Development,Research Scientist,Lead,Master's,19,106451.0,8871,3.0,3,3,3,39.0,3,No,Yes,Occasionally,2019-08-16,2026-08-12,Yes
EMP11398,26,Male,Single,Research & Development,Research Scientist,Entry,Master's,0,24000.0,2000,3.0,3,4,3,39.0,2,Yes,No,Never,2013-09-03,,No
EMP11399,23,Female,Single,Finance,Finance Manager,Entry,PhD,0,41909.0,3492,2.0,2,2,3,42.0,2,No,Yes,Never,2016-10-04,,No
EMP11400,32,Female,Married,IT,Data Analyst,Senior,Bachelor's,12,73935.0,6161,3.0,3,4,4,42.0,4,Yes,No,Never,2011-12-18,,No
EMP11401,21,Male,Single,Sales,Sales Representative,Entry,Bachelor's,0,24000.0,2000,2.0,3,3,4,44.0,3,No,No,Frequently,2018-08-28,,No
EMP11402,23,Male,Married,Sales,Sales Representative,Entry,Master's,0,24000.0,2000,2.0,4,3,3,41.0,4,No,Yes,Frequently,2017-09-28,,No
EMP11403,49,Female,Single,Sales,Sales Representative,Lead,Master's,31,106884.0,8907,1.0,4,3,3,37.0,2,Yes,Yes,Frequently,2010-12-11,,No
EMP11404,21,Female,Married,IT,Data Analyst,Entry,Bachelor's,0,49247.0,4104,1.0,2,3,2,50.0,2,No,No,Occasionally,2011-03-10,2014-11-20,Yes
EMP11405,24,Female,Divorced,Finance,Financial Analyst,Mid,High School,4,55051.0,4588,4.0,2,1,4,64.0,1,Yes,No,Occasionally,2022-09-29,,No
EMP11406,35,Female,Divorced,Research & Development,Research Scientist,Senior,Master's,13,79058.0,6588,3.0,3,3,3,36.0,3,Yes,No,Never,2022-08-29,,No
EMP11407,35,Female,Single,IT,Software Engineer,Senior,Bachelor's,10,86772.0,7231,3.0,3,3,2,32.0,1,No,No,Occasionally,2016-08-10,2017-06-24,Yes
EMP11408,32,Male,Single,IT,IT Support,Senior,Bachelor's,10,88188.0,7349,2.0,2,4,4,49.0,3,No,No,Occasionally,2013-11-24,,No
EMP11409,21,Female,Divorced,Finance,Accountant,Entry,Master's,0,28975.0,2415,2.0,3,4,3,44.0,3,No,No,Never,2012-09-10,,No
EMP11410,41,Male,Married,IT,IT Support,Lead,Bachelor's,21,123154.0,10263,3.0,4,1,4,25.0,2,No,Yes,Never,2016-03-31,,No
EMP11411,30,Female,Single,Sales,Sales Representative,Mid,Bachelor's,6,49662.0,4138,2.0,3,2,3,28.0,5,Yes,No,Never,2017-03-31,,No
EMP11412,44,Male,Married,Sales,Sales Executive,Lead,Master's,21,106967.0,8914,4.0,3,4,3,31.0,3,No,No,Never,2021-05-22,,No
EMP11413,29,Male,Single,Research & Development,Research Director,Mid,Bachelor's,7,50950.0,4246,4.0,1,4,3,23.0,5,Yes,No,Never,2022-07-10,,No
EMP11414,42,Female,Divorced,Sales,Sales Executive,Lead,High School,19,101882.0,8490,4.0,1,1,3,50.0,2,Yes,No,Never,2018-03-12,,No
EMP11415,44,Other,Single,Human Resources,HR Specialist,Lead,Bachelor's,23,111577.0,9298,3.0,3,3,2,56.0,3,Yes,No,Occasionally,2019-07-09,,No
EMP11416,30,Female,Married,Marketing,Marketing Analyst,Mid,High School,5,56446.0,4704,3.0,1,3,3,27.0,2,No,No,Occasionally,2012-08-06,,No
EMP11417,41,Female,Married,Sales,Sales Representative,Lead,Bachelor's,19,89697.0,7475,4.0,4,3,3,18.0,3,Yes,No,Frequently,2020-05-01,,No
EMP11418,23,Male,Divorced,Sales,Sales Executive,Entry,High School,0,34934.0,2911,3.0,1,3,3,45.0,2,Yes,Yes,Frequently,2021-01-31,,No
EMP11419,36,Female,Married,Research & Development,Laboratory Technician,Lead,Bachelor's,19,119683.0,9974,3.0,1,4,3,43.0,1,Yes,No,Frequently,2011-11-25,,No
EMP11420,44,Male,Single,Marketing,Marketing Executive,Lead,Bachelor's,20,106300.0,8858,3.0,2,2,4,83.0,3,No,Yes,Occasionally,2025-08-23,,No
EMP11421,38,Male,Married,Research & Development,Research Director,Lead,Bachelor's,15,101424.0,8452,3.0,3,3,4,54.0,1,Yes,No,Occasionally,2025-03-19,,No
EMP11422,53,Male,Divorced,Human Resources,HR Specialist,Lead,Master's,32,102316.0,8526,3.0,3,3,3,22.0,1,Yes,No,Occasionally,2021-11-13,,No
EMP11423,39,Female,Married,Sales,Sales Representative,Senior,Bachelor's,10,72067.0,6006,3.0,3,3,3,25.0,1,Yes,No,Never,2021-08-06,,No
EMP11424,31,Other,Married,Sales,Sales Representative,Senior,Master's,8,67957.0,5663,3.0,4,3,4,48.0,2,No,No,Occasionally,2017-02-10,,No
EMP11425,57,Female,Married,Marketing,Marketing Manager,Lead,Bachelor's,33,103707.0,8642,4.0,3,1,3,41.0,1,No,Yes,Frequently,2019-04-29,,No
EMP11426,47,Male,Single,Marketing,Marketing Analyst,Lead,Master's,21,103675.0,8640,3.0,1,1,4,40.0,2,Yes,No,Occasionally,2015-11-09,,No
EMP11427,21,Male,Married,Sales,Sales Executive,Entry,Bachelor's,1,36201.0,3017,3.0,3,3,3,43.0,6,Yes,No,Occasionally,2018-10-23,,No
EMP11428,28,Male,Single,Marketing,Marketing Executive,Entry,Bachelor's,1,28343.0,2362,1.0,4,3,3,56.0,2,No,No,Occasionally,2014-06-08,,No
EMP11429,26,Male,Married,Finance,Accountant,Mid,Bachelor's,3,70076.0,5840,4.0,1,1,4,75.0,2,No,Yes,Occasionally,2011-11-06,2012-09-14,Yes
EMP11430,39,Male,Divorced,IT,IT Manager,Senior,Bachelor's,13,76443.0,6370,2.0,2,3,3,66.0,1,No,Yes,Frequently,2022-02-22,2025-11-01,Yes
EMP11431,39,Female,Single,Research & Development,Laboratory Technician,Senior,Bachelor's,12,77031.0,6419,3.0,4,3,2,24.0,3,No,Yes,Never,2018-12-14,,No
EMP11432,39,Female,Married,Human Resources,HR Manager,Senior,Bachelor's,13,70767.0,5897,4.0,3,3,3,32.0,2,Yes,No,Frequently,2019-09-16,,No
EMP11433,21,Male,Single,Research & Development,Research Director,Entry,Master's,0,28229.0,2352,3.0,3,3,2,5.0,2,Yes,Yes,Occasionally,2011-03-31,2012-08-01,Yes
EMP11434,29,Male,Single,Finance,Finance Manager,Entry,Bachelor's,2,34044.0,2837,2.0,4,3,3,46.0,5,No,No,Frequently,2013-10-13,,No
EMP11435,33,Female,Married,Sales,Sales Representative,Senior,High School,10,77427.0,6452,2.0,1,2,3,33.0,1,No,No,Occasionally,2012-04-23,,No
EMP11436,21,Female,Married,Sales,Manager,Entry,Bachelor's,0,37620.0,3135,4.0,3,3,2,42.0,6,No,Yes,Occasionally,2013-07-20,2018-01-12,Yes
EMP11437,27,Female,Single,Research & Development,Research Director,Entry,Master's,1,28740.0,2395,1.0,2,2,4,27.0,1,No,No,Frequently,2015-04-25,,No
EMP11438,45,Male,Married,IT,Software Engineer,Lead,Bachelor's,24,101522.0,8460,1.0,1,3,3,27.0,1,No,Yes,Frequently,2025-05-22,,No
EMP11439,22,Male,Married,Sales,Manager,Entry,Master's,0,41587.0,3466,3.0,3,3,2,14.0,2,No,No,Occasionally,2021-05-28,,No
EMP11440,46,Other,Single,Finance,Financial Analyst,Lead,Bachelor's,17,102160.0,8513,3.0,2,2,3,36.0,3,No,No,Occasionally,2020-08-22,,No
EMP11441,43,Male,Married,Marketing,Marketing Executive,Lead,Bachelor's,15,103275.0,8606,3.0,3,1,4,52.0,2,No,No,Never,2018-02-28,,No
EMP11442,32,Female,Single,Sales,Manager,Senior,Master's,10,76386.0,6366,3.0,2,2,3,30.0,1,No,No,Never,2014-12-12,,No
EMP11443,29,Male,Married,Finance,Financial Analyst,Mid,Master's,4,55285.0,4607,4.0,1,3,4,54.0,2,No,No,Occasionally,2015-04-15,2018-09-14,Yes
EMP11444,41,Male,Single,Research & Development,Laboratory Technician,Senior,High School,14,66117.0,5510,4.0,1,2,2,30.0,3,No,No,Never,2012-10-29,2026-05-03,Yes
EMP11445,28,Female,Single,IT,IT Manager,Mid,Bachelor's,3,65034.0,5420,3.0,4,2,3,42.0,1,No,No,Occasionally,2024-01-10,,No
EMP11446,28,Male,Single,Sales,Sales Representative,Senior,Bachelor's,11,56272.0,4689,2.0,3,3,4,66.0,1,No,No,Occasionally,2010-09-26,2021-03-24,Yes
EMP11447,34,Female,Single,Finance,Finance Manager,Senior,High School,11,86859.0,7238,3.0,2,2,3,33.0,4,No,Yes,Frequently,2018-06-05,,No
EMP11448,21,Male,Divorced,IT,Data Analyst,Entry,Master's,2,47095.0,3925,3.0,3,3,3,46.0,3,No,No,Occasionally,2011-01-20,,No
EMP11449,22,Other,Single,Marketing,Marketing Executive,Entry,Bachelor's,0,38322.0,3194,3.0,3,4,4,47.0,2,No,Yes,Never,2024-08-28,2025-08-05,Yes
EMP11450,31,Male,Single,Finance,Accountant,Mid,Bachelor's,6,53870.0,4489,2.0,1,4,3,47.0,7,Yes,No,Occasionally,2023-09-06,,No
EMP11451,38,Male,Divorced,Research & Development,Research Director,Lead,Master's,15,105906.0,8826,3.0,4,2,4,52.0,2,No,Yes,Occasionally,2014-05-21,,No
EMP11452,28,Male,Married,Finance,Finance Manager,Mid,Bachelor's,5,51315.0,4276,4.0,4,3,3,46.0,4,No,No,Never,2012-09-08,,No
EMP11453,32,Female,Single,IT,Software Engineer,Senior,PhD,14,83481.0,6957,3.0,3,3,3,24.0,4,No,No,Never,2015-11-14,,No
EMP11454,21,Female,Divorced,Human Resources,HR Manager,Entry,Master's,0,36404.0,3034,3.0,3,4,3,35.0,4,No,No,Frequently,2025-05-20,,No
EMP11455,41,Male,Single,Sales,Sales Representative,Lead,Master's,18,97335.0,8111,3.0,4,3,4,52.0,3,Yes,Yes,Frequently,2010-05-05,,No
EMP11456,36,Female,Married,Marketing,Marketing Manager,Senior,High School,8,75060.0,6255,2.0,3,3,3,55.0,3,Yes,No,Frequently,2017-02-13,,No
EMP11457,36,Female,Single,Finance,Financial Analyst,Senior,Master's,11,76660.0,6388,3.0,4,4,3,29.0,2,No,Yes,Occasionally,2018-03-13,,No
EMP11458,38,Female,Married,Finance,Finance Manager,Senior,Master's,12,88210.0,7351,2.0,1,1,3,60.0,3,Yes,Yes,Occasionally,2016-08-13,,No
EMP11459,35,Female,Married,Sales,Sales Representative,Mid,Bachelor's,4,45413.0,3784,3.0,3,3,4,33.0,4,Yes,Yes,Frequently,2016-05-13,,No
EMP11460,30,Female,Single,Finance,Financial Analyst,Senior,Bachelor's,9,84383.0,7032,3.0,4,3,4,48.0,2,Yes,No,Occasionally,2018-12-25,,No
EMP11461,43,Female,Married,Research & Development,Laboratory Technician,Lead,Bachelor's,17,104631.0,8719,3.0,2,4,4,46.0,6,No,No,Occasionally,2021-01-03,,No
EMP11462,35,Male,Married,Finance,Financial Analyst,Senior,PhD,11,79130.0,6594,2.0,2,4,3,26.0,6,No,No,Occasionally,2010-07-12,,No
EMP11463,33,Male,Married,Sales,Manager,Mid,Master's,6,56593.0,4716,1.0,3,2,3,37.0,2,Yes,No,Occasionally,2016-01-17,2018-10-14,Yes
EMP11464,34,Female,Married,Finance,Financial Analyst,Senior,Master's,10,77312.0,6443,3.0,4,2,4,5.0,6,Yes,No,Occasionally,2011-05-03,,No
EMP11465,34,Male,Married,Marketing,Marketing Executive,Senior,Master's,14,76723.0,6394,2.0,2,2,2,35.0,1,No,No,Occasionally,2020-01-28,,No
EMP11466,33,Male,Married,Sales,Manager,Lead,Bachelor's,16,112778.0,9398,1.0,4,2,4,64.0,4,No,No,Never,2018-04-16,,No
EMP11467,38,Female,Married,Marketing,Marketing Analyst,Senior,Bachelor's,11,70561.0,5880,3.0,3,3,3,8.0,2,No,Yes,Never,2025-04-09,,No
EMP11468,27,Male,Married,Research & Development,Research Director,Mid,Bachelor's,5,53897.0,4491,3.0,4,3,3,26.0,6,Yes,No,Frequently,2021-11-21,,No
EMP11469,27,Female,Single,IT,Software Engineer,Mid,Bachelor's,6,65169.0,5431,4.0,3,3,3,34.0,1,No,No,Occasionally,2021-03-25,,No
EMP11470,38,Female,Married,IT,IT Support,Lead,Bachelor's,19,115269.0,9606,4.0,3,3,4,5.0,3,Yes,No,Occasionally,2011-07-07,,No
EMP11471,33,Other,Married,Human Resources,HR Executive,Senior,Master's,10,84968.0,7081,2.0,4,1,4,6.0,2,No,No,Occasionally,2015-09-12,,No
EMP11472,42,Male,Divorced,IT,IT Support,Senior,PhD,13,82161.0,6847,2.0,2,3,3,79.0,3,No,Yes,Occasionally,2025-11-02,,No
EMP11473,37,Male,Married,IT,IT Manager,Senior,Bachelor's,14,87700.0,7308,3.0,4,4,3,53.0,3,No,No,Frequently,2013-07-27,,No
EMP11474,30,Female,Single,Research & Development,Research Director,Senior,Master's,8,83719.0,6977,4.0,2,3,4,60.0,1,No,Yes,Occasionally,2020-01-27,,No
EMP11475,39,Male,Married,Research & Development,Laboratory Technician,Lead,Bachelor's,22,93159.0,7763,2.0,1,2,3,48.0,3,No,Yes,Occasionally,2020-11-23,,No
EMP11476,44,Male,Married,Finance,Financial Analyst,Lead,Bachelor's,19,106153.0,8846,3.0,3,1,3,52.0,4,Yes,Yes,Occasionally,2018-05-09,,No
EMP11477,38,Female,Married,IT,IT Manager,Lead,Master's,17,114653.0,9554,3.0,2,2,4,36.0,1,Yes,Yes,Occasionally,2023-04-13,,No
EMP11478,39,Male,Married,IT,Data Analyst,Lead,Bachelor's,18,118444.0,9870,3.0,3,3,4,61.0,6,No,Yes,Frequently,2012-08-03,2012-12-10,Yes
EMP11479,33,Female,Divorced,IT,Software Engineer,Senior,Master's,11,84705.0,7059,2.0,4,2,3,68.0,1,No,No,Never,2025-06-11,,No
EMP11480,42,Female,Single,Research & Development,Research Director,Lead,Master's,19,114777.0,9565,4.0,2,4,3,30.0,3,Yes,Yes,Occasionally,2017-05-09,,No
EMP11481,29,Male,Married,IT,Software Engineer,Senior,Master's,8,79261.0,6605,3.0,1,4,3,38.0,1,Yes,Yes,Frequently,2024-03-14,,No
EMP11482,37,Male,Married,Sales,Sales Representative,Lead,Bachelor's,15,96356.0,8030,2.0,3,3,3,32.0,4,Yes,Yes,Occasionally,2010-01-04,,No
EMP11483,55,Male,Single,Human Resources,HR Specialist,Lead,Bachelor's,35,110563.0,9214,2.0,4,2,3,40.0,4,No,No,Occasionally,2021-05-12,,No
EMP11484,38,Male,Single,Sales,Sales Representative,Lead,Bachelor's,19,104209.0,8684,1.0,4,3,4,55.0,2,Yes,No,Frequently,2024-05-20,,No
EMP11485,31,Female,Married,Research & Development,Research Scientist,Senior,Master's,8,70135.0,5845,3.0,2,4,2,39.0,2,No,No,Occasionally,2019-08-23,,No
EMP11486,31,Male,Married,Research & Development,Laboratory Technician,Mid,Master's,7,63959.0,5330,3.0,4,1,3,11.0,4,No,No,Occasionally,2020-12-18,,No
EMP11487,33,Male,Divorced,Research & Development,Laboratory Technician,Senior,Bachelor's,11,81228.0,6769,1.0,2,4,3,59.0,3,No,No,Occasionally,2023-11-24,,No
EMP11488,41,Female,Divorced,Finance,Accountant,Lead,Master's,17,113558.0,9463,3.0,2,3,3,28.0,2,Yes,No,Occasionally,2010-02-14,,No
EMP11489,35,Female,Single,Research & Development,Research Director,Senior,Bachelor's,10,87153.0,7263,3.0,2,3,3,49.0,3,Yes,No,Occasionally,2024-08-19,,No
EMP11490,29,Male,Divorced,Research & Development,Research Director,Mid,Bachelor's,6,49290.0,4108,2.0,3,3,4,51.0,4,No,Yes,Occasionally,2020-03-14,,No
EMP11491,29,Female,Single,Research & Development,Research Scientist,Mid,Master's,4,61894.0,5158,3.0,3,3,3,34.0,2,Yes,Yes,Occasionally,2017-12-09,,No
EMP11492,35,Male,Married,Research & Development,Research Scientist,Senior,Master's,10,78930.0,6578,2.0,3,3,3,26.0,3,Yes,No,Frequently,2016-01-28,,No
EMP11493,34,Female,Single,Research & Development,Laboratory Technician,Mid,Bachelor's,7,47872.0,3989,2.0,4,3,2,33.0,1,No,Yes,Occasionally,2011-03-26,,No
EMP11494,38,Female,Single,Sales,Manager,Senior,Bachelor's,9,75951.0,6329,3.0,3,1,2,71.0,5,No,No,Never,2011-01-02,,No
EMP11495,41,Female,Divorced,Finance,Accountant,Lead,Bachelor's,18,110306.0,9192,2.0,2,2,3,25.0,4,Yes,No,Occasionally,2018-01-29,,No
EMP11496,56,Female,Single,Finance,Accountant,Lead,Bachelor's,26,116789.0,9732,3.0,3,2,2,22.0,4,No,Yes,Never,2010-11-07,2025-09-03,Yes
EMP11497,22,Male,Married,Finance,Finance Manager,Entry,Master's,0,26550.0,2212,4.0,1,3,3,45.0,4,Yes,Yes,Occasionally,2023-01-25,,No
EMP11498,39,Female,Single,Research & Development,Research Director,Lead,Bachelor's,15,92761.0,7730,1.0,3,3,3,38.0,2,Yes,No,Frequently,2024-10-05,,No
EMP11499,35,Female,Single,Research & Development,Research Director,Lead,Bachelor's,16,99487.0,8291,2.0,3,3,2,35.0,1,No,Yes,Never,2020-07-23,,No
EMP11500,21,Male,Single,IT,Software Engineer,Entry,Bachelor's,0,38526.0,3210,3.0,1,2,2,26.0,3,Yes,No,Never,2014-02-11,2022-12-11,Yes
EMP11501,44,Male,Married,Human Resources,HR Executive,Lead,PhD,19,110001.0,9167,2.0,2,1,2,42.0,3,No,No,Occasionally,2010-09-08,,No
EMP11502,37,Female,Single,Research & Development,Laboratory Technician,Senior,Master's,11,72795.0,6066,2.0,4,1,3,39.0,1,No,No,Occasionally,2018-08-09,,No
EMP11503,40,Male,Single,Sales,Sales Executive,Lead,Master's,19,107920.0,8993,3.0,3,1,3,66.0,2,Yes,No,Occasionally,2024-12-18,,No
EMP11504,21,Female,Married,Research & Development,Research Director,Entry,High School,0,43222.0,3602,4.0,4,1,3,26.0,2,No,No,Occasionally,2010-09-12,,No
EMP11505,32,Female,Single,Research & Development,Research Director,Senior,Master's,8,64105.0,5342,2.0,3,4,3,33.0,4,No,No,Occasionally,2021-07-26,2022-07-19,Yes
EMP11506,25,Female,Married,Research & Development,Research Scientist,Entry,Bachelor's,0,31048.0,2587,4.0,4,3,3,65.0,2,No,No,Occasionally,2011-05-29,,No
EMP11507,51,Male,Divorced,Finance,Accountant,Lead,Master's,28,125936.0,10495,3.0,3,4,2,33.0,1,Yes,No,Never,2010-12-17,,No
EMP11508,43,Male,Married,Human Resources,HR Specialist,Lead,PhD,20,100025.0,8335,3.0,3,1,4,29.0,1,Yes,No,Occasionally,2018-09-30,,No
EMP11509,29,Male,Married,Finance,Financial Analyst,Senior,High School,9,74282.0,6190,3.0,2,4,3,50.0,3,No,No,Never,2020-04-02,2025-12-10,Yes
EMP11510,22,Female,Married,IT,Data Analyst,Entry,Bachelor's,0,42647.0,3554,1.0,2,3,3,45.0,2,No,No,Occasionally,2020-11-24,2026-05-14,Yes
EMP11511,36,Female,Married,IT,Data Analyst,Lead,High School,16,108292.0,9024,1.0,4,3,4,36.0,7,No,No,Never,2017-11-20,,No
EMP11512,43,Female,Married,IT,Data Analyst,Lead,Bachelor's,21,119530.0,9961,2.0,3,3,3,43.0,1,Yes,No,Frequently,2019-04-02,,No
EMP11513,21,Female,Divorced,Marketing,Marketing Manager,Entry,Bachelor's,0,49326.0,4110,1.0,4,3,2,51.0,6,Yes,Yes,Frequently,2018-11-07,,No
EMP11514,27,Female,Single,Sales,Manager,Mid,Master's,5,52523.0,4377,4.0,2,4,4,45.0,5,No,No,Occasionally,2017-01-06,,No
EMP11515,25,Male,Divorced,Sales,Sales Executive,Entry,Bachelor's,2,51164.0,4264,3.0,3,3,3,52.0,4,Yes,Yes,Frequently,2014-05-15,2023-08-29,Yes
EMP11516,41,Female,Divorced,Sales,Manager,Lead,Bachelor's,15,101829.0,8486,3.0,2,3,3,39.0,4,Yes,Yes,Frequently,2014-09-04,,No
EMP11517,31,Male,Married,Finance,Accountant,Senior,Master's,8,78827.0,6569,3.0,1,1,4,23.0,1,No,No,Occasionally,2016-08-22,,No
EMP11518,31,Male,Married,IT,IT Support,Mid,PhD,6,52281.0,4357,4.0,4,2,2,52.0,2,No,No,Frequently,2010-04-14,,No
EMP11519,35,Male,Married,Research & Development,Research Scientist,Lead,Bachelor's,16,101849.0,8487,4.0,3,4,3,37.0,1,Yes,No,Frequently,2025-05-01,,No
EMP11520,27,Male,Single,Marketing,Marketing Manager,Mid,Bachelor's,4,50329.0,4194,3.0,4,3,3,37.0,3,Yes,No,Occasionally,2024-05-19,,No
EMP11521,22,Male,Married,Sales,Sales Representative,Entry,High School,0,34898.0,2908,2.0,3,4,3,55.0,2,Yes,No,Frequently,2012-07-31,,No
EMP11522,45,Male,Single,Marketing,Marketing Analyst,Lead,High School,26,96278.0,8023,1.0,4,3,3,72.0,5,Yes,No,Frequently,2022-09-25,,No
EMP11523,46,Male,Married,Research & Development,Research Scientist,Lead,Bachelor's,22,101377.0,8448,1.0,3,3,4,12.0,3,No,No,Never,2024-08-23,,No
EMP11524,35,Other,Married,Sales,Manager,Senior,High School,11,72555.0,6046,1.0,3,2,2,36.0,3,Yes,No,Frequently,2024-07-13,,No
EMP11525,36,Male,Single,Research & Development,Research Director,Mid,Bachelor's,7,58255.0,4855,1.0,2,1,3,41.0,5,Yes,No,Occasionally,2025-03-02,,No
EMP11526,44,Female,Divorced,Research & Development,Research Director,Lead,High School,23,105817.0,8818,4.0,4,3,3,44.0,2,No,No,Frequently,2020-12-18,,No
EMP11527,35,Male,Married,Research & Development,Laboratory Technician,Senior,Bachelor's,12,76818.0,6402,4.0,4,3,3,39.0,7,No,No,Never,2021-01-27,,No
EMP11528,31,Male,Married,Research & Development,Research Scientist,Entry,Bachelor's,2,32583.0,2715,3.0,3,3,4,40.0,3,No,Yes,Never,2020-08-05,,No
EMP11529,34,Male,Single,IT,IT Manager,Senior,Bachelor's,10,70788.0,5899,3.0,3,3,3,49.0,2,No,No,Frequently,2015-04-02,2021-01-06,Yes
EMP11530,45,Male,Married,Human Resources,HR Manager,Lead,Bachelor's,19,116251.0,9688,3.0,3,3,3,38.0,3,No,No,Occasionally,2016-03-17,,No
EMP11531,34,Female,Married,Research & Development,Laboratory Technician,Mid,Bachelor's,6,45525.0,3794,2.0,3,4,2,32.0,1,Yes,No,Occasionally,2015-12-26,,No
EMP11532,29,Male,Married,Finance,Accountant,Entry,Master's,0,42231.0,3519,4.0,4,1,4,32.0,1,Yes,No,Occasionally,2023-01-16,,No
EMP11533,35,Male,Married,IT,Data Analyst,Lead,Bachelor's,15,110424.0,9202,2.0,2,1,3,66.0,3,Yes,No,Occasionally,2016-04-28,,No
EMP11534,39,Male,Married,Research & Development,Research Director,Senior,Master's,13,71720.0,5977,3.0,3,4,3,78.0,4,No,No,Occasionally,2022-10-25,,No
EMP11535,38,Female,Married,Research & Development,Research Director,Lead,High School,17,112306.0,9359,2.0,3,3,4,36.0,1,No,Yes,Frequently,2014-05-07,,No
EMP11536,38,Female,Single,Sales,Manager,Senior,High School,11,67644.0,5637,4.0,3,3,2,36.0,2,No,Yes,Occasionally,2013-01-10,,No
EMP11537,27,Male,Married,Sales,Manager,Mid,High School,6,44236.0,3686,3.0,4,1,3,49.0,3,Yes,Yes,Occasionally,2022-05-22,2022-12-08,Yes
EMP11538,40,Male,Married,Finance,Finance Manager,Lead,Bachelor's,17,110102.0,9175,3.0,2,4,3,44.0,6,No,Yes,Frequently,2019-06-08,,No
EMP11539,34,Male,Divorced,Sales,Manager,Senior,Master's,13,77311.0,6443,1.0,1,4,3,39.0,5,No,No,Occasionally,2022-07-03,,No
EMP11540,28,Male,Married,Human Resources,HR Manager,Mid,Bachelor's,3,57737.0,4811,3.0,4,3,4,19.0,2,Yes,No,Occasionally,2023-05-09,,No
EMP11541,40,Male,Married,IT,IT Support,Lead,Bachelor's,17,117016.0,9751,3.0,3,4,3,27.0,1,No,No,Frequently,2012-08-28,,No
EMP11542,30,Female,Single,Sales,Manager,Senior,Bachelor's,9,75515.0,6293,2.0,3,3,3,54.0,4,Yes,No,Frequently,2011-08-10,,No
EMP11543,21,Female,Married,Human Resources,HR Specialist,Entry,PhD,0,32731.0,2728,4.0,2,3,2,37.0,4,Yes,No,Frequently,2011-12-19,,No
EMP11544,26,Female,Married,Research & Development,Research Director,Entry,Master's,2,30983.0,2582,4.0,1,3,3,77.0,3,No,No,Occasionally,2013-07-16,,No
EMP11545,33,Female,Single,Marketing,Marketing Executive,Senior,Master's,13,85925.0,7160,3.0,2,4,3,77.0,1,No,No,Occasionally,2024-09-26,,No
EMP11546,39,Male,Married,Research & Development,Laboratory Technician,Senior,Bachelor's,14,69126.0,5760,2.0,3,3,2,25.0,6,No,Yes,Occasionally,2014-12-30,2018-08-04,Yes
EMP11547,27,Male,Single,IT,IT Support,Mid,PhD,3,59222.0,4935,4.0,3,3,3,66.0,4,Yes,No,Occasionally,2021-11-03,,No
EMP11548,32,Male,Single,Human Resources,HR Executive,Senior,PhD,9,81387.0,6782,2.0,3,2,3,40.0,2,Yes,Yes,Never,2021-01-22,,No
EMP11549,24,Female,Single,Sales,Manager,Entry,Bachelor's,2,39770.0,3314,1.0,1,4,3,45.0,1,Yes,No,Never,2020-07-25,,No
EMP11550,42,Male,Divorced,Finance,Financial Analyst,Lead,Bachelor's,17,104326.0,8694,1.0,2,3,3,55.0,6,No,No,Frequently,2013-01-28,,No
EMP11551,48,Female,Divorced,Marketing,Marketing Executive,Lead,Bachelor's,21,98206.0,8184,1.0,1,2,2,60.0,2,No,Yes,Frequently,2022-05-11,,No
EMP11552,47,Male,Single,Finance,Financial Analyst,Lead,Bachelor's,25,100310.0,8359,3.0,3,3,3,29.0,2,Yes,No,Occasionally,2024-08-22,,No
EMP11553,42,Male,Married,IT,IT Manager,Lead,Bachelor's,16,109599.0,9133,2.0,2,4,3,81.0,4,No,No,Occasionally,2013-04-29,,No
EMP11554,41,Female,Single,IT,Software Engineer,Lead,Bachelor's,22,113779.0,9482,3.0,4,3,3,47.0,3,Yes,Yes,Never,2017-09-11,,No
EMP11555,21,Male,Married,Research & Development,Laboratory Technician,Entry,Master's,0,28695.0,2391,3.0,2,2,4,6.0,2,Yes,No,Never,2019-10-24,,No
EMP11556,35,Male,Married,Sales,Sales Representative,Lead,Bachelor's,16,109894.0,9158,3.0,3,1,3,37.0,4,No,Yes,Occasionally,2020-11-08,,No
EMP11557,30,Male,Single,Finance,Financial Analyst,Mid,Master's,6,55541.0,4628,2.0,3,2,3,80.0,6,No,No,Frequently,2022-01-23,,No
EMP11558,41,Male,Single,Research & Development,Research Director,Lead,Bachelor's,18,109267.0,9106,4.0,2,2,3,31.0,2,Yes,No,Occasionally,2015-01-16,,No
EMP11559,21,Female,Married,IT,IT Manager,Entry,Master's,0,40030.0,3336,3.0,4,4,2,83.0,4,Yes,No,Occasionally,2012-04-12,,No
EMP11560,36,Female,Married,Marketing,Marketing Executive,Senior,Bachelor's,12,64203.0,5350,2.0,4,2,4,44.0,2,No,Yes,Frequently,2024-03-26,,No
EMP11561,32,Male,Single,Research & Development,Laboratory Technician,Senior,Bachelor's,10,67951.0,5663,3.0,1,4,3,42.0,6,Yes,No,Occasionally,2024-09-10,,No
EMP11562,43,Male,Married,Research & Development,Research Director,Lead,Bachelor's,19,113100.0,9425,2.0,3,1,3,23.0,4,No,No,Never,2010-08-09,2024-02-12,Yes
EMP11563,46,Male,Married,IT,IT Manager,Lead,Bachelor's,19,105441.0,8787,2.0,3,4,3,53.0,3,No,No,Never,2021-07-27,,No
EMP11564,27,Female,Married,Research & Development,Laboratory Technician,Entry,Master's,0,37964.0,3164,4.0,4,2,4,36.0,2,No,No,Occasionally,2024-06-13,,No
EMP11565,27,Male,Married,IT,Data Analyst,Entry,High School,0,39884.0,3324,2.0,3,3,3,42.0,7,No,No,Occasionally,2018-11-20,,No
EMP11566,36,Male,Married,Research & Development,Research Director,Mid,Bachelor's,6,45108.0,3759,3.0,2,2,3,38.0,5,No,No,Occasionally,2021-03-17,,No
EMP11567,48,Male,Married,Finance,Financial Analyst,Lead,Bachelor's,24,114248.0,9521,2.0,3,3,4,57.0,1,Yes,Yes,Frequently,2012-01-29,,No
EMP11568,34,Male,Married,Sales,Sales Executive,Senior,Master's,12,72656.0,6055,4.0,3,1,4,38.0,6,Yes,No,Occasionally,2021-05-26,,No
EMP11569,24,Female,Divorced,Finance,Financial Analyst,Entry,Bachelor's,2,37061.0,3088,2.0,4,3,2,5.0,2,No,No,Occasionally,2016-01-04,,No
EMP11570,29,Female,Single,Research & Development,Research Scientist,Mid,Bachelor's,3,50531.0,4211,2.0,4,3,2,27.0,6,No,Yes,Never,2016-11-20,,No
EMP11571,36,Male,Married,Finance,Finance Manager,Senior,Bachelor's,13,61071.0,5089,3.0,1,4,2,18.0,5,No,No,Occasionally,2015-08-15,,No
EMP11572,36,Female,Single,Sales,Manager,Senior,Bachelor's,10,80716.0,6726,3.0,4,2,3,69.0,3,Yes,No,Occasionally,2022-10-25,,No
EMP11573,28,Male,Single,IT,IT Manager,Senior,Master's,8,88370.0,7364,3.0,4,2,3,53.0,4,No,No,Never,2021-10-17,,No
EMP11574,29,Male,Married,IT,IT Support,Mid,Bachelor's,6,55542.0,4628,3.0,4,2,4,43.0,4,Yes,No,Occasionally,2011-03-23,2016-02-21,Yes
EMP11575,26,Male,Divorced,Sales,Sales Representative,Mid,Master's,7,56497.0,4708,2.0,3,3,3,38.0,3,Yes,No,Never,2019-12-15,,No
EMP11576,43,Male,Single,Sales,Manager,Lead,Bachelor's,19,98898.0,8242,3.0,3,2,4,17.0,3,No,Yes,Never,2016-08-13,,No
EMP11577,27,Female,Divorced,Sales,Sales Executive,Entry,Bachelor's,1,26040.0,2170,3.0,1,2,3,38.0,2,No,No,Never,2022-01-29,,No
EMP11578,30,Female,Single,Finance,Accountant,Mid,Bachelor's,3,57677.0,4806,3.0,4,3,4,59.0,3,No,No,Occasionally,2010-05-03,,No
EMP11579,30,Male,Married,Finance,Financial Analyst,Mid,Bachelor's,7,51127.0,4261,2.0,3,1,3,57.0,3,No,Yes,Frequently,2022-04-02,,No
EMP11580,21,Male,Single,Human Resources,HR Executive,Entry,Bachelor's,0,31096.0,2591,3.0,1,3,4,50.0,1,No,Yes,Occasionally,2020-01-16,,No
EMP11581,27,Male,Married,Research & Development,Research Director,Senior,Master's,8,69427.0,5786,4.0,3,2,3,17.0,1,No,Yes,Frequently,2015-04-24,,No
EMP11582,44,Female,Married,Research & Development,Research Director,Lead,Bachelor's,26,96008.0,8001,3.0,3,3,3,29.0,6,No,No,Occasionally,2018-09-10,,No
EMP11583,24,Female,Married,Finance,Financial Analyst,Entry,Bachelor's,0,37454.0,3121,1.0,3,4,3,49.0,3,Yes,No,Occasionally,2017-06-13,2020-09-07,Yes
EMP11584,26,Male,Married,Research & Development,Research Scientist,Entry,High School,1,33519.0,2793,3.0,3,2,4,21.0,3,Yes,Yes,Frequently,2025-10-20,,No
EMP11585,23,Female,Married,Marketing,Marketing Analyst,Entry,Master's,1,32134.0,2678,3.0,3,2,3,55.0,1,Yes,No,Never,2024-11-14,,No
EMP11586,33,Female,Married,Sales,Manager,Senior,Master's,8,73966.0,6164,2.0,2,4,4,18.0,2,Yes,No,Occasionally,2022-04-27,,No
EMP11587,49,Male,Single,Finance,Accountant,Lead,Bachelor's,25,104075.0,8673,3.0,2,3,3,22.0,1,No,No,Occasionally,2023-11-27,,No
EMP11588,33,Male,Divorced,Research & Development,Laboratory Technician,Mid,Bachelor's,6,44432.0,3703,3.0,3,3,4,18.0,2,Yes,No,Never,2022-10-01,,No
EMP11589,35,Female,Married,Research & Development,Laboratory Technician,Senior,High School,13,68157.0,5680,1.0,1,3,4,33.0,4,Yes,No,Never,2010-10-28,,No
EMP11590,28,Male,Single,IT,Software Engineer,Mid,PhD,5,54773.0,4564,2.0,3,2,3,15.0,2,Yes,Yes,Occasionally,2014-03-07,,No
EMP11591,34,Male,Single,Finance,Accountant,Senior,Master's,8,87149.0,7262,2.0,1,4,3,33.0,5,No,Yes,Occasionally,2024-07-29,2025-07-26,Yes
EMP11592,44,Male,Married,Marketing,Marketing Analyst,Lead,Bachelor's,22,106617.0,8885,2.0,4,3,3,26.0,3,Yes,No,Occasionally,2024-06-18,,No
EMP11593,35,Male,Single,Sales,Sales Executive,Senior,Bachelor's,13,78522.0,6544,2.0,3,3,2,30.0,2,Yes,No,Occasionally,2018-01-14,2019-09-16,Yes
EMP11594,51,Female,Married,Sales,Manager,Lead,Bachelor's,32,96210.0,8018,1.0,3,4,3,54.0,7,Yes,No,Occasionally,2013-10-31,,No
EMP11595,44,Male,Single,IT,IT Support,Lead,Bachelor's,18,113300.0,9442,2.0,2,3,2,42.0,1,Yes,No,Occasionally,2016-06-08,,No
EMP11596,33,Male,Married,Human Resources,HR Specialist,Senior,Master's,11,78359.0,6530,4.0,2,3,3,54.0,3,No,No,Frequently,2021-11-19,,No
EMP11597,33,Male,Single,Research & Development,Research Scientist,Mid,Bachelor's,7,63101.0,5258,3.0,3,4,3,82.0,1,Yes,No,Occasionally,2016-05-24,,No
EMP11598,47,Female,Divorced,Sales,Manager,Lead,Master's,21,104869.0,8739,3.0,3,2,3,12.0,4,No,Yes,Occasionally,2012-11-18,,No
EMP11599,35,Male,Divorced,Sales,Sales Representative,Senior,Bachelor's,9,73243.0,6104,4.0,2,2,3,32.0,2,No,Yes,Frequently,2021-10-04,,No
EMP11600,45,Female,Divorced,IT,Data Analyst,Lead,Bachelor's,23,106635.0,8886,2.0,2,2,3,23.0,1,No,Yes,Occasionally,2013-01-21,2017-12-05,Yes
EMP11601,50,Male,Single,Sales,Sales Executive,Lead,Bachelor's,23,105418.0,8785,3.0,4,4,4,29.0,4,No,No,Occasionally,2019-01-02,2019-10-01,Yes
EMP11602,32,Female,Married,Research & Development,Laboratory Technician,Senior,Bachelor's,9,74636.0,6220,2.0,2,3,3,49.0,4,No,No,Occasionally,2022-01-12,,No
EMP11603,37,Female,Married,Research & Development,Research Director,Lead,Master's,18,112857.0,9405,4.0,1,2,3,74.0,3,No,No,Occasionally,2024-04-28,,No
EMP11604,42,Female,Married,Research & Development,Research Scientist,Lead,Bachelor's,22,111314.0,9276,2.0,1,2,3,54.0,3,No,Yes,Occasionally,2014-01-11,,No
EMP11605,40,Male,Single,Sales,Manager,Lead,Bachelor's,19,98034.0,8170,1.0,4,1,3,51.0,4,No,No,Occasionally,2013-01-19,,No
EMP11606,40,Female,Married,Human Resources,HR Manager,Lead,Master's,18,104845.0,8737,2.0,3,2,3,61.0,3,No,No,Never,2023-11-27,,No
EMP11607,23,Male,Divorced,Sales,Manager,Entry,Bachelor's,0,49132.0,4094,4.0,3,4,2,69.0,1,No,Yes,Occasionally,2020-03-23,2021-06-28,Yes
EMP11608,27,Female,Single,IT,Data Analyst,Entry,Bachelor's,1,28739.0,2395,2.0,2,3,3,74.0,4,No,No,Frequently,2019-04-11,,No
EMP11609,30,Male,Single,Research & Development,Laboratory Technician,Senior,PhD,9,74693.0,6224,2.0,3,4,3,51.0,3,No,Yes,Occasionally,2013-08-02,,No
EMP11610,44,Female,Single,Human Resources,HR Manager,Lead,Bachelor's,22,110267.0,9189,2.0,2,3,3,25.0,2,No,Yes,Occasionally,2024-08-10,2026-07-05,Yes
EMP11611,24,Male,Single,IT,IT Support,Mid,Bachelor's,6,57337.0,4778,4.0,3,3,3,36.0,4,Yes,Yes,Occasionally,2023-11-20,,No
EMP11612,46,Female,Married,Finance,Financial Analyst,Lead,Master's,27,106746.0,8896,3.0,2,3,4,5.0,4,No,No,Never,2019-02-17,,No
EMP11613,40,Female,Married,Human Resources,HR Executive,Lead,High School,19,101713.0,8476,3.0,1,4,3,56.0,4,No,Yes,Occasionally,2024-04-03,2025-03-11,Yes
EMP11614,43,Male,Single,Research & Development,Laboratory Technician,Lead,Bachelor's,21,97553.0,8129,3.0,4,4,3,27.0,3,Yes,No,Occasionally,2020-06-10,,No
EMP11615,27,Female,Married,Research & Development,Laboratory Technician,Mid,Bachelor's,7,50817.0,4235,3.0,3,4,3,29.0,5,Yes,Yes,Frequently,2014-12-28,2025-02-22,Yes
EMP11616,35,Male,Married,Finance,Financial Analyst,Senior,Bachelor's,10,87182.0,7265,1.0,4,3,4,48.0,4,No,No,Occasionally,2024-05-04,,No
EMP11617,36,Female,Single,Marketing,Marketing Manager,Senior,PhD,12,67097.0,5591,2.0,3,1,3,7.0,1,No,Yes,Frequently,2020-06-14,,No
EMP11618,36,Female,Married,Finance,Accountant,Senior,Bachelor's,10,81867.0,6822,4.0,4,3,2,61.0,2,Yes,No,Occasionally,2015-08-29,,No
EMP11619,36,Other,Single,Human Resources,HR Manager,Senior,Bachelor's,10,83553.0,6963,3.0,4,1,3,52.0,5,Yes,No,Occasionally,2021-05-10,2023-10-06,Yes
EMP11620,32,Male,Married,IT,Software Engineer,Senior,Bachelor's,8,82855.0,6905,4.0,2,2,4,34.0,3,Yes,No,Never,2017-08-30,,No
EMP11621,35,Male,Single,Research & Development,Laboratory Technician,Senior,Bachelor's,14,73051.0,6088,3.0,3,2,3,41.0,3,Yes,No,Occasionally,2014-03-10,,No
EMP11622,42,Female,Married,Sales,Sales Representative,Lead,Bachelor's,15,109720.0,9143,3.0,3,3,3,30.0,2,No,No,Occasionally,2016-12-27,2019-12-11,Yes
EMP11623,25,Female,Single,Human Resources,HR Executive,Mid,Bachelor's,4,45698.0,3808,3.0,4,3,3,89.0,1,No,No,Frequently,2018-10-11,,No
EMP11624,46,Male,Divorced,Marketing,Marketing Analyst,Lead,Master's,25,107953.0,8996,,4,3,3,25.0,4,No,Yes,Never,2023-08-26,,No
EMP11625,42,Male,Married,Sales,Sales Executive,Lead,Bachelor's,24,103834.0,8653,2.0,3,3,3,48.0,4,No,No,Occasionally,2018-12-27,,No
EMP11626,26,Male,Single,Finance,Accountant,Mid,Master's,4,56438.0,4703,1.0,3,1,3,37.0,4,No,Yes,Occasionally,2019-10-12,,No
EMP11627,37,Female,Married,Sales,Sales Executive,Senior,Bachelor's,11,87736.0,7311,3.0,3,3,3,43.0,2,Yes,Yes,Occasionally,2015-12-29,2022-12-19,Yes
EMP11628,41,Female,Single,Human Resources,HR Specialist,Senior,Bachelor's,11,84093.0,7008,2.0,3,3,3,51.0,3,Yes,No,Occasionally,2022-08-09,,No
EMP11629,24,Male,Married,Sales,Manager,Mid,Bachelor's,4,62371.0,5198,2.0,4,1,4,52.0,1,Yes,Yes,Occasionally,2021-04-16,,No
EMP11630,34,Male,Married,Research & Development,Research Director,Senior,Bachelor's,8,70274.0,5856,4.0,4,4,3,36.0,3,No,Yes,Never,2018-06-04,,No
EMP11631,33,Female,Married,IT,IT Manager,Senior,Bachelor's,8,75848.0,6321,4.0,1,3,3,21.0,5,Yes,No,Occasionally,2013-04-12,,No
EMP11632,29,Male,Single,Research & Development,Research Director,Mid,High School,7,55267.0,4606,3.0,3,3,3,29.0,1,Yes,Yes,Occasionally,2012-03-24,,No
EMP11633,35,Female,Single,Finance,Accountant,Senior,Bachelor's,10,82268.0,6856,3.0,3,3,3,34.0,2,Yes,Yes,Occasionally,2016-01-12,,No
EMP11634,29,Male,Single,IT,Data Analyst,Mid,Master's,7,45165.0,3764,2.0,3,3,4,31.0,3,No,No,Frequently,2023-04-16,,No
EMP11635,45,Female,Single,Marketing,Marketing Manager,Lead,High School,23,107363.0,8947,3.0,4,1,2,23.0,3,No,Yes,Occasionally,2012-12-21,,No
EMP11636,29,Female,Married,Research & Development,Research Director,Entry,Master's,0,46331.0,3861,3.0,3,3,4,50.0,3,No,No,Occasionally,2010-07-15,,No
EMP11637,40,Male,Single,Research & Development,Research Scientist,Lead,Bachelor's,16,118279.0,9857,3.0,2,3,3,18.0,1,No,No,Occasionally,2021-06-17,,No
EMP11638,21,Male,Married,Sales,Sales Executive,Entry,Master's,0,27102.0,2258,4.0,3,2,3,41.0,1,Yes,No,Frequently,2020-01-29,,No
EMP11639,33,Female,Married,Marketing,Marketing Executive,Senior,High School,11,80977.0,6748,2.0,3,3,2,13.0,4,Yes,No,Never,2011-10-02,,No
EMP11640,34,Male,Single,Marketing,Marketing Manager,Senior,Master's,9,69777.0,5815,2.0,3,3,4,62.0,4,No,Yes,Occasionally,2011-01-31,,No
EMP11641,32,Female,Married,Human Resources,HR Manager,Mid,High School,6,51329.0,4277,3.0,1,2,3,31.0,2,Yes,No,Occasionally,2014-01-24,,No
EMP11642,31,Male,Married,IT,IT Support,Senior,Bachelor's,12,77258.0,6438,3.0,2,4,4,29.0,2,No,No,Never,2019-09-11,,No
EMP11643,29,Female,Married,Human Resources,HR Executive,Mid,Master's,4,43817.0,3651,1.0,3,3,4,26.0,3,No,No,Occasionally,2012-11-28,,No
EMP11644,40,Male,Married,Finance,Accountant,Lead,Bachelor's,15,115183.0,9599,4.0,3,2,3,73.0,7,No,No,Never,2017-03-15,,No
EMP11645,42,Male,Single,Sales,Manager,Lead,High School,18,107005.0,8917,4.0,3,3,4,66.0,4,No,No,Frequently,2019-09-07,,No
EMP11646,33,Male,Single,IT,IT Manager,Mid,Master's,7,62109.0,5176,4.0,3,3,3,43.0,2,No,No,Occasionally,2010-03-18,,No
EMP11647,25,Female,Married,Sales,Sales Representative,Entry,Bachelor's,0,36431.0,3036,4.0,4,2,4,33.0,1,Yes,No,Frequently,2023-05-20,2026-01-13,Yes
EMP11648,48,Other,Divorced,IT,Data Analyst,Lead,Bachelor's,24,113381.0,9448,4.0,4,4,3,79.0,2,No,No,Frequently,2017-10-31,,No
EMP11649,27,Male,Divorced,IT,Data Analyst,Mid,High School,7,51737.0,4311,4.0,3,4,2,51.0,4,Yes,Yes,Frequently,2017-09-24,,No
EMP11650,22,Male,Single,IT,IT Manager,Entry,Master's,0,40473.0,3373,3.0,2,4,3,37.0,2,No,No,Never,2019-08-29,2020-10-18,Yes
EMP11651,21,Male,Married,Sales,Sales Executive,Entry,Bachelor's,0,30475.0,2540,2.0,2,3,3,32.0,4,No,Yes,Occasionally,2018-10-07,2023-12-04,Yes
EMP11652,35,Male,Divorced,Research & Development,Laboratory Technician,Senior,Master's,9,74660.0,6222,2.0,3,4,3,57.0,1,Yes,Yes,Occasionally,2010-11-19,2011-05-05,Yes
EMP11653,32,Female,Single,Research & Development,Research Director,Senior,Master's,9,69394.0,5783,1.0,4,4,3,38.0,6,No,No,Frequently,2011-10-28,,No
EMP11654,42,Male,Married,Research & Development,Research Scientist,Senior,Master's,11,65457.0,5455,3.0,3,4,3,18.0,3,No,No,Never,2025-06-19,,No
EMP11655,39,Female,Married,Sales,Manager,Lead,Bachelor's,19,101029.0,8419,4.0,3,4,3,45.0,5,No,No,Occasionally,2011-07-04,,No
EMP11656,36,Female,Married,Marketing,Marketing Manager,Lead,Master's,17,108818.0,9068,3.0,3,3,4,46.0,4,Yes,Yes,Occasionally,2020-09-11,,No
EMP11657,32,Female,Married,Human Resources,HR Executive,Senior,Bachelor's,9,75514.0,6293,2.0,3,2,3,43.0,5,No,Yes,Frequently,2024-03-04,,No
EMP11658,43,Female,Divorced,Research & Development,Research Director,Lead,Master's,25,117482.0,9790,1.0,4,2,4,51.0,1,No,No,Frequently,2018-11-07,,No
EMP11659,49,Male,Single,Research & Development,Research Director,Lead,Bachelor's,26,104541.0,8712,1.0,4,3,3,36.0,5,No,No,Occasionally,2025-04-14,,No
EMP11660,42,Male,Married,Research & Development,Research Scientist,Lead,Master's,15,106364.0,8864,2.0,4,4,3,42.0,5,No,No,Occasionally,2024-03-19,,No
EMP11661,30,Female,Single,Finance,Finance Manager,Mid,Bachelor's,5,56116.0,4676,1.0,3,3,2,42.0,1,No,No,Occasionally,2013-07-26,,No
EMP11662,40,Male,Married,Human Resources,HR Specialist,Lead,High School,17,97561.0,8130,1.0,2,4,4,18.0,4,No,No,Occasionally,2024-01-19,,No
EMP11663,31,Male,Divorced,Marketing,Marketing Manager,Senior,Bachelor's,8,75850.0,6321,2.0,1,3,2,55.0,2,No,No,Never,2010-12-25,,No
EMP11664,25,Female,Married,Research & Development,Laboratory Technician,Entry,Bachelor's,0,24522.0,2044,3.0,1,2,3,52.0,3,Yes,No,Never,2017-09-11,2023-11-06,Yes
EMP11665,27,Female,Single,Marketing,Marketing Manager,Senior,Bachelor's,10,75521.0,6293,2.0,1,1,4,60.0,2,No,Yes,Occasionally,2015-07-25,,No
EMP11666,31,Male,Married,IT,Software Engineer,Senior,Bachelor's,9,70680.0,5890,3.0,4,3,4,24.0,1,Yes,No,Never,2019-11-01,,No
EMP11667,35,Female,Single,Sales,Sales Executive,Senior,Bachelor's,12,75514.0,6293,3.0,2,4,4,34.0,1,Yes,No,Occasionally,2018-07-02,,No
EMP11668,50,Male,Single,Marketing,Marketing Manager,Lead,Bachelor's,26,106036.0,8836,1.0,2,4,4,62.0,2,Yes,No,Never,2022-05-25,,No
EMP11669,27,Female,Married,Sales,Sales Executive,Senior,Bachelor's,8,77541.0,6462,3.0,3,3,4,32.0,4,Yes,Yes,Occasionally,2019-05-18,2025-10-23,Yes
EMP11670,45,Male,Married,IT,IT Support,Lead,High School,24,101958.0,8496,2.0,3,4,4,,1,No,Yes,Occasionally,2022-01-14,,No
EMP11671,31,Female,Married,Research & Development,Research Scientist,Senior,Master's,10,79365.0,6614,1.0,4,2,3,14.0,2,Yes,No,Never,2015-10-24,,No
EMP11672,21,Female,Married,IT,Data Analyst,Entry,Master's,0,43613.0,3634,4.0,1,3,3,32.0,4,No,No,Occasionally,2021-11-17,2025-10-11,Yes
EMP11673,30,Male,Married,IT,IT Support,Mid,Bachelor's,5,52293.0,4358,3.0,4,2,2,34.0,2,No,Yes,Occasionally,2024-11-01,2026-08-28,Yes
EMP11674,43,Female,Single,IT,Data Analyst,Lead,Bachelor's,21,118898.0,9908,3.0,2,2,3,56.0,2,No,No,Frequently,2010-10-08,,No
EMP11675,37,Female,Married,IT,Data Analyst,Lead,Bachelor's,15,113321.0,9443,4.0,4,4,3,72.0,1,No,No,Occasionally,2022-08-28,,No
EMP11676,37,Female,Divorced,Research & Development,Research Director,Senior,Master's,12,75578.0,6298,4.0,3,4,4,47.0,5,No,No,Frequently,2011-06-06,,No
EMP11677,45,Male,Married,Sales,Sales Representative,Lead,Master's,26,108975.0,9081,2.0,3,1,3,5.0,1,No,No,Occasionally,2025-02-14,,No
EMP11678,26,Female,Married,Research & Development,Research Director,Entry,Bachelor's,0,43350.0,3612,4.0,2,2,4,41.0,6,Yes,No,Occasionally,2018-09-05,,No
EMP11679,26,Female,Single,Sales,Sales Representative,Mid,Bachelor's,4,51014.0,4251,4.0,3,2,3,44.0,5,No,No,Occasionally,2021-10-18,2022-11-23,Yes
EMP11680,21,Male,Married,Finance,Finance Manager,Entry,Master's,0,32542.0,2712,1.0,3,2,3,49.0,2,No,Yes,Occasionally,2015-01-23,,No
EMP11681,41,Female,Married,Research & Development,Research Director,Lead,Bachelor's,15,119564.0,9964,3.0,1,3,3,41.0,4,Yes,No,Never,2024-02-22,,No
EMP11682,38,Male,Single,Marketing,Marketing Executive,Senior,Bachelor's,11,74790.0,6232,1.0,1,3,4,66.0,5,Yes,No,Occasionally,2016-12-26,2022-03-27,Yes
EMP11683,40,Male,Married,Finance,Finance Manager,Lead,High School,21,111567.0,9297,3.0,4,3,3,26.0,3,No,Yes,Occasionally,2019-01-17,2023-10-30,Yes
EMP11684,25,Male,Divorced,IT,IT Manager,Mid,Bachelor's,3,57787.0,4816,3.0,3,2,2,23.0,1,No,No,Occasionally,2015-12-17,,No
EMP11685,21,Female,Married,Sales,Manager,Mid,Bachelor's,4,40751.0,3396,2.0,4,2,3,31.0,3,No,Yes,Occasionally,2010-02-15,,No
EMP11686,23,Female,Single,IT,Data Analyst,Senior,Master's,8,80847.0,6737,4.0,3,3,3,89.0,6,No,No,Occasionally,2012-08-12,,No
EMP11687,27,Male,Married,Marketing,Marketing Manager,Mid,PhD,3,59778.0,4982,4.0,3,4,3,39.0,1,No,No,Never,2016-11-14,,No
EMP11688,46,Female,Single,Research & Development,Research Scientist,Lead,Bachelor's,27,99331.0,8278,4.0,2,4,4,63.0,2,No,No,Never,2022-06-07,,No
EMP11689,42,Male,Single,Finance,Accountant,Lead,PhD,16,118228.0,9852,2.0,4,2,2,62.0,8,No,No,Occasionally,2012-09-05,,No
EMP11690,30,Female,Divorced,IT,Data Analyst,Mid,Master's,3,64346.0,5362,1.0,3,3,3,11.0,4,Yes,No,Occasionally,2017-09-24,,No
EMP11691,36,Male,Single,Sales,Sales Executive,Lead,Bachelor's,17,97970.0,8164,4.0,2,2,3,41.0,1,No,No,Frequently,2022-09-23,,No
EMP11692,29,Female,Single,Human Resources,HR Specialist,Mid,Master's,4,43569.0,3631,2.0,3,1,2,62.0,2,Yes,No,Occasionally,2024-05-29,,No
EMP11693,37,Female,Married,Research & Development,Laboratory Technician,Senior,Master's,10,67375.0,5615,3.0,1,2,4,94.0,2,No,Yes,Occasionally,2011-10-03,,No
EMP11694,25,Female,Divorced,Sales,Sales Representative,Mid,Bachelor's,5,49139.0,4095,4.0,4,4,3,61.0,1,No,Yes,Occasionally,2021-07-08,2022-04-17,Yes
EMP11695,40,Male,Married,Research & Development,Laboratory Technician,Lead,Master's,20,97373.0,8114,2.0,1,4,4,36.0,4,No,Yes,Frequently,2021-10-30,,No
EMP11696,27,Male,Single,Sales,Sales Executive,Mid,Master's,3,60539.0,5045,2.0,2,2,4,68.0,3,No,Yes,Frequently,2013-02-14,,No
EMP11697,40,Male,Married,Sales,Sales Executive,Senior,Master's,13,67715.0,5643,3.0,1,3,4,34.0,5,Yes,Yes,Frequently,2016-10-01,,No
EMP11698,31,Female,Married,Sales,Sales Representative,Mid,Master's,7,45758.0,3813,2.0,2,2,3,22.0,5,No,No,Occasionally,2011-01-23,,No
EMP11699,28,Male,Married,Marketing,Marketing Analyst,Mid,Bachelor's,6,62632.0,5219,3.0,3,2,4,55.0,4,No,No,Occasionally,2017-12-06,,No
EMP11700,47,Female,Married,Human Resources,HR Executive,Lead,Master's,20,103156.0,8596,1.0,3,3,3,16.0,1,No,No,Occasionally,2016-10-06,,No
EMP11701,35,Male,Single,Marketing,Marketing Executive,Senior,Master's,14,78950.0,6579,2.0,4,3,3,31.0,3,No,No,Never,2019-02-09,,No
EMP11702,31,Male,Divorced,Research & Development,Research Scientist,Mid,Bachelor's,6,55252.0,4604,4.0,3,3,3,69.0,2,Yes,No,Frequently,2012-08-07,,No
EMP11703,40,Male,Married,Research & Development,Laboratory Technician,Lead,High School,19,94819.0,7902,3.0,3,4,3,55.0,2,Yes,No,Occasionally,2013-08-14,,No
EMP11704,23,Female,Single,Human Resources,HR Specialist,Entry,Master's,0,37619.0,3135,3.0,3,3,4,26.0,6,No,No,Frequently,2014-04-30,,No
EMP11705,43,Female,Married,Research & Development,Research Director,Lead,High School,22,109293.0,9108,2.0,4,2,3,45.0,3,No,Yes,Occasionally,2025-09-11,2026-05-01,Yes
EMP11706,33,Female,Single,Sales,Sales Executive,Senior,Master's,13,80568.0,6714,3.0,3,3,4,40.0,4,Yes,No,Occasionally,2022-05-03,,No
EMP11707,39,Female,Married,Finance,Accountant,Senior,Master's,14,75249.0,6271,4.0,2,2,3,58.0,3,No,No,Occasionally,2017-10-13,,No
EMP11708,22,Male,Single,Sales,Sales Executive,Entry,Bachelor's,0,34009.0,2834,3.0,3,3,4,49.0,3,Yes,Yes,Occasionally,2020-04-08,,No
EMP11709,31,Female,Single,Finance,Accountant,Senior,High School,10,78789.0,6566,3.0,2,3,2,45.0,3,Yes,Yes,Occasionally,2012-07-09,,No
EMP11710,34,Male,Married,Finance,Financial Analyst,Senior,Bachelor's,9,80652.0,6721,1.0,2,4,4,41.0,5,No,Yes,Frequently,2012-03-07,,No
EMP11711,42,Female,Married,Sales,Sales Representative,Lead,Bachelor's,22,99559.0,8297,3.0,4,4,4,22.0,4,No,No,Never,2013-10-26,,No
EMP11712,39,Male,Single,Sales,Manager,Lead,Master's,18,103668.0,8639,4.0,4,4,2,67.0,5,Yes,No,Frequently,2015-02-25,,No
EMP11713,31,Female,Married,IT,IT Support,Mid,Bachelor's,4,65838.0,5486,4.0,3,3,3,50.0,3,Yes,No,Frequently,2011-03-20,,No
EMP11714,37,Male,Married,Research & Development,Research Scientist,Senior,High School,14,62518.0,5210,3.0,4,3,4,36.0,2,No,No,Occasionally,2010-12-12,,No
EMP11715,44,Male,Married,Sales,Sales Representative,Lead,Bachelor's,17,102438.0,8536,4.0,2,4,3,37.0,1,No,No,Occasionally,2014-09-12,,No
EMP11716,32,Male,Single,Marketing,Marketing Analyst,Mid,Master's,6,56471.0,4706,2.0,3,1,2,40.0,3,No,No,Frequently,2022-11-06,,No
EMP11717,32,Male,Married,Sales,Sales Executive,Mid,Bachelor's,7,44385.0,3699,3.0,3,2,4,27.0,2,No,No,Occasionally,2025-02-15,,No
EMP11718,21,Male,Single,Finance,Accountant,Entry,Master's,0,38802.0,3234,2.0,3,2,3,32.0,5,No,Yes,Frequently,2014-06-30,,No
EMP11719,32,Female,Divorced,Marketing,Marketing Executive,Senior,Bachelor's,9,79283.0,6607,3.0,2,3,3,60.0,3,No,No,Occasionally,2013-03-05,,No
EMP11720,21,Female,Married,Research & Development,Laboratory Technician,Entry,Master's,0,30928.0,2577,1.0,3,4,2,14.0,2,No,No,Occasionally,2011-01-08,,No
EMP11721,33,Male,Married,Sales,Sales Executive,Mid,Bachelor's,7,54109.0,4509,4.0,4,2,3,75.0,3,Yes,Yes,Frequently,2010-11-18,,No
EMP11722,42,Male,Single,Sales,Sales Representative,Lead,Bachelor's,21,116401.0,9700,3.0,3,3,2,42.0,4,No,Yes,Never,2021-03-01,,No
EMP11723,21,Male,Married,Research & Development,Research Scientist,Entry,Master's,0,27293.0,2274,2.0,2,3,4,28.0,2,No,No,Occasionally,2014-10-06,,No
EMP11724,44,Female,Single,Sales,Sales Representative,Lead,Bachelor's,20,95285.0,7940,3.0,1,4,4,36.0,6,No,Yes,Occasionally,2018-09-20,2020-11-03,Yes
EMP11725,31,Male,Married,Finance,Finance Manager,Senior,Bachelor's,10,77029.0,6419,3.0,2,3,3,50.0,1,No,No,Occasionally,2015-08-28,,No
EMP11726,34,Male,Married,Sales,Sales Representative,Senior,Master's,8,69039.0,5753,2.0,1,4,3,33.0,4,No,Yes,Occasionally,2012-02-10,,No
EMP11727,30,Male,Married,Human Resources,HR Executive,Senior,Master's,8,78695.0,6558,1.0,4,2,3,54.0,1,Yes,No,Occasionally,2011-08-18,,No
EMP11728,21,Male,Single,Marketing,Marketing Manager,Entry,Bachelor's,0,28811.0,2401,2.0,3,4,4,23.0,2,No,No,Occasionally,2024-11-17,,No
EMP11729,28,Male,Single,IT,IT Manager,Senior,Bachelor's,8,87292.0,7274,2.0,3,3,3,28.0,1,No,Yes,Never,2010-05-02,,No
EMP11730,51,Male,Married,Finance,Accountant,Lead,Master's,26,111038.0,9253,3.0,4,3,4,46.0,6,No,No,Occasionally,2010-01-11,,No
EMP11731,25,Male,Married,Research & Development,Research Director,Mid,Master's,3,47204.0,3934,3.0,2,2,3,31.0,3,Yes,No,Never,2015-02-02,,No
EMP11732,21,Male,Married,Finance,Accountant,Entry,Bachelor's,0,29542.0,2462,3.0,3,3,3,77.0,1,No,No,Never,2011-01-23,,No
EMP11733,35,Male,Single,Human Resources,HR Manager,Senior,Master's,12,66249.0,5521,3.0,2,4,2,57.0,2,Yes,No,Occasionally,2010-08-08,,No
EMP11734,33,Female,Single,Research & Development,Research Scientist,Lead,Bachelor's,15,112360.0,9363,4.0,1,4,3,51.0,4,Yes,No,Occasionally,2013-03-06,,No
EMP11735,31,Male,Married,Sales,Sales Representative,Senior,Master's,9,79671.0,6639,3.0,2,3,3,44.0,1,Yes,Yes,Occasionally,2023-11-05,,No
EMP11736,34,Male,Married,IT,Data Analyst,Mid,Bachelor's,7,56124.0,4677,3.0,4,3,4,36.0,1,No,Yes,Never,2016-10-02,,No
EMP11737,39,Male,Single,Research & Development,Research Scientist,Lead,Master's,15,109244.0,9104,2.0,3,3,4,37.0,8,No,Yes,Never,2011-03-07,2019-01-10,Yes
EMP11738,29,Female,Married,Sales,Manager,Mid,High School,3,44269.0,3689,1.0,1,3,4,27.0,3,Yes,No,Never,2015-09-13,,No
EMP11739,36,Female,Married,Research & Development,Research Scientist,Lead,Master's,16,98876.0,8240,1.0,3,3,3,46.0,4,Yes,No,Occasionally,2022-02-01,2025-07-21,Yes
EMP11740,42,Female,Divorced,Research & Development,Research Scientist,Lead,PhD,24,98177.0,8181,3.0,2,4,3,20.0,4,No,Yes,Frequently,2019-02-19,,No
EMP11741,26,Male,Single,IT,IT Support,Entry,Bachelor's,0,40936.0,3411,2.0,1,4,3,68.0,3,No,No,Occasionally,2025-12-19,2026-06-19,Yes
EMP11742,21,Male,Married,IT,IT Manager,Entry,Bachelor's,0,34768.0,2897,2.0,3,4,3,43.0,2,Yes,No,Occasionally,2021-12-19,,No
EMP11743,39,Male,Single,IT,Software Engineer,Senior,Bachelor's,10,72822.0,6068,4.0,2,3,3,67.0,3,Yes,No,Frequently,2013-12-04,,No
EMP11744,54,Male,Married,Sales,Sales Representative,Lead,Master's,31,105639.0,8803,3.0,4,3,3,58.0,6,No,No,Occasionally,2013-04-12,,No
EMP11745,34,Female,Single,Research & Development,Laboratory Technician,Senior,Bachelor's,11,80011.0,6668,4.0,3,3,4,41.0,4,No,No,Occasionally,2013-08-28,,No
EMP11746,36,Female,Married,Research & Development,Laboratory Technician,Senior,Master's,13,75048.0,6254,4.0,1,3,3,50.0,4,No,No,Frequently,2017-05-03,,No
EMP11747,32,Female,Married,Sales,Sales Executive,Mid,Master's,5,59978.0,4998,1.0,2,1,4,34.0,4,No,No,Frequently,2023-01-31,,No
EMP11748,47,Male,Married,Research & Development,Laboratory Technician,Lead,Master's,22,110620.0,9218,4.0,3,4,4,40.0,3,No,No,Occasionally,2019-07-18,,No
EMP11749,33,Male,Married,IT,IT Manager,Senior,Master's,13,90831.0,7569,1.0,2,2,3,28.0,3,No,No,Occasionally,2022-09-22,,No
EMP11750,33,Male,Married,Sales,Sales Representative,Mid,Bachelor's,5,57486.0,4790,4.0,3,3,4,72.0,1,No,No,Never,2021-09-18,,No
EMP11751,41,Male,Married,Human Resources,HR Specialist,Lead,Master's,20,106651.0,8888,3.0,4,4,2,45.0,2,No,Yes,Occasionally,2011-03-18,,No
EMP11752,30,Female,Single,Sales,Sales Representative,Senior,Bachelor's,10,67293.0,5608,3.0,4,4,3,57.0,2,No,No,Occasionally,2019-08-29,,No
EMP11753,24,Male,Single,Sales,Sales Representative,Entry,Bachelor's,0,29577.0,2465,3.0,3,4,3,34.0,1,No,No,Occasionally,2011-05-05,,No
EMP11754,41,Female,Married,Research & Development,Laboratory Technician,Lead,Bachelor's,17,101413.0,8451,3.0,4,1,3,70.0,4,No,No,Occasionally,2018-04-09,,No
EMP11755,29,Male,Married,Marketing,Marketing Executive,Mid,Master's,6,45781.0,3815,3.0,2,3,3,29.0,2,No,No,Never,2016-05-29,,No
EMP11756,26,Male,Married,IT,IT Manager,Entry,Master's,0,34976.0,2915,4.0,2,2,3,40.0,6,Yes,No,Never,2021-02-13,,No
EMP11757,51,Male,Single,Marketing,Marketing Analyst,Lead,Bachelor's,23,94749.0,7896,4.0,4,4,4,34.0,4,Yes,No,Occasionally,2020-04-26,2024-07-12,Yes
EMP11758,33,Female,Married,Research & Development,Laboratory Technician,Senior,Master's,12,82188.0,6849,3.0,2,2,4,47.0,5,No,Yes,Never,2015-10-28,,No
EMP11759,38,Male,Single,Sales,Manager,Senior,Master's,13,68588.0,5716,3.0,3,4,3,30.0,5,No,No,Frequently,2024-07-10,,No
EMP11760,34,Male,Divorced,Human Resources,HR Executive,Senior,Bachelor's,13,81693.0,6808,2.0,3,4,3,53.0,2,Yes,Yes,Frequently,2022-11-20,,No
EMP11761,27,Male,Single,Research & Development,Research Scientist,Entry,Master's,0,41287.0,3441,4.0,3,4,2,47.0,3,No,Yes,Frequently,2023-09-04,,No
EMP11762,40,Male,Married,IT,IT Manager,Lead,Bachelor's,16,106637.0,8886,3.0,2,1,3,39.0,2,Yes,Yes,Occasionally,2014-08-20,2017-06-06,Yes
EMP11763,37,Male,Married,Sales,Sales Executive,Lead,Bachelor's,18,101118.0,8426,4.0,3,1,3,23.0,8,No,Yes,Occasionally,2019-09-14,,No
EMP11764,29,Male,Married,Research & Development,Research Scientist,Senior,Master's,11,79490.0,6624,3.0,4,4,3,41.0,4,Yes,No,Frequently,2011-07-11,,No
EMP11765,37,Female,Single,Sales,Sales Representative,Senior,Bachelor's,12,72945.0,6079,2.0,1,4,2,40.0,2,No,No,Never,2017-03-31,,No
EMP11766,30,Female,Single,Research & Development,Laboratory Technician,Senior,Bachelor's,11,70401.0,5867,2.0,3,4,3,58.0,3,No,No,Occasionally,2016-07-04,,No
EMP11767,25,Male,Married,IT,IT Support,Entry,Master's,2,42087.0,3507,1.0,3,2,3,37.0,4,No,Yes,Never,2014-03-18,,No
EMP11768,24,Female,Married,Research & Development,Research Director,Entry,Master's,0,26816.0,2235,3.0,2,3,3,24.0,5,No,No,Never,2011-02-03,,No
EMP11769,36,Male,Single,Research & Development,Research Scientist,Senior,Bachelor's,12,90964.0,7580,2.0,2,3,3,10.0,4,No,No,Occasionally,2023-01-06,,No
EMP11770,31,Female,Married,Research & Development,Research Director,Senior,Bachelor's,11,79932.0,6661,3.0,2,3,4,63.0,1,No,Yes,Frequently,2020-03-29,,No
EMP11771,46,Male,Married,Research & Development,Research Director,Lead,Bachelor's,21,,9140,1.0,3,3,4,39.0,1,Yes,No,Never,2014-10-27,,No
EMP11772,34,Male,Married,IT,Software Engineer,Senior,Master's,13,82371.0,6864,2.0,3,3,3,48.0,3,Yes,No,Never,2024-11-16,,No
EMP11773,28,Male,Single,IT,IT Manager,Mid,High School,3,72041.0,6003,2.0,4,2,3,33.0,2,No,No,Never,2024-11-29,,No
EMP11774,35,Female,Single,Marketing,Marketing Executive,Senior,Bachelor's,12,70802.0,5900,2.0,2,2,2,31.0,5,No,No,Frequently,2013-10-05,,No
EMP11775,24,Male,Married,IT,IT Manager,Entry,Bachelor's,0,44325.0,3694,1.0,4,3,3,40.0,1,No,No,Frequently,2016-03-16,,No
EMP11776,33,Male,Married,Research & Development,Research Director,Senior,Bachelor's,9,66633.0,5553,3.0,3,3,3,27.0,3,No,Yes,Occasionally,2020-03-29,,No
EMP11777,37,Male,Married,Finance,Accountant,Senior,Bachelor's,11,96055.0,8005,1.0,2,2,3,35.0,2,No,No,Occasionally,2014-07-20,,No
EMP11778,36,Male,Married,Research & Development,Research Director,Lead,Bachelor's,15,110739.0,9228,1.0,2,2,3,55.0,4,No,No,Occasionally,2016-06-04,2018-12-22,Yes
EMP11779,44,Female,Single,Research & Development,Research Director,Lead,High School,20,98421.0,8202,4.0,3,4,3,55.0,1,Yes,No,Occasionally,2017-06-07,,No
EMP11780,55,Female,Single,IT,Data Analyst,Lead,High School,31,115680.0,9640,2.0,4,4,4,33.0,1,No,No,Occasionally,2016-01-12,,No
EMP11781,39,Female,Single,Sales,Sales Representative,Lead,Bachelor's,18,112439.0,9370,4.0,3,4,3,38.0,2,No,No,Frequently,2014-07-12,,No
EMP11782,43,Male,Divorced,Marketing,Marketing Executive,Lead,Bachelor's,23,98742.0,8228,4.0,3,2,2,7.0,2,No,No,Occasionally,2018-04-25,2020-05-14,Yes
EMP11783,54,Male,Married,Research & Development,Research Scientist,Lead,Bachelor's,33,101778.0,8482,3.0,2,2,2,12.0,2,No,No,Occasionally,2012-10-23,,No
EMP11784,26,Female,Single,Finance,Finance Manager,Mid,Bachelor's,3,49045.0,4087,3.0,2,4,4,33.0,2,Yes,No,Never,2023-08-07,,No
EMP11785,35,Female,Single,Finance,Accountant,Senior,Bachelor's,10,83352.0,6946,2.0,1,2,3,43.0,5,No,No,Never,2015-07-29,,No
EMP11786,30,Male,Married,IT,Software Engineer,Mid,Bachelor's,5,60275.0,5023,3.0,2,3,3,19.0,3,No,No,Never,2011-10-15,,No
EMP11787,41,Female,Married,Finance,Finance Manager,Senior,Bachelor's,13,80220.0,6685,3.0,3,2,4,55.0,3,No,Yes,Occasionally,2012-12-19,,No
EMP11788,36,Female,Divorced,Finance,Accountant,Senior,Bachelor's,8,74361.0,6197,2.0,4,3,3,57.0,1,No,Yes,Frequently,2011-08-19,,No
EMP11789,27,Male,Married,Sales,Manager,Mid,High School,4,50552.0,4213,2.0,2,4,3,27.0,5,Yes,Yes,Frequently,2024-07-23,,No
EMP11790,34,Female,Married,Human Resources,HR Executive,Senior,Bachelor's,12,70990.0,5916,4.0,4,4,4,26.0,1,No,No,Never,2012-04-28,,No
EMP11791,42,Male,Single,Sales,Sales Executive,Lead,PhD,16,108393.0,9033,2.0,2,4,3,49.0,3,No,No,Occasionally,2018-01-12,,No
EMP11792,24,Female,Single,IT,Data Analyst,Entry,Bachelor's,0,31630.0,2636,3.0,2,4,3,72.0,2,No,No,Never,2011-05-04,,No
EMP11793,28,Male,Single,Human Resources,HR Manager,Mid,Master's,4,46407.0,3867,3.0,2,3,3,34.0,4,No,No,Occasionally,2023-12-20,,No
EMP11794,26,Male,Single,Finance,Accountant,Mid,Bachelor's,4,61707.0,5142,1.0,1,3,3,59.0,3,Yes,No,Occasionally,2018-03-14,,No
EMP11795,37,Male,Married,Sales,Sales Executive,Senior,Bachelor's,14,72921.0,6077,1.0,2,1,2,42.0,4,Yes,Yes,Frequently,2016-06-28,,No
EMP11796,44,Female,Divorced,Sales,Sales Executive,Lead,Master's,18,117326.0,9777,2.0,3,3,3,43.0,4,No,No,Never,2023-08-05,,No
EMP11797,21,Female,Single,IT,IT Support,Entry,High School,0,40372.0,3364,3.0,3,2,2,39.0,1,No,Yes,Frequently,2013-11-30,,No
EMP11798,35,Male,Divorced,Sales,Manager,Senior,Bachelor's,8,63307.0,5276,2.0,2,4,3,59.0,2,Yes,No,Occasionally,2013-05-13,,No
EMP11799,27,Female,Single,Sales,Manager,Mid,PhD,5,42730.0,3561,3.0,3,3,3,78.0,6,No,Yes,Occasionally,2010-11-17,,No
EMP11800,42,Female,Married,Sales,Sales Representative,Lead,Bachelor's,17,100868.0,8406,3.0,3,3,3,57.0,2,No,Yes,Never,2020-06-23,,No
EMP11801,32,Male,Single,Marketing,Marketing Manager,Senior,High School,9,81199.0,6767,4.0,4,3,3,21.0,3,No,Yes,Occasionally,2024-05-14,,No
EMP11802,35,Male,Married,IT,IT Support,Senior,High School,13,87488.0,7291,1.0,4,3,2,37.0,6,No,No,Occasionally,2012-07-25,,No
EMP11803,34,Female,Single,Research & Development,Research Scientist,Senior,Master's,8,72615.0,6051,3.0,4,3,4,7.0,1,Yes,Yes,Occasionally,2015-11-18,,No
EMP11804,43,Male,Married,Research & Development,Research Scientist,Lead,Master's,17,113627.0,9469,1.0,3,4,3,79.0,3,Yes,Yes,Occasionally,2014-05-24,,No
EMP11805,50,Male,Married,Research & Development,Research Director,Lead,Bachelor's,25,107301.0,8942,2.0,3,3,3,48.0,2,Yes,No,Never,2015-07-26,,No
EMP11806,25,Female,Married,IT,IT Support,Entry,Bachelor's,0,36766.0,3064,2.0,2,4,3,28.0,6,No,No,Occasionally,2022-02-09,,No
EMP11807,26,Male,Single,Finance,Financial Analyst,Entry,Master's,0,44212.0,3684,3.0,3,3,4,47.0,6,No,Yes,Occasionally,2010-08-30,2021-07-24,Yes
EMP11808,37,Male,Married,Sales,Manager,Senior,Bachelor's,9,70348.0,5862,4.0,2,4,3,76.0,5,No,No,Frequently,2015-09-24,,No
EMP11809,27,Male,Married,Sales,Sales Representative,Senior,Bachelor's,8,79886.0,6657,2.0,2,3,3,27.0,5,No,No,Occasionally,2024-02-08,,No
EMP11810,41,Female,Divorced,Sales,Sales Representative,Lead,Master's,21,109600.0,9133,3.0,1,4,4,32.0,1,No,Yes,Occasionally,2024-12-25,,No
EMP11811,43,Female,Married,Finance,Accountant,Lead,Bachelor's,23,113329.0,9444,2.0,3,4,4,21.0,4,Yes,No,Frequently,2012-01-20,2026-07-02,Yes
EMP11812,30,Female,Divorced,IT,IT Support,Senior,Bachelor's,9,81911.0,6826,3.0,2,2,2,52.0,7,No,No,Occasionally,2021-02-12,2025-10-30,Yes
EMP11813,28,Male,Married,Research & Development,Research Scientist,Entry,Master's,0,38097.0,3175,2.0,4,4,3,39.0,4,No,Yes,Frequently,2013-12-28,,No
EMP11814,32,Female,Married,Sales,Manager,Mid,Master's,7,64891.0,5408,3.0,2,4,2,5.0,4,Yes,No,Occasionally,2018-11-14,,No
EMP11815,35,Female,Single,Sales,Manager,Mid,Bachelor's,7,50913.0,4243,3.0,4,3,3,48.0,2,No,No,Occasionally,2015-12-01,,No
EMP11816,37,Male,Married,Marketing,Marketing Executive,Lead,Bachelor's,15,105473.0,8789,3.0,2,4,4,59.0,4,No,No,Never,2017-04-26,,No
EMP11817,21,Male,Married,Research & Development,Research Scientist,Entry,Bachelor's,0,38476.0,3206,1.0,3,4,4,32.0,4,No,No,Occasionally,2013-08-02,,No
EMP11818,26,Female,Single,IT,Software Engineer,Entry,Bachelor's,0,37140.0,3095,3.0,3,1,3,41.0,2,No,No,Frequently,2014-04-19,2017-10-17,Yes
EMP11819,31,Male,Single,Finance,Accountant,Senior,Bachelor's,9,77949.0,6496,3.0,3,4,2,38.0,1,No,No,Never,2018-05-31,,No
EMP11820,28,Male,Divorced,Research & Development,Research Director,Senior,Bachelor's,9,67879.0,5657,2.0,3,3,3,54.0,3,No,Yes,Occasionally,2016-10-01,,No
EMP11821,21,Male,Married,Sales,Sales Executive,Entry,Bachelor's,0,24000.0,2000,2.0,3,4,3,12.0,2,Yes,No,Occasionally,2021-09-22,,No
EMP11822,21,Male,Single,Sales,Manager,Entry,Bachelor's,0,24056.0,2005,4.0,3,3,3,30.0,4,Yes,No,Frequently,2015-04-11,,No
EMP11823,24,Male,Married,Finance,Accountant,Mid,Bachelor's,5,62039.0,5170,4.0,3,3,3,36.0,1,Yes,No,Frequently,2022-06-11,,No
EMP11824,33,Male,Single,IT,Data Analyst,Lead,Bachelor's,15,104806.0,8734,1.0,3,4,3,56.0,6,Yes,No,Occasionally,2017-06-22,,No
EMP11825,31,Female,Married,Finance,Financial Analyst,Mid,Bachelor's,6,59405.0,4950,3.0,2,3,3,42.0,3,Yes,Yes,Occasionally,2012-09-04,,No
EMP11826,29,Male,Married,Human Resources,HR Executive,Senior,Bachelor's,9,86397.0,7200,3.0,2,3,4,18.0,1,No,No,Occasionally,2023-04-12,,No
EMP11827,40,Female,Single,Sales,Manager,Senior,Master's,14,,6426,4.0,1,3,3,32.0,2,No,No,Frequently,2013-07-22,2015-03-30,Yes
EMP11828,40,Male,Married,Marketing,Marketing Executive,Lead,Master's,19,98823.0,8235,4.0,4,3,2,65.0,2,Yes,No,Never,2023-09-14,,No
EMP11829,35,Female,Single,IT,IT Manager,Lead,Bachelor's,17,111074.0,9256,3.0,3,3,3,18.0,1,No,Yes,Frequently,2010-01-23,,No
EMP11830,35,Male,Married,Research & Development,Research Director,Senior,Bachelor's,11,78659.0,6555,2.0,2,2,3,60.0,2,No,No,Occasionally,2018-08-04,,No
EMP11831,27,Female,Divorced,Marketing,Marketing Executive,Entry,Bachelor's,1,34695.0,2891,3.0,3,3,3,59.0,4,Yes,No,Never,2013-01-14,,No
EMP11832,28,Female,Single,Finance,Finance Manager,Senior,Bachelor's,9,80819.0,6735,3.0,3,2,2,64.0,1,No,No,Occasionally,2018-02-27,,No
EMP11833,21,Female,Married,Finance,Finance Manager,Entry,Bachelor's,0,40422.0,3368,4.0,2,3,4,62.0,4,Yes,No,Occasionally,2020-12-30,2022-03-18,Yes
EMP11834,32,Male,Married,IT,IT Support,Mid,PhD,6,65997.0,5500,2.0,4,3,3,67.0,4,Yes,No,Occasionally,2024-04-03,,No
EMP11835,40,Female,Married,IT,IT Support,Senior,Bachelor's,14,79641.0,6637,3.0,3,3,3,10.0,3,Yes,Yes,Occasionally,2022-02-10,,No
EMP11836,45,Male,Single,Finance,Accountant,Lead,Bachelor's,29,118833.0,9903,3.0,3,2,3,66.0,8,No,No,Occasionally,2015-05-31,,No
EMP11837,32,Male,Married,Sales,Manager,Entry,Bachelor's,1,34307.0,2859,1.0,4,1,4,51.0,4,No,No,Occasionally,2018-03-27,2019-07-23,Yes
EMP11838,38,Male,Divorced,Research & Development,Research Scientist,Lead,Bachelor's,17,89423.0,7452,3.0,3,3,3,32.0,1,No,Yes,Never,2025-09-21,2026-06-18,Yes
EMP11839,21,Female,Single,Marketing,Marketing Analyst,Entry,High School,0,30685.0,2557,2.0,3,3,3,21.0,2,No,No,Occasionally,2013-03-08,,No
EMP11840,31,Male,Single,Research & Development,Laboratory Technician,Senior,Bachelor's,8,74785.0,6232,3.0,3,3,3,43.0,7,Yes,Yes,Frequently,2016-04-01,2017-06-24,Yes
EMP11841,30,Female,Single,Research & Development,Research Director,Entry,Bachelor's,2,39561.0,3297,3.0,3,2,3,85.0,3,No,Yes,Occasionally,2012-02-13,,No
EMP11842,46,Male,Married,Research & Development,Laboratory Technician,Lead,Bachelor's,20,100931.0,8411,4.0,4,3,3,51.0,2,No,No,Occasionally,2012-05-23,,No
EMP11843,37,Male,Divorced,Research & Development,Research Director,Senior,PhD,14,77044.0,6420,4.0,4,4,3,33.0,3,No,Yes,Occasionally,2018-05-08,,No
EMP11844,38,Female,Married,Finance,Financial Analyst,Senior,Bachelor's,14,70066.0,5839,1.0,2,3,3,85.0,3,No,Yes,Frequently,2012-10-06,2023-03-15,Yes
EMP11845,38,Male,Single,Marketing,Marketing Manager,Senior,High School,14,70188.0,5849,1.0,4,1,4,54.0,4,No,No,Occasionally,2014-10-11,,No
EMP11846,34,Female,Married,Research & Development,Laboratory Technician,Mid,Bachelor's,6,57579.0,4798,3.0,3,3,3,54.0,5,No,No,Frequently,2016-03-25,2024-07-31,Yes
EMP11847,46,Female,Married,Sales,Sales Executive,Lead,Bachelor's,27,96451.0,8038,3.0,2,4,4,47.0,3,No,No,Never,2014-09-17,2017-05-22,Yes
EMP11848,21,Male,Single,Sales,Manager,Mid,Bachelor's,3,58762.0,4897,4.0,4,3,4,51.0,3,No,Yes,Never,2010-03-23,,No
EMP11849,35,Female,Married,IT,Software Engineer,Lead,High School,15,119980.0,9998,2.0,3,2,3,5.0,3,No,No,Occasionally,2011-11-04,2022-09-19,Yes
EMP11850,43,Male,Single,Finance,Financial Analyst,Lead,Bachelor's,18,117690.0,9808,4.0,4,4,4,45.0,2,No,Yes,Never,2016-02-15,,No
EMP11851,21,Male,Married,Research & Development,Laboratory Technician,Entry,High School,0,42817.0,3568,3.0,4,3,3,56.0,3,No,No,Occasionally,2021-04-06,,No
EMP11852,41,Male,Married,IT,Software Engineer,Senior,Bachelor's,14,88426.0,7369,2.0,2,3,3,70.0,4,Yes,No,Occasionally,2012-10-27,,No
EMP11853,28,Male,Married,IT,IT Manager,Entry,Bachelor's,2,41978.0,3498,1.0,4,2,3,83.0,6,No,Yes,Occasionally,2024-10-18,,No
EMP11854,35,Female,Divorced,IT,Data Analyst,Senior,High School,9,87337.0,7278,4.0,4,2,4,62.0,3,No,No,Occasionally,2013-05-05,,No
EMP11855,28,Female,Divorced,Marketing,Marketing Executive,Senior,Bachelor's,8,76499.0,6375,3.0,3,3,3,46.0,2,No,No,Frequently,2022-04-23,,No
EMP11856,42,Female,Single,Research & Development,Research Director,Lead,Bachelor's,20,102385.0,8532,4.0,3,2,3,43.0,6,No,No,Never,2023-03-24,2024-07-16,Yes
EMP11857,32,Female,Divorced,IT,Software Engineer,Senior,Bachelor's,9,88391.0,7366,3.0,2,1,4,29.0,2,Yes,No,Frequently,2018-04-01,,No
EMP11858,41,Male,Married,Research & Development,Research Director,Senior,Bachelor's,12,79143.0,6595,1.0,3,4,4,52.0,4,No,No,Occasionally,2010-03-15,,No
EMP11859,37,Female,Married,IT,IT Manager,Senior,Bachelor's,11,89162.0,7430,3.0,2,1,3,78.0,2,No,No,Never,2021-03-18,,No
EMP11860,28,Female,Single,IT,IT Support,Senior,PhD,8,81540.0,6795,1.0,3,3,2,35.0,3,Yes,No,Never,2011-02-17,,No
EMP11861,38,Male,Single,IT,Software Engineer,Senior,High School,11,82156.0,6846,3.0,4,3,3,45.0,5,No,No,Never,2011-02-17,,No
EMP11862,29,Female,Divorced,Finance,Finance Manager,Senior,PhD,9,81480.0,6790,2.0,4,4,3,29.0,4,Yes,No,Frequently,2024-01-23,,No
EMP11863,35,Female,Single,Sales,Sales Executive,Mid,High School,4,51113.0,4259,3.0,2,4,3,61.0,1,Yes,No,Never,2010-09-17,2023-12-31,Yes
EMP11864,32,Male,Single,Human Resources,HR Executive,Senior,Bachelor's,13,95893.0,7991,3.0,2,3,2,64.0,3,Yes,No,Occasionally,2012-12-24,,No
EMP11865,41,Male,Single,Marketing,Marketing Manager,Senior,Bachelor's,14,89541.0,7462,2.0,4,3,3,30.0,3,No,No,Occasionally,2024-03-19,,No
EMP11866,38,Male,Divorced,Marketing,Marketing Manager,Lead,Bachelor's,15,105030.0,8752,2.0,3,4,2,53.0,2,Yes,No,Never,2012-09-14,,No
EMP11867,34,Male,Married,Sales,Sales Representative,Lead,Bachelor's,15,104084.0,8674,,4,2,3,5.0,2,No,No,Occasionally,2022-12-20,,No
EMP11868,29,Female,Divorced,Sales,Manager,Mid,Bachelor's,7,55122.0,4594,4.0,3,3,4,37.0,4,No,Yes,Occasionally,2022-08-07,2025-04-09,Yes
EMP11869,24,Female,Single,Sales,Sales Representative,Entry,PhD,0,28994.0,2416,3.0,3,4,3,65.0,3,No,Yes,Occasionally,2013-02-28,2021-06-16,Yes
EMP11870,35,Female,Single,IT,IT Support,Senior,Bachelor's,13,79876.0,6656,3.0,2,2,3,34.0,5,No,No,Never,2017-09-02,2020-04-25,Yes
EMP11871,29,Female,Married,IT,Software Engineer,Senior,Bachelor's,8,83300.0,6942,1.0,1,4,3,19.0,3,Yes,No,Occasionally,2010-03-07,,No
EMP11872,21,Female,Married,Sales,Manager,Entry,Master's,0,29400.0,2450,2.0,2,2,4,54.0,2,Yes,No,Never,2025-08-30,,No
EMP11873,23,Female,Married,Human Resources,HR Executive,Entry,Master's,1,33286.0,2774,3.0,2,3,4,40.0,2,Yes,No,Frequently,2013-10-12,,No
EMP11874,47,Male,Single,IT,Software Engineer,Lead,Master's,23,114591.0,9549,3.0,3,3,3,46.0,2,No,No,Occasionally,2025-04-10,,No
EMP11875,29,Male,Single,IT,IT Manager,Senior,Bachelor's,11,60724.0,5060,3.0,3,3,4,48.0,4,Yes,No,Never,2012-05-27,,No
EMP11876,43,Male,Single,Human Resources,HR Executive,Lead,High School,22,91515.0,7626,3.0,3,2,3,58.0,4,No,No,Occasionally,2019-02-28,,No
EMP11877,31,Male,Married,Finance,Accountant,Senior,Bachelor's,10,74066.0,6172,3.0,4,2,2,61.0,6,Yes,No,Occasionally,2024-04-22,,No
EMP11878,44,Female,Single,Human Resources,HR Manager,Lead,Bachelor's,25,106958.0,8913,2.0,3,3,2,49.0,1,Yes,No,Frequently,2012-11-28,,No
EMP11879,43,Male,Single,Research & Development,Research Scientist,Lead,Bachelor's,24,99605.0,8300,1.0,3,2,3,63.0,2,No,No,Never,2022-07-20,,No
EMP11880,27,Female,Single,Human Resources,HR Executive,Senior,High School,8,92171.0,7681,2.0,4,3,3,42.0,3,No,Yes,Occasionally,2013-02-18,,No
EMP11881,21,Female,Single,Finance,Accountant,Entry,Master's,0,42262.0,3522,2.0,3,2,3,48.0,1,No,No,Occasionally,2022-11-05,,No
EMP11882,21,Male,Divorced,IT,IT Support,Entry,Master's,0,52708.0,4392,4.0,1,2,3,43.0,1,No,Yes,Never,2017-09-23,,No
EMP11883,28,Male,Single,Finance,Finance Manager,Senior,High School,8,86301.0,7192,3.0,3,3,3,21.0,2,No,Yes,Never,2023-10-26,,No
EMP11884,49,Male,Single,IT,IT Manager,Lead,Bachelor's,23,100913.0,8409,3.0,3,1,3,69.0,1,No,Yes,Occasionally,2021-07-09,,No
EMP11885,31,Male,Married,Sales,Sales Representative,Senior,Bachelor's,9,67841.0,5653,4.0,3,4,3,43.0,4,No,No,Frequently,2013-11-25,,No
EMP11886,35,Female,Married,Research & Development,Laboratory Technician,Senior,Bachelor's,11,72420.0,6035,4.0,2,3,2,71.0,4,Yes,No,Occasionally,2017-03-12,,No
EMP11887,44,Male,Married,Sales,Manager,Lead,Bachelor's,19,96628.0,8052,3.0,2,4,4,50.0,5,Yes,No,Occasionally,2012-06-10,,No
EMP11888,35,Male,Single,Research & Development,Laboratory Technician,Senior,Master's,11,83569.0,6964,4.0,3,2,4,50.0,1,Yes,No,Occasionally,2012-01-04,2022-02-02,Yes
EMP11889,35,Male,Married,IT,IT Support,Senior,High School,12,81890.0,6824,1.0,2,3,3,59.0,3,Yes,No,Occasionally,2010-01-01,,No
EMP11890,39,Male,Married,Marketing,Marketing Manager,Lead,Bachelor's,17,106436.0,8870,4.0,3,3,3,47.0,7,Yes,No,Frequently,2023-04-17,,No
EMP11891,36,Male,Single,Sales,Sales Executive,Senior,High School,12,85636.0,7136,2.0,3,1,3,31.0,5,Yes,No,Frequently,2024-10-24,,No
EMP11892,33,Female,Single,Research & Development,Research Scientist,Senior,PhD,8,89487.0,7457,3.0,3,3,4,40.0,5,No,No,Occasionally,2022-04-24,,No
EMP11893,28,Male,Married,IT,IT Manager,Senior,Master's,8,81100.0,6758,2.0,2,3,3,63.0,3,Yes,No,Occasionally,2020-01-12,,No
EMP11894,35,Female,Married,Sales,Manager,Senior,Master's,11,66448.0,5537,4.0,2,2,2,55.0,2,Yes,Yes,Occasionally,2023-04-08,2026-04-23,Yes
EMP11895,43,Female,Divorced,Human Resources,HR Manager,Lead,Bachelor's,19,96682.0,8057,1.0,4,4,3,27.0,3,No,No,Never,2023-10-26,,No
EMP11896,48,Female,Married,IT,IT Support,Lead,Bachelor's,24,120046.0,10004,3.0,3,3,3,48.0,4,Yes,Yes,Occasionally,2017-10-21,,No
EMP11897,36,Male,Married,Finance,Finance Manager,Senior,Bachelor's,13,81859.0,6822,3.0,4,2,4,24.0,3,No,No,Occasionally,2012-06-14,,No
EMP11898,40,Male,Single,Sales,Manager,Lead,Bachelor's,15,98770.0,8231,3.0,3,2,3,44.0,2,No,No,Frequently,2017-01-22,2019-07-22,Yes
EMP11899,36,Male,Divorced,Research & Development,Research Director,Senior,Master's,13,80956.0,6746,3.0,3,3,4,60.0,4,Yes,No,Occasionally,2020-01-25,,No
EMP11900,33,Male,Married,IT,Data Analyst,Senior,Bachelor's,13,75466.0,6289,3.0,3,2,4,31.0,1,Yes,No,Occasionally,2017-03-24,,No
EMP11901,38,Female,Married,Human Resources,HR Manager,Senior,Bachelor's,14,63593.0,5299,3.0,4,2,3,40.0,2,No,No,Frequently,2017-04-26,,No
EMP11902,44,Male,Single,Sales,Sales Representative,Lead,Bachelor's,19,90946.0,7579,2.0,4,3,4,25.0,1,Yes,Yes,Frequently,2021-07-12,,No
EMP11903,27,Other,Single,IT,Data Analyst,Mid,Bachelor's,3,48878.0,4073,2.0,4,1,3,53.0,4,Yes,No,Frequently,2020-04-13,2026-07-13,Yes
EMP11904,22,Female,Married,Sales,Manager,Entry,Bachelor's,0,40101.0,3342,2.0,4,3,2,45.0,2,Yes,No,Occasionally,2014-07-23,2016-04-01,Yes
EMP11905,30,Male,Single,IT,IT Support,Mid,Bachelor's,6,57582.0,4798,4.0,3,2,3,30.0,1,No,No,Never,2013-05-26,,No
EMP11906,36,Female,Single,Sales,Sales Representative,Senior,High School,10,75763.0,6314,3.0,1,2,3,50.0,3,Yes,No,Occasionally,2023-03-05,,No
EMP11907,41,Male,Single,Marketing,Marketing Analyst,Lead,Bachelor's,21,106309.0,8859,2.0,3,1,3,42.0,4,Yes,No,Occasionally,2010-02-06,2022-10-22,Yes
EMP11908,26,Male,Single,Research & Development,Research Director,Entry,Master's,0,24927.0,2077,3.0,2,3,3,51.0,2,No,No,Frequently,2015-09-15,2025-05-04,Yes
EMP11909,21,Male,Married,Research & Development,Research Director,Entry,Bachelor's,0,28642.0,2387,3.0,1,3,3,25.0,1,No,No,Occasionally,2020-12-10,2025-10-18,Yes
EMP11910,30,Female,Married,Sales,Sales Representative,Mid,Bachelor's,6,49316.0,4110,2.0,3,3,2,36.0,4,No,Yes,Occasionally,2016-06-30,,No
EMP11911,32,Male,Single,Research & Development,Laboratory Technician,Senior,High School,11,69483.0,5790,3.0,3,4,3,44.0,1,No,Yes,Occasionally,2020-02-03,,No
EMP11912,25,Female,Married,IT,IT Manager,Mid,Bachelor's,4,55599.0,4633,2.0,3,2,4,54.0,6,No,Yes,Occasionally,2011-10-05,,No
EMP11913,28,Male,Married,Marketing,Marketing Analyst,Entry,Master's,2,31148.0,2596,3.0,3,2,4,24.0,1,Yes,Yes,Occasionally,2016-09-12,,No
EMP11914,41,Male,Divorced,Research & Development,Research Scientist,Senior,Bachelor's,13,74265.0,6189,3.0,3,3,4,44.0,5,No,Yes,Occasionally,2018-03-30,2025-09-01,Yes
EMP11915,35,Male,Married,Research & Development,Laboratory Technician,Senior,Bachelor's,12,79032.0,6586,2.0,4,2,3,60.0,2,Yes,No,Never,2022-02-15,,No
EMP11916,37,Male,Married,IT,IT Manager,Senior,PhD,14,79601.0,6633,4.0,3,1,3,43.0,3,No,No,Occasionally,2020-12-02,,No
EMP11917,31,Male,Single,IT,Software Engineer,Mid,Master's,4,69814.0,5818,2.0,3,2,2,36.0,2,Yes,No,Occasionally,2021-05-05,,No
EMP11918,28,Male,Married,Finance,Finance Manager,Senior,Bachelor's,10,72771.0,6064,2.0,3,3,3,32.0,1,Yes,No,Never,2010-02-04,,No
EMP11919,31,Female,Married,Research & Development,Research Director,Mid,Bachelor's,7,48288.0,4024,4.0,4,3,3,33.0,3,No,No,Never,2015-04-11,,No
EMP11920,38,Male,Married,Research & Development,Laboratory Technician,Lead,Bachelor's,17,107758.0,8980,2.0,3,4,4,46.0,1,No,Yes,Never,2014-10-26,,No
EMP11921,22,Female,Single,Finance,Finance Manager,Entry,Master's,0,40323.0,3360,1.0,2,3,3,6.0,1,No,No,Occasionally,2022-08-11,,No
EMP11922,47,Male,Married,Sales,Manager,Lead,Bachelor's,24,96557.0,8046,2.0,2,3,3,32.0,3,No,No,Never,2017-04-30,,No
EMP11923,39,Male,Divorced,Finance,Finance Manager,Lead,Bachelor's,16,108281.0,9023,3.0,3,3,4,50.0,1,No,No,Never,2018-02-13,,No
EMP11924,30,Male,Divorced,Research & Development,Research Director,Senior,High School,8,81597.0,6800,2.0,2,2,4,55.0,1,Yes,No,Occasionally,2020-09-14,,No
EMP11925,41,Male,Married,IT,Software Engineer,Lead,Bachelor's,22,100782.0,8398,3.0,3,2,3,25.0,1,No,No,Never,2017-06-01,,No
EMP11926,44,Female,Single,Sales,Sales Executive,Lead,Master's,23,104385.0,8699,2.0,2,4,3,31.0,3,No,No,Frequently,2013-06-14,,No
EMP11927,31,Female,Single,Finance,Accountant,Mid,Master's,3,45592.0,3799,2.0,2,2,4,43.0,3,Yes,Yes,Occasionally,2013-10-14,,No
EMP11928,32,Female,Married,Research & Development,Laboratory Technician,Mid,High School,4,46309.0,3859,3.0,2,1,3,53.0,1,No,No,Never,2014-05-04,,No
EMP11929,46,Female,Single,Finance,Accountant,Lead,Bachelor's,21,109599.0,9133,2.0,4,2,3,35.0,4,Yes,Yes,Never,2018-07-16,2024-12-23,Yes
EMP11930,51,Female,Married,Sales,Manager,Lead,Bachelor's,31,103479.0,8623,3.0,3,1,3,40.0,3,No,No,Never,2018-09-08,,No
EMP11931,34,Female,Married,Human Resources,HR Manager,Senior,Master's,12,,5668,,2,1,3,48.0,2,No,No,Occasionally,2015-05-01,,No
EMP11932,25,Female,Married,Human Resources,HR Executive,Mid,Master's,5,60550.0,5046,4.0,3,3,4,21.0,3,Yes,No,Never,2017-03-30,2024-06-01,Yes
EMP11933,30,Male,Married,Human Resources,HR Executive,Entry,PhD,1,29664.0,2472,1.0,3,2,4,71.0,4,No,Yes,Never,2019-08-01,,No
EMP11934,42,Female,Divorced,Finance,Accountant,Lead,PhD,23,112849.0,9404,3.0,3,3,3,43.0,4,No,Yes,Occasionally,2022-04-25,,No
EMP11935,26,Female,Single,Finance,Financial Analyst,Mid,Bachelor's,4,66512.0,5543,2.0,3,4,3,36.0,3,No,No,Occasionally,2014-11-08,,No
EMP11936,32,Male,Married,IT,IT Manager,Senior,Master's,8,78265.0,6522,4.0,4,4,3,63.0,5,No,No,Frequently,2018-05-04,,No
EMP11937,36,Female,Married,Research & Development,Research Scientist,Senior,Bachelor's,13,80309.0,6692,4.0,3,3,3,44.0,4,No,No,Occasionally,2017-02-08,,No
EMP11938,27,Male,Divorced,IT,Software Engineer,Mid,Bachelor's,4,61906.0,5159,4.0,4,3,3,39.0,8,No,No,Occasionally,2019-04-11,,No
EMP11939,43,Female,Married,Research & Development,Research Scientist,Lead,Bachelor's,16,95273.0,7939,2.0,1,1,3,49.0,1,Yes,No,Never,2010-08-25,,No
EMP11940,40,Male,Married,Sales,Sales Executive,Lead,High School,18,113451.0,9454,2.0,4,3,2,43.0,2,No,No,Occasionally,2025-08-15,,No
EMP11941,50,Male,Divorced,Sales,Sales Representative,Lead,Master's,22,105707.0,8809,3.0,3,3,4,31.0,1,No,Yes,Never,2023-07-31,,No
EMP11942,40,Male,Married,Research & Development,Laboratory Technician,Senior,Bachelor's,14,72270.0,6022,2.0,2,3,3,61.0,2,Yes,No,Occasionally,2023-07-09,,No
EMP11943,26,Female,Married,IT,Software Engineer,Mid,Master's,4,47663.0,3972,3.0,2,3,4,15.0,2,Yes,No,Never,2019-08-02,,No
EMP11944,38,Male,Single,IT,IT Manager,Lead,Bachelor's,17,103080.0,8590,2.0,3,3,2,35.0,1,Yes,No,Frequently,2022-02-12,,No
EMP11945,42,Female,Single,IT,Data Analyst,Lead,Master's,21,111240.0,9270,3.0,2,3,3,75.0,2,Yes,No,Frequently,2011-04-04,2017-02-13,Yes
EMP11946,42,Female,Married,Human Resources,HR Manager,Senior,Bachelor's,14,66635.0,5553,4.0,4,3,4,44.0,6,Yes,Yes,Frequently,2025-09-24,2026-08-10,Yes
EMP11947,28,Male,Married,Research & Development,Research Scientist,Mid,Bachelor's,5,56429.0,4702,2.0,4,3,3,13.0,1,Yes,No,Occasionally,2014-07-31,,No
EMP11948,27,Other,Married,Sales,Manager,Mid,Bachelor's,7,49347.0,4112,3.0,2,3,3,62.0,4,No,Yes,Occasionally,2010-07-04,,No
EMP11949,25,Male,Single,Research & Development,Laboratory Technician,Mid,Bachelor's,3,41070.0,3422,2.0,1,3,3,37.0,3,No,No,Frequently,2023-12-16,,No
EMP11950,47,Female,Married,Research & Development,Laboratory Technician,Lead,Master's,24,100359.0,8363,2.0,4,1,3,23.0,2,No,Yes,Occasionally,2021-06-09,,No
EMP11951,39,Male,Married,Sales,Manager,Lead,Bachelor's,16,97560.0,8130,1.0,2,3,3,61.0,3,No,No,Occasionally,2025-01-08,,No
EMP11952,27,Male,Married,Research & Development,Laboratory Technician,Entry,High School,0,24000.0,2000,2.0,1,4,4,62.0,3,No,No,Never,2010-11-09,,No
EMP11953,35,Male,Divorced,Finance,Financial Analyst,Mid,Master's,7,40494.0,3374,2.0,2,2,3,68.0,7,No,No,Occasionally,2018-03-10,,No
EMP11954,33,Female,Single,IT,IT Support,Lead,High School,17,112697.0,9391,3.0,4,4,3,25.0,3,Yes,Yes,Never,2022-08-24,,No
EMP11955,26,Female,Married,Marketing,Marketing Executive,Entry,Bachelor's,0,25323.0,2110,3.0,4,3,4,39.0,3,Yes,Yes,Occasionally,2015-05-02,2021-01-29,Yes
EMP11956,34,Male,Married,Marketing,Marketing Manager,Senior,Bachelor's,10,89136.0,7428,2.0,3,3,3,37.0,2,No,No,Occasionally,2025-06-08,,No
EMP11957,36,Male,Married,Finance,Accountant,Senior,High School,14,86948.0,7246,4.0,2,4,3,25.0,5,No,No,Occasionally,2023-09-15,,No
EMP11958,49,Other,Married,Research & Development,Research Director,Lead,Master's,28,116420.0,9702,4.0,3,4,3,52.0,6,No,No,Occasionally,2017-06-27,,No
EMP11959,29,Male,Single,Finance,Finance Manager,Entry,Master's,2,41009.0,3417,3.0,1,4,2,62.0,1,No,No,Occasionally,2014-12-26,2015-06-03,Yes
EMP11960,21,Male,Married,IT,Software Engineer,Entry,Master's,0,34908.0,2909,3.0,3,1,3,34.0,2,Yes,No,Occasionally,2021-06-30,,No
EMP11961,26,Male,Single,Sales,Sales Representative,Mid,Bachelor's,3,54269.0,4522,1.0,1,2,3,45.0,1,Yes,Yes,Occasionally,2025-10-23,,No
EMP11962,27,Male,Single,Research & Development,Research Scientist,Mid,Bachelor's,4,49881.0,4157,3.0,3,3,3,45.0,4,No,No,Occasionally,2025-12-03,,No
EMP11963,31,Female,Married,IT,Data Analyst,Mid,Bachelor's,5,61384.0,5115,4.0,3,4,3,62.0,2,Yes,No,Frequently,2019-05-07,,No
EMP11964,26,Female,Married,Research & Development,Research Scientist,Entry,PhD,0,38239.0,3187,2.0,1,4,4,42.0,5,No,No,Frequently,2015-07-29,,No
EMP11965,41,Male,Married,Human Resources,HR Manager,Senior,High School,13,80182.0,6682,3.0,4,2,3,43.0,1,No,No,Never,2024-06-14,,No
EMP11966,25,Female,Married,Finance,Financial Analyst,Entry,Bachelor's,0,36058.0,3005,1.0,2,2,4,58.0,5,Yes,No,Occasionally,2017-10-05,,No
EMP11967,34,Female,Married,Sales,Sales Representative,Lead,Master's,15,105461.0,8788,3.0,1,4,3,44.0,5,Yes,No,Occasionally,2018-10-23,,No
EMP11968,50,Male,Divorced,Research & Development,Laboratory Technician,Lead,Master's,31,106537.0,8878,1.0,4,3,3,,2,Yes,No,Never,2018-12-02,,No
EMP11969,38,Male,Divorced,Research & Development,Research Director,Lead,Master's,16,112741.0,9395,3.0,2,3,2,22.0,1,No,Yes,Never,2023-02-27,,No
EMP11970,38,Female,Single,Sales,Sales Representative,Lead,PhD,18,101572.0,8464,3.0,1,4,3,31.0,2,No,No,Occasionally,2018-12-17,,No
EMP11971,49,Male,Married,Sales,Sales Executive,Lead,Bachelor's,25,103189.0,8599,2.0,3,2,4,46.0,1,Yes,No,Occasionally,2010-01-30,,No
EMP11972,44,Male,Married,IT,IT Support,Lead,Bachelor's,21,108448.0,9037,1.0,2,2,3,19.0,5,No,No,Frequently,2020-06-03,,No
EMP11973,39,Female,Single,Research & Development,Laboratory Technician,Lead,High School,15,105961.0,8830,4.0,4,4,4,47.0,4,Yes,Yes,Never,2018-11-09,,No
EMP11974,32,Female,Married,Human Resources,HR Specialist,Mid,Bachelor's,7,56457.0,4705,3.0,1,2,3,15.0,5,No,Yes,Never,2011-06-13,,No
EMP11975,34,Female,Divorced,Research & Development,Research Scientist,Mid,Bachelor's,7,54098.0,4508,3.0,1,1,4,24.0,3,No,No,Occasionally,2017-08-25,,No
EMP11976,33,Male,Divorced,Marketing,Marketing Executive,Senior,Bachelor's,13,75596.0,6300,3.0,4,2,3,54.0,2,Yes,Yes,Occasionally,2024-08-19,,No
EMP11977,31,Female,Single,Research & Development,Research Director,Senior,Master's,11,83509.0,6959,4.0,2,2,3,34.0,4,No,No,Never,2014-02-11,2018-11-05,Yes
EMP11978,36,Female,Married,Research & Development,Laboratory Technician,Senior,High School,11,70440.0,5870,1.0,4,2,3,46.0,1,No,Yes,Occasionally,2012-03-11,,No
EMP11979,37,Other,Married,IT,IT Manager,Senior,Bachelor's,11,72501.0,6042,4.0,2,3,3,41.0,1,Yes,Yes,Never,2012-01-24,,No
EMP11980,24,Female,Single,IT,Software Engineer,Entry,Master's,0,41251.0,3438,2.0,1,4,3,70.0,2,Yes,Yes,Occasionally,2024-09-07,,No
EMP11981,47,Female,Married,Sales,Manager,Lead,Bachelor's,28,104718.0,8726,1.0,1,2,3,44.0,2,Yes,Yes,Occasionally,2020-08-11,2022-08-12,Yes
EMP11982,37,Female,Married,IT,Data Analyst,Senior,Master's,14,81830.0,6819,3.0,2,4,4,24.0,5,No,Yes,Occasionally,2012-02-11,2017-08-21,Yes
EMP11983,32,Male,Single,Research & Development,Laboratory Technician,Senior,PhD,13,66764.0,5564,4.0,3,1,3,53.0,3,Yes,No,Occasionally,2024-09-06,,No
EMP11984,36,Female,Married,Research & Development,Research Director,Senior,Master's,14,77390.0,6449,1.0,1,2,4,23.0,1,Yes,No,Occasionally,2022-08-18,,No
EMP11985,41,Male,Single,Sales,Manager,Lead,Bachelor's,16,117566.0,9797,3.0,3,3,4,60.0,3,No,Yes,Occasionally,2013-04-30,,No
EMP11986,22,Female,Single,Sales,Sales Executive,Entry,Master's,2,24000.0,2000,3.0,2,4,3,56.0,6,Yes,Yes,Never,2017-12-10,,No
EMP11987,33,Other,Single,IT,IT Manager,Senior,High School,14,81900.0,6825,2.0,3,4,3,47.0,5,No,Yes,Occasionally,2025-10-12,,No
EMP11988,25,Male,Married,Research & Development,Laboratory Technician,Entry,Master's,0,32528.0,2711,4.0,2,2,2,56.0,2,No,No,Occasionally,2015-07-19,2024-10-25,Yes
EMP11989,55,Female,Married,Research & Development,Laboratory Technician,Lead,High School,30,101892.0,8491,3.0,3,2,3,63.0,5,Yes,Yes,Frequently,2017-04-27,2019-07-14,Yes
EMP11990,35,Female,Married,IT,Data Analyst,Senior,Bachelor's,8,84151.0,7013,4.0,2,4,4,42.0,3,No,Yes,Occasionally,2022-01-04,,No
EMP11991,25,Male,Married,IT,IT Manager,Entry,PhD,2,35871.0,2989,3.0,2,2,3,45.0,3,No,No,Occasionally,2018-06-25,,No
EMP11992,60,Male,Single,Sales,Manager,Lead,Bachelor's,35,106075.0,8840,2.0,4,3,3,46.0,6,No,No,Occasionally,2023-01-14,,No
EMP11993,30,Male,Divorced,Finance,Financial Analyst,Mid,Master's,5,54216.0,4518,3.0,3,1,2,29.0,2,No,Yes,Occasionally,2021-04-25,,No
EMP11994,32,Male,Married,Sales,Sales Representative,Mid,Bachelor's,6,48235.0,4020,3.0,1,3,3,32.0,4,No,Yes,Occasionally,2011-10-13,2019-03-19,Yes
EMP11995,33,Female,Single,IT,IT Support,Senior,Master's,10,82460.0,6872,3.0,2,3,3,43.0,2,No,No,Never,2015-10-15,,No
EMP11996,27,Male,Single,Finance,Accountant,Mid,PhD,5,59369.0,4947,2.0,2,3,2,42.0,2,Yes,No,Occasionally,2013-11-08,,No
EMP11997,36,Male,Single,Marketing,Marketing Executive,Lead,Bachelor's,17,94098.0,7842,3.0,3,4,4,47.0,3,No,No,Occasionally,2024-02-07,2024-05-16,Yes
EMP11998,21,Female,Divorced,Sales,Sales Representative,Entry,Bachelor's,1,36857.0,3071,4.0,1,1,3,33.0,2,No,No,Occasionally,2011-02-06,,No
EMP11999,43,Female,Married,Sales,Sales Executive,Senior,Bachelor's,14,70920.0,5910,3.0,3,3,2,15.0,3,Yes,Yes,Frequently,2016-02-29,,No
EMP12000,25,Male,Married,Research & Development,Research Scientist,Entry,Master's,0,36329.0,3027,2.0,3,3,4,68.0,3,Yes,No,Never,2024-01-07,,No
EMP12001,31,Male,Single,Research & Development,Laboratory Technician,Mid,Bachelor's,5,47312.0,3943,4.0,4,2,3,17.0,4,No,No,Never,2025-07-16,,No
EMP12002,40,Female,Married,Research & Development,Laboratory Technician,Senior,Bachelor's,13,80993.0,6749,3.0,2,1,2,57.0,5,Yes,Yes,Occasionally,2019-02-26,,No
EMP12003,32,Male,Divorced,Marketing,Marketing Executive,Mid,Bachelor's,5,51657.0,4305,3.0,3,2,2,37.0,2,No,No,Occasionally,2018-03-21,,No
EMP12004,33,Female,Single,Research & Development,Research Director,Senior,Bachelor's,13,69494.0,5791,2.0,2,2,2,46.0,4,No,No,Occasionally,2019-12-22,2023-08-02,Yes
EMP12005,26,Female,Married,Research & Development,Research Scientist,Mid,High School,3,48929.0,4077,3.0,3,4,3,54.0,3,No,No,Frequently,2019-01-31,,No
EMP12006,51,Male,Divorced,IT,Data Analyst,Lead,Bachelor's,24,120356.0,10030,4.0,3,3,2,34.0,5,No,No,Occasionally,2025-05-01,,No
EMP12007,38,Female,Married,Research & Development,Laboratory Technician,Senior,Master's,13,76363.0,6364,2.0,1,3,3,17.0,2,No,Yes,Occasionally,2024-07-01,,No
EMP12008,25,Male,Single,IT,IT Support,Mid,Bachelor's,7,55794.0,4650,2.0,3,3,3,60.0,2,No,No,Frequently,2014-02-28,,No
EMP12009,35,Male,Single,Sales,Sales Executive,Lead,Bachelor's,18,112984.0,9415,2.0,3,3,3,54.0,4,Yes,Yes,Occasionally,2018-04-18,,No
EMP12010,25,Female,Single,Research & Development,Research Scientist,Entry,Master's,0,37986.0,3166,1.0,2,3,3,43.0,5,No,No,Occasionally,2023-01-24,2025-06-11,Yes
EMP12011,48,Male,Married,Sales,Sales Executive,Lead,Bachelor's,22,99118.0,8260,3.0,2,3,4,57.0,6,No,Yes,Occasionally,2024-09-27,,No
EMP12012,36,Female,Married,Sales,Sales Representative,Senior,Master's,13,74569.0,6214,2.0,2,3,4,48.0,5,No,No,Never,2018-09-14,,No
EMP12013,26,Female,Divorced,Marketing,Marketing Executive,Mid,Bachelor's,4,39662.0,3305,2.0,1,1,3,41.0,1,Yes,No,Frequently,2015-09-04,2016-01-15,Yes
EMP12014,40,Male,Single,Sales,Manager,Lead,Bachelor's,15,111104.0,9259,4.0,1,4,3,38.0,3,No,No,Never,2022-05-17,,No
EMP12015,32,Other,Married,Human Resources,HR Specialist,Mid,Bachelor's,7,52028.0,4336,3.0,3,3,3,5.0,5,No,Yes,Frequently,2019-06-15,,No
EMP12016,24,Male,Single,Research & Development,Laboratory Technician,Entry,Master's,2,36691.0,3058,2.0,2,3,3,47.0,4,Yes,No,Occasionally,2025-04-30,,No
EMP12017,37,Male,Single,Research & Development,Research Scientist,Senior,PhD,9,62475.0,5206,3.0,2,3,4,24.0,5,No,No,Never,2020-07-10,,No
EMP12018,37,Female,Single,IT,IT Support,Lead,Bachelor's,16,110034.0,9170,2.0,3,3,3,50.0,4,Yes,No,Never,2018-05-05,,No
EMP12019,43,Male,Single,Sales,Sales Representative,Senior,Bachelor's,13,77173.0,6431,1.0,3,3,4,37.0,3,No,No,Occasionally,2025-09-19,,No
EMP12020,35,Female,Married,Finance,Accountant,Mid,Bachelor's,7,41172.0,3431,3.0,4,2,4,11.0,2,No,No,Occasionally,2017-06-23,,No
EMP12021,35,Female,Single,Marketing,Marketing Executive,Senior,Master's,10,80594.0,6716,3.0,4,2,3,41.0,4,No,No,Frequently,2013-03-24,,No
EMP12022,35,Male,Married,Human Resources,HR Executive,Mid,Bachelor's,7,49736.0,4145,4.0,3,4,3,34.0,5,No,No,Never,2011-05-04,,No
EMP12023,47,Male,Divorced,Marketing,Marketing Manager,Lead,PhD,28,92717.0,7726,3.0,2,3,3,67.0,2,No,No,Occasionally,2019-09-07,,No
EMP12024,32,Male,Divorced,Sales,Sales Executive,Senior,Master's,11,72398.0,6033,4.0,3,1,3,6.0,3,Yes,No,Frequently,2010-04-19,,No
EMP12025,38,Female,Single,Research & Development,Research Director,Senior,Master's,10,79197.0,6600,4.0,3,3,3,27.0,1,Yes,Yes,Occasionally,2019-07-26,,No
EMP12026,39,Male,Divorced,Research & Development,Laboratory Technician,Senior,Bachelor's,14,69608.0,5801,3.0,3,3,3,21.0,4,No,No,Occasionally,2019-08-21,,No
EMP12027,37,Male,Single,IT,IT Manager,Lead,Bachelor's,17,111680.0,9307,4.0,2,3,2,56.0,5,No,No,Occasionally,2018-10-22,,No
EMP12028,31,Male,Married,Marketing,Marketing Manager,Mid,Master's,7,,4081,3.0,3,3,3,46.0,6,No,No,Frequently,2012-05-02,,No
EMP12029,35,Male,Married,Research & Development,Research Director,Lead,Bachelor's,15,91041.0,7587,2.0,3,3,4,55.0,2,Yes,No,Occasionally,2016-07-10,,No
EMP12030,33,Female,Married,Finance,Finance Manager,Mid,Bachelor's,5,60367.0,5031,2.0,3,4,4,22.0,3,No,Yes,Occasionally,2020-02-13,,No
EMP12031,50,Female,Married,Sales,Sales Representative,Lead,Bachelor's,29,110654.0,9221,1.0,3,4,4,25.0,2,No,No,Never,2022-12-08,2025-02-09,Yes
EMP12032,30,Male,Married,Human Resources,HR Executive,Senior,Bachelor's,8,84041.0,7003,4.0,1,4,3,43.0,4,No,No,Occasionally,2020-07-13,,No
EMP12033,27,Male,Single,Research & Development,Laboratory Technician,Entry,Bachelor's,1,32063.0,2672,3.0,3,3,3,73.0,4,No,No,Frequently,2022-06-10,,No
EMP12034,34,Female,Married,Marketing,Marketing Executive,Mid,Bachelor's,5,55392.0,4616,3.0,3,3,3,52.0,7,No,No,Occasionally,2021-07-14,,No
EMP12035,33,Male,Married,Finance,Finance Manager,Senior,High School,8,68702.0,5725,2.0,2,3,3,26.0,3,No,No,Never,2012-10-01,,No
EMP12036,36,Female,Married,Research & Development,Research Director,Senior,Bachelor's,13,77681.0,6473,3.0,4,3,3,46.0,3,Yes,No,Occasionally,2011-05-03,,No
EMP12037,30,Male,Single,Sales,Manager,Mid,Bachelor's,5,49774.0,4148,1.0,4,4,2,53.0,5,Yes,No,Occasionally,2018-10-27,,No
EMP12038,35,Male,Single,Sales,Manager,Senior,Master's,11,75461.0,6288,4.0,2,2,3,18.0,1,No,No,Occasionally,2017-04-19,,No
EMP12039,35,Female,Married,Research & Development,Research Director,Senior,Bachelor's,13,68179.0,5682,4.0,1,4,3,37.0,3,No,No,Frequently,2021-09-16,,No
EMP12040,41,Male,Divorced,Research & Development,Research Scientist,Lead,Master's,18,112859.0,9405,3.0,3,3,3,39.0,5,No,No,Occasionally,2013-07-15,,No
EMP12041,35,Male,Married,IT,Software Engineer,Senior,Master's,10,71443.0,5954,1.0,3,2,4,74.0,8,Yes,No,Occasionally,2019-08-29,,No
EMP12042,35,Male,Married,Human Resources,HR Manager,Mid,Master's,6,53904.0,4492,2.0,3,3,4,44.0,2,No,No,Occasionally,2018-09-11,,No
EMP12043,38,Other,Married,Human Resources,HR Specialist,Senior,Master's,10,69577.0,5798,2.0,3,2,4,72.0,2,Yes,Yes,Never,2019-06-15,,No
EMP12044,41,Female,Married,Sales,Sales Representative,Lead,Bachelor's,19,119830.0,9986,2.0,4,2,3,29.0,5,Yes,No,Frequently,2023-05-18,,No
EMP12045,26,Male,Divorced,IT,IT Manager,Entry,High School,0,43868.0,3656,4.0,3,4,4,52.0,3,Yes,No,Occasionally,2024-06-22,,No
EMP12046,24,Female,Single,IT,IT Support,Entry,Master's,2,38801.0,3233,2.0,1,3,3,17.0,3,No,No,Occasionally,2017-02-19,,No
EMP12047,48,Male,Married,Sales,Sales Executive,Lead,Bachelor's,23,97805.0,8150,3.0,3,2,3,53.0,1,No,No,Never,2015-06-07,,No
EMP12048,40,Male,Divorced,IT,IT Manager,Senior,Bachelor's,13,89230.0,7436,3.0,3,4,4,35.0,2,Yes,No,Occasionally,2014-04-29,,No
EMP12049,32,Female,Divorced,Human Resources,HR Specialist,Senior,Bachelor's,9,53148.0,4429,3.0,4,1,3,36.0,3,No,No,Never,2012-11-05,,No
EMP12050,34,Female,Married,Sales,Sales Representative,Mid,Master's,6,54689.0,4557,2.0,2,3,4,55.0,3,No,No,Occasionally,2015-09-13,,No
EMP12051,31,Male,Single,Research & Development,Laboratory Technician,Senior,Bachelor's,12,79573.0,6631,4.0,3,1,3,57.0,2,Yes,No,Occasionally,2020-12-27,,No
EMP12052,36,Male,Married,Research & Development,Research Director,Senior,Bachelor's,8,79162.0,6597,3.0,3,2,3,47.0,4,Yes,No,Occasionally,2017-07-30,,No
EMP12053,26,Male,Married,Sales,Sales Representative,Mid,PhD,3,57865.0,4822,3.0,3,2,3,75.0,2,No,No,Never,2012-08-31,,No
EMP12054,41,Female,Married,Marketing,Marketing Analyst,Lead,Master's,18,101045.0,8420,2.0,1,4,4,43.0,3,Yes,No,Never,2012-08-23,,No
EMP12055,35,Female,Married,IT,IT Manager,Senior,High School,11,86845.0,7237,4.0,4,4,3,48.0,4,No,No,Never,2017-02-27,,No
EMP12056,36,Female,Single,Finance,Accountant,Senior,Master's,13,75310.0,6276,2.0,3,4,3,47.0,2,Yes,No,Occasionally,2023-08-24,,No
EMP12057,27,Female,Single,Research & Development,Laboratory Technician,Mid,Bachelor's,6,46187.0,3849,3.0,4,3,3,55.0,4,No,Yes,Occasionally,2014-11-24,,No
EMP12058,38,Female,Married,Research & Development,Research Scientist,Lead,Master's,19,97774.0,8148,3.0,2,3,3,42.0,5,No,Yes,Occasionally,2025-01-11,,No
EMP12059,27,Female,Single,Finance,Finance Manager,Senior,Bachelor's,11,78236.0,6520,2.0,3,3,3,24.0,4,No,No,Occasionally,2015-10-23,2024-01-20,Yes
EMP12060,28,Male,Single,Human Resources,HR Manager,Entry,Bachelor's,2,39779.0,3315,1.0,4,3,3,49.0,3,No,No,Never,2025-06-26,2026-08-06,Yes
EMP12061,35,Male,Married,Sales,Sales Executive,Lead,Master's,16,117006.0,9750,4.0,4,3,3,14.0,1,No,Yes,Never,2022-12-02,2023-02-28,Yes
EMP12062,54,Male,Married,Human Resources,HR Executive,Lead,Bachelor's,31,103107.0,8592,2.0,4,4,3,57.0,2,No,Yes,Occasionally,2013-06-19,2022-02-06,Yes
EMP12063,35,Male,Single,IT,IT Support,Senior,Bachelor's,8,78485.0,6540,3.0,1,1,3,63.0,1,Yes,No,Occasionally,2022-06-19,2024-01-15,Yes
EMP12064,21,Female,Single,Research & Development,Laboratory Technician,Entry,Master's,0,41306.0,3442,3.0,3,2,3,33.0,2,No,No,Occasionally,2025-02-10,,No
EMP12065,29,Female,Divorced,Sales,Sales Representative,Mid,Bachelor's,4,55034.0,4586,2.0,1,3,3,33.0,6,No,Yes,Never,2024-02-23,,No
EMP12066,39,Male,Single,IT,IT Support,Lead,PhD,16,112203.0,9350,2.0,2,3,4,7.0,2,No,No,Occasionally,2017-01-22,2023-07-01,Yes
EMP12067,25,Female,Single,Sales,Sales Representative,Entry,Bachelor's,0,24260.0,2022,2.0,2,3,3,41.0,2,No,No,Never,2019-12-19,,No
EMP12068,41,Male,Single,Research & Development,Research Scientist,Lead,High School,22,115022.0,9585,3.0,3,3,3,49.0,4,Yes,No,Occasionally,2020-09-30,,No
EMP12069,35,Male,Married,Sales,Sales Representative,Lead,Master's,16,105656.0,8805,3.0,4,1,3,48.0,5,No,No,Frequently,2015-04-12,,No
EMP12070,42,Female,Married,Research & Development,Laboratory Technician,Senior,Bachelor's,13,76001.0,6333,4.0,3,3,3,47.0,4,No,No,Occasionally,2010-03-15,,No
EMP12071,30,Male,Single,IT,IT Manager,Senior,Bachelor's,13,86792.0,7233,3.0,4,3,3,37.0,5,No,No,Occasionally,2015-12-22,,No
EMP12072,29,Male,Single,Human Resources,HR Specialist,Senior,Bachelor's,8,76153.0,6346,4.0,1,3,3,58.0,2,No,No,Occasionally,2020-03-31,,No
EMP12073,39,Female,Married,Sales,Manager,Lead,PhD,18,115322.0,9610,1.0,4,4,2,25.0,4,No,No,Never,2014-11-14,,No
EMP12074,34,Female,Married,IT,Software Engineer,Senior,Bachelor's,14,90083.0,7507,3.0,2,3,3,25.0,5,No,Yes,Occasionally,2025-09-09,2025-12-11,Yes
EMP12075,33,Female,Married,IT,Data Analyst,Senior,Bachelor's,10,79071.0,6589,2.0,3,1,3,18.0,6,No,No,Occasionally,2022-01-19,,No
EMP12076,47,Male,Single,IT,IT Support,Lead,Bachelor's,21,112608.0,9384,2.0,3,2,2,30.0,3,No,No,Occasionally,2024-09-13,,No
EMP12077,39,Male,Single,Research & Development,Laboratory Technician,Lead,High School,16,100902.0,8408,3.0,4,2,3,21.0,4,Yes,No,Occasionally,2017-02-01,,No
EMP12078,21,Other,Married,Research & Development,Research Scientist,Entry,Bachelor's,0,45226.0,3769,3.0,4,2,3,5.0,1,No,No,Frequently,2023-07-04,,No
EMP12079,40,Male,Married,Marketing,Marketing Analyst,Senior,Master's,14,,5912,2.0,2,3,4,29.0,1,Yes,No,Frequently,2013-05-05,,No
EMP12080,40,Female,Single,IT,Software Engineer,Lead,PhD,21,111167.0,9264,3.0,1,3,4,57.0,4,No,No,Frequently,2017-04-01,,No
EMP12081,43,Male,Married,Sales,Sales Representative,Lead,Bachelor's,19,107547.0,8962,3.0,3,3,3,47.0,4,No,No,Occasionally,2019-04-30,,No
EMP12082,26,Female,Single,Sales,Sales Executive,Mid,Bachelor's,5,55540.0,4628,4.0,3,4,4,53.0,1,No,Yes,Occasionally,2011-03-16,,No
EMP12083,37,Female,Married,Research & Development,Laboratory Technician,Senior,PhD,12,80722.0,6727,1.0,3,2,4,52.0,1,No,No,Frequently,2017-10-14,,No
EMP12084,35,Male,Married,Marketing,Marketing Executive,Lead,Bachelor's,15,110607.0,9217,1.0,1,2,3,36.0,3,Yes,No,Occasionally,2018-11-08,,No
EMP12085,26,Female,Divorced,Human Resources,HR Specialist,Entry,Bachelor's,0,36850.0,3071,3.0,4,2,4,38.0,8,No,No,Occasionally,2015-10-05,,No
EMP12086,42,Male,Married,Research & Development,Laboratory Technician,Senior,Master's,12,72969.0,6081,3.0,2,4,3,29.0,1,No,No,Never,2010-07-02,2012-05-08,Yes
EMP12087,32,Female,Married,Sales,Manager,Mid,Master's,6,48175.0,4015,3.0,2,3,2,46.0,3,No,Yes,Frequently,2019-07-20,,No
EMP12088,43,Female,Single,Finance,Finance Manager,Lead,Bachelor's,19,109268.0,9106,3.0,2,3,3,93.0,2,No,No,Frequently,2024-08-08,,No
EMP12089,28,Male,Single,IT,Software Engineer,Mid,Bachelor's,3,55138.0,4595,4.0,4,1,3,19.0,2,No,No,Occasionally,2018-06-28,,No
EMP12090,22,Female,Single,Research & Development,Laboratory Technician,Entry,High School,0,27396.0,2283,3.0,2,3,3,60.0,2,No,No,Occasionally,2022-02-07,2022-05-04,Yes
EMP12091,32,Male,Single,IT,Software Engineer,Mid,Bachelor's,5,56046.0,4670,3.0,3,3,4,32.0,3,No,Yes,Frequently,2018-05-16,2021-07-25,Yes
EMP12092,36,Male,Single,Marketing,Marketing Manager,Lead,Master's,15,119715.0,9976,3.0,2,3,3,68.0,3,No,No,Frequently,2017-09-27,,No
EMP12093,30,Female,Divorced,Sales,Sales Executive,Mid,Bachelor's,3,62807.0,5234,4.0,3,3,3,49.0,1,Yes,No,Occasionally,2014-11-25,,No
EMP12094,21,Male,Married,Human Resources,HR Executive,Entry,Master's,0,30326.0,2527,2.0,4,3,3,32.0,2,Yes,No,Occasionally,2017-04-18,,No
EMP12095,37,Female,Single,Research & Development,Research Director,Lead,Bachelor's,20,90534.0,7544,3.0,2,1,3,38.0,1,No,No,Occasionally,2012-08-06,,No
EMP12096,37,Male,Single,IT,Data Analyst,Senior,Bachelor's,14,78868.0,6572,3.0,4,3,4,55.0,6,Yes,No,Never,2013-03-23,2025-01-13,Yes
EMP12097,39,Male,Single,Human Resources,HR Executive,Senior,High School,13,82160.0,6847,2.0,4,4,3,72.0,3,No,Yes,Occasionally,2011-01-28,,No
EMP12098,31,Male,Single,Finance,Finance Manager,Senior,Master's,10,69041.0,5753,3.0,3,3,3,57.0,2,No,No,Occasionally,2013-10-19,,No
EMP12099,31,Male,Single,IT,Data Analyst,Senior,Bachelor's,9,87227.0,7269,1.0,1,2,4,34.0,6,No,No,Frequently,2016-08-02,,No
EMP12100,46,Female,Married,Research & Development,Research Director,Lead,Bachelor's,24,108778.0,9065,2.0,4,2,3,51.0,5,No,No,Occasionally,2015-07-22,,No
EMP12101,21,Female,Divorced,Marketing,Marketing Executive,Entry,Bachelor's,0,32121.0,2677,4.0,4,4,4,71.0,4,No,Yes,Never,2024-03-03,,No
EMP12102,32,Female,Married,Human Resources,HR Specialist,Senior,Master's,8,75737.0,6311,1.0,4,2,3,50.0,5,Yes,Yes,Occasionally,2013-07-31,,No
EMP12103,35,Male,Married,Sales,Sales Representative,Mid,Bachelor's,7,45668.0,3806,3.0,4,3,3,40.0,2,Yes,Yes,Never,2025-10-31,,No
EMP12104,39,Female,Married,Finance,Finance Manager,Senior,Bachelor's,12,84878.0,7073,2.0,3,3,4,17.0,3,Yes,No,Occasionally,2015-05-05,,No
EMP12105,35,Female,Single,IT,IT Support,Senior,Bachelor's,13,85169.0,7097,3.0,3,3,3,64.0,5,Yes,Yes,Never,2024-07-14,,No
EMP12106,27,Male,Single,Research & Development,Research Director,Entry,Bachelor's,1,28636.0,2386,2.0,3,2,3,40.0,2,No,Yes,Occasionally,2025-08-23,,No
EMP12107,43,Female,Married,IT,Data Analyst,Lead,Master's,18,106505.0,8875,3.0,3,1,3,29.0,3,No,No,Never,2024-01-23,,No
EMP12108,34,Female,Married,Marketing,Marketing Analyst,Senior,Bachelor's,8,67646.0,5637,4.0,3,3,2,55.0,1,Yes,No,Occasionally,2012-01-16,,No
EMP12109,21,Male,Married,Research & Development,Research Scientist,Entry,Master's,2,34601.0,2883,2.0,3,4,3,56.0,5,No,Yes,Occasionally,2021-01-31,,No
EMP12110,36,Female,Single,Marketing,Marketing Analyst,Senior,Master's,14,74584.0,6215,2.0,3,2,4,25.0,4,No,No,Never,2018-11-22,,No
EMP12111,38,Male,Divorced,Sales,Sales Executive,Lead,PhD,17,103674.0,8640,3.0,4,3,3,28.0,3,No,No,Occasionally,2017-04-08,,No
EMP12112,50,Male,Single,Sales,Manager,Lead,Bachelor's,24,94072.0,7839,1.0,2,3,3,52.0,3,No,No,Never,2019-08-16,,No
EMP12113,37,Male,Married,Sales,Manager,Senior,Bachelor's,12,68334.0,5694,2.0,3,3,3,64.0,4,No,No,Frequently,2021-10-21,,No
EMP12114,22,Female,Divorced,IT,Data Analyst,Entry,Bachelor's,0,30572.0,2548,1.0,2,3,3,36.0,2,No,No,Occasionally,2014-09-01,,No
EMP12115,22,Male,Single,Finance,Finance Manager,Entry,High School,0,41381.0,3448,3.0,2,3,3,38.0,4,No,Yes,Frequently,2024-10-26,2026-04-15,Yes
EMP12116,44,Male,Married,Sales,Manager,Lead,Master's,23,106202.0,8850,4.0,3,4,3,30.0,3,Yes,No,Never,2015-09-09,,No
EMP12117,28,Female,Married,Research & Development,Laboratory Technician,Mid,Master's,7,50019.0,4168,3.0,4,3,3,64.0,5,No,Yes,Never,2013-05-27,,No
EMP12118,22,Female,Divorced,Finance,Financial Analyst,Mid,Master's,3,63739.0,5312,3.0,3,4,4,54.0,1,No,No,Occasionally,2019-07-04,2024-10-13,Yes
EMP12119,42,Female,Single,Sales,Sales Representative,Lead,Bachelor's,20,111749.0,9312,1.0,2,3,4,22.0,3,No,No,Occasionally,2012-09-06,,No
EMP12120,30,Male,Divorced,IT,Software Engineer,Mid,Bachelor's,6,66738.0,5562,4.0,3,3,3,72.0,4,Yes,Yes,Never,2020-10-19,2022-10-15,Yes
EMP12121,42,Female,Single,IT,IT Manager,Lead,Bachelor's,24,110306.0,9192,2.0,3,2,3,100.0,3,No,No,Occasionally,2018-07-16,,No
EMP12122,27,Male,Married,Human Resources,HR Specialist,Mid,Master's,7,42099.0,3508,4.0,3,3,4,10.0,8,No,No,Occasionally,2014-12-25,,No
EMP12123,46,Male,Married,Marketing,Marketing Analyst,Lead,Bachelor's,26,116945.0,9745,2.0,3,1,2,48.0,1,No,Yes,Never,2018-02-12,,No
EMP12124,41,Female,Single,Research & Development,Research Director,Lead,High School,18,108669.0,9056,4.0,2,3,3,14.0,1,Yes,Yes,Occasionally,2021-04-29,,No
EMP12125,28,Female,Single,Marketing,Marketing Analyst,Senior,Bachelor's,9,79815.0,6651,3.0,2,1,3,37.0,5,Yes,Yes,Frequently,2013-06-30,,No
EMP12126,21,Female,Married,Finance,Accountant,Entry,PhD,0,40731.0,3394,1.0,3,4,2,16.0,5,No,Yes,Occasionally,2015-01-11,2023-06-01,Yes
EMP12127,52,Female,Married,Finance,Financial Analyst,Lead,Master's,28,128344.0,10695,4.0,3,3,4,68.0,2,No,No,Frequently,2022-03-07,,No
EMP12128,32,Female,Single,Sales,Manager,Senior,Master's,10,75297.0,6275,1.0,1,4,4,35.0,2,Yes,No,Never,2022-12-03,,No
EMP12129,28,Male,Single,IT,Software Engineer,Entry,Master's,0,49055.0,4088,3.0,4,3,3,60.0,2,No,No,Never,2010-07-20,,No
EMP12130,45,Male,Married,Research & Development,Research Scientist,Lead,Bachelor's,16,99032.0,8253,4.0,1,4,4,45.0,5,Yes,No,Never,2014-01-11,,No
EMP12131,42,Female,Married,Sales,Manager,Lead,Bachelor's,24,110707.0,9226,2.0,1,4,3,73.0,1,Yes,No,Occasionally,2017-05-24,2025-05-14,Yes
EMP12132,43,Male,Married,Sales,Manager,Lead,Bachelor's,23,117484.0,9790,2.0,3,3,3,20.0,3,No,No,Occasionally,2021-10-27,,No
EMP12133,33,Female,Married,Human Resources,HR Manager,Senior,Bachelor's,14,75671.0,6306,3.0,3,3,3,5.0,5,No,No,Occasionally,2018-11-17,2020-10-09,Yes
EMP12134,49,Female,Married,Human Resources,HR Specialist,Lead,Master's,32,91568.0,7631,3.0,1,3,3,32.0,2,No,No,Occasionally,2010-08-13,,No
EMP12135,24,Male,Single,IT,IT Support,Entry,Bachelor's,1,42969.0,3581,4.0,3,1,4,35.0,1,No,No,Occasionally,2015-12-07,,No
EMP12136,30,Female,Married,IT,IT Manager,Mid,Bachelor's,5,57482.0,4790,3.0,1,4,3,13.0,4,No,Yes,Frequently,2024-04-26,,No
EMP12137,37,Female,Married,Sales,Manager,Senior,Bachelor's,13,81910.0,6826,2.0,4,3,3,50.0,4,Yes,No,Occasionally,2017-03-02,,No
EMP12138,43,Female,Single,IT,IT Support,Lead,Bachelor's,19,108735.0,9061,4.0,3,3,4,49.0,4,No,No,Never,2019-03-02,2025-06-20,Yes
EMP12139,39,Male,Married,Sales,Sales Executive,Senior,Bachelor's,12,92713.0,7726,4.0,2,3,2,66.0,3,Yes,No,Occasionally,2014-03-17,,No
EMP12140,33,Male,Married,IT,Software Engineer,Senior,Bachelor's,8,83745.0,6979,2.0,2,2,3,61.0,4,No,Yes,Never,2014-04-18,,No
EMP12141,30,Male,Divorced,IT,Data Analyst,Senior,Bachelor's,11,88538.0,7378,1.0,3,2,3,33.0,2,No,Yes,Occasionally,2017-07-07,2026-09-20,Yes
EMP12142,43,Female,Married,Human Resources,HR Executive,Lead,Bachelor's,19,98002.0,8167,3.0,3,2,4,21.0,4,No,Yes,Occasionally,2017-07-04,,No
EMP12143,40,Female,Married,IT,Data Analyst,Lead,Bachelor's,18,103775.0,8648,4.0,4,3,3,11.0,7,Yes,No,Frequently,2022-11-16,,No
EMP12144,27,Male,Single,Research & Development,Research Scientist,Mid,Bachelor's,4,42922.0,3577,2.0,4,1,4,38.0,1,No,No,Frequently,2020-03-31,,No
EMP12145,27,Female,Married,Research & Development,Research Director,Mid,Bachelor's,3,42969.0,3581,4.0,3,3,3,38.0,5,No,Yes,Frequently,2022-05-31,,No
EMP12146,30,Male,Single,IT,Software Engineer,Senior,Master's,10,87749.0,7312,4.0,4,3,3,49.0,4,Yes,No,Occasionally,2010-09-03,,No
EMP12147,29,Female,Married,Research & Development,Laboratory Technician,Mid,High School,7,47779.0,3982,1.0,3,3,4,13.0,3,Yes,No,Frequently,2023-09-17,,No
EMP12148,42,Male,Married,Research & Development,Research Scientist,Lead,High School,24,96110.0,8009,3.0,3,2,3,45.0,1,Yes,No,Occasionally,2023-08-05,,No
EMP12149,37,Male,Divorced,Research & Development,Research Director,Senior,Bachelor's,10,71123.0,5927,2.0,3,2,3,51.0,1,No,No,Occasionally,2021-11-22,2023-10-28,Yes
EMP12150,38,Male,Single,IT,Data Analyst,Senior,Bachelor's,13,87925.0,7327,2.0,2,3,4,30.0,3,No,No,Occasionally,2022-04-14,,No
EMP12151,36,Female,Single,Research & Development,Research Director,Senior,Bachelor's,13,80751.0,6729,3.0,2,2,3,52.0,3,No,Yes,Occasionally,2015-07-13,,No
EMP12152,36,Male,Married,Sales,Manager,Senior,PhD,13,82978.0,6915,3.0,4,4,3,38.0,3,No,No,Never,2013-03-15,,No
EMP12153,21,Male,Married,IT,Data Analyst,Entry,Master's,0,37029.0,3086,3.0,3,2,3,63.0,2,Yes,No,Occasionally,2025-03-08,,No
EMP12154,40,Male,Single,IT,IT Support,Senior,Bachelor's,14,96980.0,8082,4.0,4,3,3,68.0,4,No,Yes,Frequently,2017-10-25,,No
EMP12155,29,Male,Single,Sales,Manager,Mid,Bachelor's,7,59574.0,4964,2.0,1,3,3,42.0,3,Yes,No,Occasionally,2024-07-18,,No
EMP12156,34,Female,Single,Research & Development,Research Scientist,Senior,Bachelor's,9,67781.0,5648,3.0,2,3,3,57.0,4,No,Yes,Occasionally,2011-09-29,,No
EMP12157,30,Female,Married,Sales,Manager,Mid,Bachelor's,4,57685.0,4807,4.0,3,4,4,18.0,3,No,No,Occasionally,2010-05-05,,No
EMP12158,35,Male,Married,Research & Development,Research Director,Senior,Bachelor's,11,76134.0,6344,2.0,3,3,3,33.0,4,Yes,Yes,Frequently,2025-07-29,,No
EMP12159,39,Male,Single,Research & Development,Research Director,Lead,PhD,20,103844.0,8654,3.0,4,4,3,49.0,7,Yes,No,Occasionally,2014-02-18,,No
EMP12160,26,Male,Divorced,IT,IT Support,Mid,Bachelor's,6,59069.0,4922,3.0,2,2,3,34.0,3,No,No,Occasionally,2010-07-16,,No
EMP12161,36,Female,Married,Finance,Accountant,Lead,Bachelor's,17,104338.0,8695,4.0,3,3,2,37.0,3,No,No,Occasionally,2016-03-11,,No
EMP12162,30,Female,Single,Finance,Financial Analyst,Mid,Master's,7,63063.0,5255,3.0,3,2,3,24.0,1,No,No,Frequently,2016-11-13,,No
EMP12163,45,Female,Married,Research & Development,Research Director,Lead,Master's,23,100952.0,8413,3.0,4,3,3,73.0,2,No,Yes,Never,2017-01-20,,No
EMP12164,25,Female,Married,IT,IT Support,Mid,PhD,5,55079.0,4590,4.0,3,3,2,25.0,2,Yes,No,Occasionally,2022-07-30,,No
EMP12165,26,Female,Single,Research & Development,Laboratory Technician,Mid,Bachelor's,7,57321.0,4777,1.0,3,3,4,56.0,3,Yes,No,Never,2022-04-14,,No
EMP12166,31,Female,Married,Marketing,Marketing Manager,Senior,Bachelor's,9,91193.0,7599,3.0,3,3,4,33.0,5,Yes,No,Occasionally,2023-08-06,,No
EMP12167,27,Male,Married,Finance,Accountant,Mid,Master's,4,52522.0,4377,3.0,2,4,3,53.0,6,No,No,Never,2020-05-10,2023-09-06,Yes
EMP12168,32,Female,Single,Sales,Sales Executive,Senior,Bachelor's,13,67274.0,5606,1.0,4,4,3,31.0,5,No,No,Frequently,2010-09-25,,No
EMP12169,30,Female,Single,Finance,Financial Analyst,Mid,Bachelor's,7,63979.0,5332,3.0,4,2,4,36.0,3,Yes,No,Frequently,2013-08-10,,No
EMP12170,35,Male,Single,Research & Development,Research Director,Senior,Master's,10,77365.0,6447,1.0,3,3,4,49.0,8,No,Yes,Occasionally,2013-05-23,,No
EMP12171,42,Female,Married,Finance,Finance Manager,Lead,Bachelor's,21,112516.0,9376,4.0,3,3,3,53.0,1,Yes,No,Occasionally,2020-04-17,,No
EMP12172,35,Female,Single,Sales,Manager,Senior,Master's,13,76240.0,6353,4.0,3,2,3,58.0,2,No,No,Frequently,2022-06-01,2025-05-14,Yes
EMP12173,35,Female,Married,Sales,Sales Representative,Lead,PhD,15,109155.0,9096,1.0,4,3,3,43.0,2,No,No,Occasionally,2023-06-19,,No
EMP12174,26,Male,Married,IT,IT Manager,Entry,Master's,2,41547.0,3462,1.0,2,2,3,61.0,5,No,Yes,Occasionally,2014-05-27,2020-03-30,Yes
EMP12175,33,Female,Married,Research & Development,Research Director,Senior,High School,8,72336.0,6028,3.0,3,4,3,46.0,2,No,No,Frequently,2024-01-22,,No
EMP12176,31,Male,Married,IT,IT Manager,Mid,Master's,5,63927.0,5327,2.0,1,4,4,39.0,7,Yes,No,Occasionally,2024-02-06,,No
EMP12177,39,Female,Single,Research & Development,Research Director,Lead,Master's,17,108501.0,9042,3.0,2,4,3,57.0,5,No,No,Never,2017-04-22,,No
EMP12178,28,Female,Divorced,Finance,Financial Analyst,Entry,PhD,0,33402.0,2784,2.0,4,4,3,44.0,1,No,No,Frequently,2018-10-26,2025-04-04,Yes
EMP12179,27,Female,Married,Finance,Finance Manager,Entry,Bachelor's,0,34789.0,2899,2.0,4,3,3,46.0,3,Yes,Yes,Occasionally,2024-08-30,2025-03-07,Yes
EMP12180,37,Male,Married,Human Resources,HR Executive,Lead,Bachelor's,18,99499.0,8292,2.0,3,2,2,24.0,5,No,No,Frequently,2011-10-10,2015-08-13,Yes
EMP12181,50,Female,Married,Research & Development,Research Director,Lead,Master's,23,108233.0,9019,2.0,3,3,2,30.0,4,No,No,Frequently,2024-06-30,,No
EMP12182,33,Male,Married,Sales,Sales Executive,Senior,Bachelor's,13,79310.0,6609,3.0,3,1,3,49.0,1,Yes,Yes,Occasionally,2015-03-27,,No
EMP12183,35,Female,Single,Sales,Manager,Lead,Bachelor's,15,104729.0,8727,3.0,4,2,3,26.0,2,No,No,Never,2023-07-08,,No
EMP12184,42,Female,Married,Research & Development,Research Scientist,Lead,Bachelor's,18,97029.0,8086,3.0,3,1,4,43.0,2,No,Yes,Frequently,2019-11-19,,No
EMP12185,38,Male,Single,Finance,Accountant,Senior,Bachelor's,13,65842.0,5487,3.0,2,2,4,8.0,1,No,No,Frequently,2020-01-16,,No
EMP12186,38,Male,Divorced,Marketing,Marketing Executive,Lead,Master's,16,103380.0,8615,3.0,4,3,3,76.0,5,No,Yes,Never,2018-09-30,2022-03-08,Yes
EMP12187,33,Female,Married,IT,Software Engineer,Senior,Bachelor's,12,84656.0,7055,2.0,2,4,4,54.0,1,Yes,Yes,Occasionally,2017-11-25,,No
EMP12188,33,Male,Single,IT,Software Engineer,Senior,Master's,10,87513.0,7293,2.0,2,2,3,34.0,3,No,No,Occasionally,2020-04-03,,No
EMP12189,28,Female,Married,IT,IT Support,Mid,High School,7,66930.0,5578,2.0,3,2,4,69.0,8,No,Yes,Occasionally,2020-07-03,,No
EMP12190,38,Male,Single,Finance,Finance Manager,Lead,Bachelor's,15,106500.0,8875,3.0,3,2,4,26.0,2,No,No,Occasionally,2023-03-26,2024-12-11,Yes
EMP12191,38,Male,Single,Research & Development,Research Director,Lead,Bachelor's,15,93925.0,7827,3.0,3,3,3,32.0,1,No,No,Occasionally,2022-12-16,,No
EMP12192,40,Female,Married,Marketing,Marketing Analyst,Lead,Master's,18,101404.0,8450,3.0,4,3,4,51.0,3,Yes,No,Never,2020-01-17,,No
EMP12193,30,Female,Married,Finance,Accountant,Mid,Bachelor's,3,71283.0,5940,3.0,2,4,3,59.0,2,No,No,Never,2020-06-30,2024-05-15,Yes
EMP12194,41,Female,Divorced,Human Resources,HR Executive,Lead,Bachelor's,16,116510.0,9709,2.0,1,2,2,32.0,5,No,No,Frequently,2011-08-08,,No
EMP12195,43,Female,Divorced,Sales,Sales Representative,Lead,Master's,19,107997.0,9000,4.0,2,4,3,50.0,3,Yes,No,Occasionally,2011-02-21,,No
EMP12196,24,Male,Single,Research & Development,Research Scientist,Mid,Master's,3,48979.0,4082,4.0,1,1,4,48.0,5,No,Yes,Occasionally,2016-11-25,,No
EMP12197,32,Female,Married,Research & Development,Research Scientist,Mid,Bachelor's,6,51361.0,4280,2.0,3,3,3,42.0,4,Yes,Yes,Frequently,2025-11-29,,No
EMP12198,43,Male,Married,IT,IT Manager,Lead,Bachelor's,16,124003.0,10334,3.0,3,2,3,32.0,2,Yes,Yes,Never,2010-12-03,2020-08-10,Yes
EMP12199,29,Male,Single,Human Resources,HR Executive,Mid,Bachelor's,7,53470.0,4456,3.0,4,3,3,57.0,5,No,No,Occasionally,2010-09-13,,No
EMP12200,38,Male,Married,Research & Development,Laboratory Technician,Senior,Bachelor's,12,73336.0,6111,3.0,4,1,3,6.0,1,No,No,Occasionally,2010-12-26,,No
EMP12201,34,Male,Married,Marketing,Marketing Manager,Senior,High School,9,85284.0,7107,4.0,3,4,4,45.0,4,No,No,Occasionally,2017-04-24,2022-03-16,Yes
EMP12202,37,Male,Married,Sales,Sales Representative,Lead,Master's,18,91366.0,7614,3.0,2,2,3,30.0,4,No,No,Occasionally,2015-08-29,,No
EMP12203,34,Male,Single,Research & Development,Research Scientist,Mid,Master's,7,44968.0,3747,3.0,3,3,2,40.0,2,Yes,No,Occasionally,2011-10-08,,No
EMP12204,40,Female,Divorced,Sales,Sales Executive,Lead,Bachelor's,18,99365.0,8280,3.0,3,1,3,30.0,3,Yes,No,Frequently,2011-12-13,,No
EMP12205,26,Male,Divorced,IT,Data Analyst,Entry,Bachelor's,1,46011.0,3834,1.0,2,2,3,20.0,5,Yes,No,Occasionally,2014-05-15,2019-12-11,Yes
EMP12206,27,Male,Married,Marketing,Marketing Executive,Mid,Master's,5,48075.0,4006,1.0,4,2,3,30.0,5,No,No,Occasionally,2020-11-02,,No
EMP12207,46,Female,Single,Research & Development,Research Scientist,Lead,Bachelor's,23,92589.0,7716,,2,4,4,32.0,1,No,No,Never,2022-04-26,,No
EMP12208,51,Male,Married,IT,IT Manager,Lead,Master's,30,107155.0,8930,2.0,4,1,3,38.0,2,No,Yes,Occasionally,2015-12-13,,No
EMP12209,34,Male,Single,Research & Development,Laboratory Technician,Senior,High School,10,72703.0,6059,4.0,3,3,3,42.0,8,No,No,Frequently,2018-11-26,,No
EMP12210,48,Male,Single,Marketing,Marketing Analyst,Lead,Bachelor's,21,104528.0,8711,3.0,4,2,2,53.0,2,No,No,Occasionally,2012-07-25,,No
EMP12211,28,Male,Married,IT,IT Manager,Mid,Master's,6,59898.0,4992,4.0,3,3,3,69.0,2,Yes,No,Frequently,2022-06-30,,No
EMP12212,30,Male,Divorced,IT,Data Analyst,Entry,Bachelor's,1,,3814,4.0,3,1,4,43.0,1,Yes,No,Occasionally,2011-11-09,2019-01-20,Yes
EMP12213,46,Male,Married,Sales,Sales Executive,Lead,Bachelor's,24,102816.0,8568,4.0,3,4,3,23.0,1,Yes,Yes,Frequently,2016-06-30,,No
EMP12214,40,Female,Married,Marketing,Marketing Executive,Lead,Master's,16,100921.0,8410,2.0,4,3,3,56.0,3,No,No,Occasionally,2017-05-27,2020-05-03,Yes
EMP12215,47,Male,Married,IT,IT Support,Lead,Master's,20,112327.0,9361,3.0,3,3,2,47.0,4,No,Yes,Occasionally,2011-07-05,,No
EMP12216,38,Male,Single,Research & Development,Research Director,Lead,Master's,15,106699.0,8892,2.0,4,2,3,24.0,1,No,No,Frequently,2024-07-27,,No
EMP12217,26,Female,Married,IT,Data Analyst,Mid,Bachelor's,7,54791.0,4566,4.0,2,3,3,43.0,1,No,Yes,Occasionally,2022-10-03,,No
EMP12218,36,Male,Married,Research & Development,Research Director,Lead,Bachelor's,20,93079.0,7757,4.0,2,3,3,54.0,2,No,No,Occasionally,2018-01-27,,No
EMP12219,44,Male,Married,IT,Software Engineer,Lead,Master's,20,108571.0,9048,2.0,2,2,3,27.0,3,No,No,Occasionally,2010-04-26,,No
EMP12220,33,Female,Married,Sales,Manager,Senior,PhD,12,81652.0,6804,2.0,4,2,3,32.0,4,No,No,Frequently,2010-03-24,,No
EMP12221,32,Female,Married,IT,Software Engineer,Senior,Master's,8,82448.0,6871,3.0,1,3,3,43.0,4,Yes,No,Never,2016-10-29,2023-05-24,Yes
EMP12222,38,Female,Married,Human Resources,HR Specialist,Senior,Master's,13,84707.0,7059,2.0,4,2,4,37.0,4,No,No,Frequently,2013-02-12,,No
EMP12223,30,Male,Married,Sales,Sales Representative,Senior,Bachelor's,8,79518.0,6626,4.0,3,2,3,14.0,5,No,No,Occasionally,2012-03-19,2019-10-02,Yes
EMP12224,36,Female,Single,Research & Development,Research Scientist,Senior,Master's,9,72305.0,6025,4.0,1,3,4,84.0,2,Yes,Yes,Occasionally,2021-05-17,,No
EMP12225,35,Male,Single,Sales,Manager,Mid,Master's,7,62283.0,5190,3.0,3,2,3,31.0,7,Yes,Yes,Never,2014-11-16,,No
EMP12226,30,Male,Divorced,Research & Development,Laboratory Technician,Senior,Master's,11,69917.0,5826,3.0,2,3,2,29.0,1,No,Yes,Occasionally,2013-06-10,,No
EMP12227,42,Male,Married,Research & Development,Laboratory Technician,Senior,Bachelor's,14,64274.0,5356,3.0,3,3,4,35.0,3,No,No,Frequently,2014-05-17,,No
EMP12228,39,Female,Married,Finance,Finance Manager,Senior,Master's,11,82409.0,6867,2.0,3,2,3,40.0,4,No,No,Occasionally,2015-06-09,,No
EMP12229,31,Male,Single,Research & Development,Research Director,Senior,High School,9,70513.0,5876,4.0,2,3,4,48.0,4,Yes,No,Occasionally,2023-06-11,,No
EMP12230,34,Female,Married,Research & Development,Research Scientist,Senior,Bachelor's,12,75603.0,6300,4.0,4,2,3,23.0,3,No,Yes,Occasionally,2022-03-12,,No
EMP12231,32,Female,Married,IT,IT Manager,Mid,Master's,6,51496.0,4291,1.0,3,3,3,64.0,3,No,No,Occasionally,2021-06-15,,No
EMP12232,29,Male,Single,Sales,Manager,Entry,Master's,0,32032.0,2669,2.0,3,4,4,16.0,2,Yes,No,Never,2018-08-03,,No
EMP12233,21,Female,Divorced,Marketing,Marketing Manager,Entry,Bachelor's,0,35394.0,2950,1.0,4,3,3,34.0,2,Yes,No,Occasionally,2022-09-05,,No
EMP12234,30,Male,Single,IT,IT Manager,Mid,Master's,7,63428.0,5286,4.0,1,3,3,56.0,2,Yes,Yes,Occasionally,2016-05-31,,No
EMP12235,29,Male,Single,Finance,Finance Manager,Mid,Bachelor's,4,48032.0,4003,2.0,3,3,4,54.0,5,No,No,Frequently,2012-12-19,,No
EMP12236,35,Male,Single,Finance,Financial Analyst,Senior,High School,12,70521.0,5877,3.0,3,4,3,5.0,1,No,No,Occasionally,2015-05-31,,No
EMP12237,38,Female,Single,IT,IT Manager,Senior,Bachelor's,13,85782.0,7148,2.0,3,3,4,41.0,2,No,No,Occasionally,2011-07-10,,No
EMP12238,28,Male,Married,Sales,Sales Executive,Mid,Master's,5,49343.0,4112,4.0,2,1,3,43.0,1,Yes,No,Occasionally,2023-04-06,2026-02-19,Yes
EMP12239,37,Female,Single,Sales,Sales Representative,Lead,Bachelor's,16,101103.0,8425,3.0,2,2,3,46.0,1,Yes,No,Frequently,2012-12-29,,No
EMP12240,26,Female,Married,Research & Development,Research Scientist,Entry,High School,0,31177.0,2598,2.0,3,4,3,31.0,1,Yes,No,Frequently,2018-02-19,2020-05-25,Yes
EMP12241,33,Female,Married,IT,Data Analyst,Mid,Master's,7,57807.0,4817,2.0,1,3,3,37.0,1,Yes,No,Frequently,2015-04-27,2019-04-29,Yes
EMP12242,29,Male,Married,Sales,Manager,Mid,Bachelor's,3,54618.0,4552,2.0,2,2,3,51.0,5,Yes,Yes,Occasionally,2020-10-30,,No
EMP12243,40,Male,Married,Finance,Accountant,Lead,Master's,16,112413.0,9368,3.0,2,2,3,55.0,4,No,Yes,Frequently,2025-06-27,2026-03-20,Yes
EMP12244,35,Male,Married,Marketing,Marketing Analyst,Senior,Master's,14,82887.0,6907,3.0,3,2,2,16.0,6,No,No,Never,2019-12-11,,No
EMP12245,33,Female,Single,IT,IT Manager,Mid,Master's,7,57192.0,4766,2.0,1,4,2,50.0,5,Yes,Yes,Never,2023-06-30,,No
EMP12246,29,Female,Divorced,Human Resources,HR Manager,Senior,Bachelor's,11,82970.0,6914,3.0,3,3,2,48.0,3,No,Yes,Occasionally,2010-05-18,,No
EMP12247,31,Female,Married,Sales,Sales Representative,Senior,Bachelor's,9,80113.0,6676,1.0,4,3,3,57.0,4,No,No,Frequently,2020-05-12,,No
EMP12248,49,Female,Single,IT,Software Engineer,Lead,Master's,21,118111.0,9843,4.0,3,3,3,26.0,2,Yes,No,Never,2012-06-24,,No
EMP12249,30,Male,Married,Finance,Financial Analyst,Mid,Bachelor's,6,48253.0,4021,2.0,4,1,3,50.0,6,Yes,No,Frequently,2021-03-05,2024-02-03,Yes
EMP12250,38,Female,Married,Sales,Sales Executive,Lead,High School,15,104279.0,8690,4.0,3,1,3,8.0,1,Yes,Yes,Never,2018-12-04,,No
EMP12251,33,Male,Married,Sales,Sales Executive,Senior,Bachelor's,11,89267.0,7439,3.0,3,3,3,35.0,2,No,No,Occasionally,2016-07-04,,No
EMP12252,38,Male,Single,Marketing,Marketing Analyst,Lead,High School,16,95402.0,7950,3.0,2,2,3,36.0,3,Yes,Yes,Frequently,2021-05-03,,No
EMP12253,41,Female,Single,Finance,Accountant,Lead,PhD,19,121541.0,10128,2.0,2,2,3,43.0,4,Yes,No,Frequently,2023-01-14,,No
EMP12254,31,Female,Single,IT,IT Support,Senior,Master's,8,95231.0,7936,1.0,2,2,3,55.0,1,Yes,No,Occasionally,2015-09-15,2023-10-05,Yes
EMP12255,40,Male,Single,IT,Data Analyst,Lead,Bachelor's,18,117124.0,9760,3.0,1,3,2,22.0,1,Yes,No,Occasionally,2020-03-15,,No
EMP12256,56,Male,Married,Human Resources,HR Specialist,Lead,Bachelor's,29,95573.0,7964,3.0,4,1,3,64.0,2,No,No,Never,2023-04-21,,No
EMP12257,39,Male,Married,Human Resources,HR Specialist,Lead,PhD,17,103484.0,8624,1.0,4,3,3,5.0,2,No,No,Never,2023-03-31,,No
EMP12258,47,Female,Single,Research & Development,Research Director,Lead,Bachelor's,23,110548.0,9212,4.0,2,4,3,12.0,1,No,No,Frequently,2022-03-05,2022-07-24,Yes
EMP12259,38,Male,Single,Research & Development,Research Scientist,Senior,Master's,13,66719.0,5560,3.0,3,2,2,59.0,3,Yes,No,Occasionally,2025-06-22,,No
EMP12260,27,Female,Single,Research & Development,Laboratory Technician,Entry,Bachelor's,2,36734.0,3061,2.0,3,2,3,44.0,4,No,No,Never,2017-06-19,,No
EMP12261,36,Male,Married,IT,IT Support,Senior,Master's,9,83756.0,6980,3.0,3,4,3,73.0,6,No,No,Occasionally,2020-08-20,,No
EMP12262,31,Male,Married,Finance,Finance Manager,Entry,Master's,1,32017.0,2668,4.0,3,3,4,56.0,1,Yes,No,Occasionally,2014-01-07,,No
EMP12263,29,Male,Single,IT,IT Manager,Mid,High School,4,51165.0,4264,2.0,2,4,3,42.0,5,No,Yes,Occasionally,2010-07-16,,No
EMP12264,33,Male,Single,Research & Development,Research Director,Senior,Bachelor's,9,86213.0,7184,3.0,3,2,4,33.0,6,Yes,Yes,Occasionally,2010-03-09,2021-07-13,Yes
EMP12265,33,Female,Married,Finance,Financial Analyst,Senior,Bachelor's,11,85437.0,7120,3.0,3,4,3,31.0,2,Yes,Yes,Never,2018-08-08,,No
EMP12266,26,Female,Divorced,Finance,Accountant,Entry,Master's,0,34845.0,2904,4.0,3,2,2,49.0,2,Yes,No,Frequently,2014-10-31,,No
EMP12267,56,Male,Married,Finance,Finance Manager,Lead,High School,34,109244.0,9104,2.0,3,4,3,32.0,2,Yes,No,Occasionally,2024-05-04,2026-03-26,Yes
EMP12268,40,Male,Single,IT,Software Engineer,Senior,Bachelor's,12,81125.0,6760,4.0,4,4,3,46.0,1,No,Yes,Occasionally,2017-10-17,,No
EMP12269,36,Female,Married,Research & Development,Research Director,Senior,Bachelor's,14,63346.0,5279,2.0,4,3,3,30.0,8,Yes,No,Never,2014-09-29,,No
EMP12270,35,Male,Married,Human Resources,HR Manager,Senior,Master's,11,85019.0,7085,3.0,3,3,3,46.0,3,No,Yes,Occasionally,2025-02-01,,No
EMP12271,44,Male,Married,Sales,Manager,Lead,Master's,15,106532.0,8878,2.0,1,4,3,70.0,4,Yes,No,Never,2019-02-14,,No
EMP12272,51,Male,Single,Research & Development,Research Director,Lead,Bachelor's,27,111681.0,9307,2.0,3,2,3,52.0,5,Yes,Yes,Occasionally,2018-12-17,,No
EMP12273,39,Female,Married,Research & Development,Research Director,Lead,Bachelor's,18,101820.0,8485,3.0,3,3,3,34.0,1,Yes,No,Frequently,2022-09-19,,No
EMP12274,35,Male,Married,Finance,Financial Analyst,Senior,High School,13,80645.0,6720,3.0,2,4,4,48.0,3,Yes,Yes,Occasionally,2021-07-15,,No
EMP12275,46,Male,Single,Marketing,Marketing Analyst,Lead,Bachelor's,27,107239.0,8937,2.0,3,1,3,47.0,1,No,No,Frequently,2011-05-29,,No
EMP12276,35,Female,Married,Finance,Accountant,Lead,Bachelor's,16,116218.0,9685,2.0,2,4,3,46.0,4,No,No,Never,2023-02-06,2023-06-05,Yes
EMP12277,37,Female,Single,IT,Data Analyst,Mid,Bachelor's,5,71551.0,5963,2.0,2,3,3,49.0,2,No,Yes,Never,2013-06-08,,No
EMP12278,42,Male,Married,Human Resources,HR Specialist,Lead,PhD,22,102559.0,8547,2.0,1,3,3,58.0,1,No,Yes,Occasionally,2020-07-23,,No
EMP12279,31,Male,Single,Finance,Financial Analyst,Mid,Bachelor's,6,53567.0,4464,2.0,2,1,3,61.0,2,No,No,Occasionally,2024-01-24,,No
EMP12280,21,Male,Divorced,Sales,Sales Executive,Entry,Master's,0,30280.0,2523,2.0,3,2,4,42.0,5,No,Yes,Occasionally,2025-05-17,,No
EMP12281,31,Male,Single,Research & Development,Research Scientist,Senior,Bachelor's,11,71826.0,5986,1.0,4,4,3,17.0,2,No,No,Never,2020-12-21,,No
EMP12282,40,Male,Single,Research & Development,Research Director,Lead,High School,15,123525.0,10294,3.0,3,2,3,44.0,2,No,Yes,Never,2016-06-12,,No
EMP12283,40,Female,Married,Research & Development,Research Director,Senior,Bachelor's,13,64229.0,5352,4.0,3,3,4,39.0,3,No,Yes,Never,2022-03-24,,No
EMP12284,45,Female,Married,Sales,Manager,Lead,Master's,27,123805.0,10317,2.0,4,4,4,52.0,2,No,Yes,Frequently,2014-02-04,,No
EMP12285,31,Female,Single,Sales,Sales Representative,Mid,Bachelor's,6,56471.0,4706,2.0,2,2,4,20.0,2,No,No,Occasionally,2025-04-12,,No
EMP12286,47,Male,Divorced,Research & Development,Research Director,Lead,Master's,22,104422.0,8702,3.0,1,3,4,51.0,4,No,No,Occasionally,2023-08-26,,No
EMP12287,35,Female,Single,Marketing,Marketing Analyst,Senior,Bachelor's,13,70137.0,5845,2.0,2,1,2,44.0,4,No,Yes,Occasionally,2019-12-09,,No
EMP12288,39,Male,Married,Research & Development,Research Director,Senior,Bachelor's,10,75717.0,6310,3.0,4,3,4,24.0,4,No,No,Occasionally,2025-01-06,,No
EMP12289,41,Male,Single,Research & Development,Laboratory Technician,Senior,Master's,13,72054.0,6004,4.0,3,3,4,5.0,2,No,No,Frequently,2022-11-27,,No
EMP12290,23,Female,Married,Sales,Manager,Entry,Bachelor's,2,41663.0,3472,3.0,1,3,3,58.0,4,No,Yes,Never,2019-09-04,,No
EMP12291,26,Female,Married,Finance,Finance Manager,Entry,Bachelor's,1,40417.0,3368,3.0,3,4,2,24.0,3,No,Yes,Occasionally,2010-08-03,,No
EMP12292,26,Male,Married,Research & Development,Research Scientist,Entry,High School,0,43696.0,3641,3.0,4,2,3,15.0,4,Yes,No,Occasionally,2025-08-28,,No
EMP12293,43,Male,Married,Sales,Manager,Lead,Master's,17,102967.0,8581,2.0,1,3,3,32.0,4,Yes,No,Never,2019-12-12,,No
EMP12294,32,Male,Married,Human Resources,HR Manager,Mid,Master's,4,,4416,3.0,3,3,3,63.0,3,No,No,Never,2019-07-05,,No
EMP12295,50,Female,Divorced,Sales,Sales Executive,Lead,High School,30,104318.0,8693,4.0,3,3,3,46.0,2,No,Yes,Occasionally,2020-05-01,,No
EMP12296,34,Female,Single,Sales,Sales Representative,Senior,Bachelor's,13,73383.0,6115,4.0,3,3,3,50.0,7,No,No,Never,2024-09-30,,No
EMP12297,22,Male,Single,Sales,Sales Executive,Mid,Master's,3,44797.0,3733,3.0,3,4,4,41.0,3,Yes,Yes,Never,2025-10-04,2026-08-29,Yes
EMP12298,29,Male,Married,Sales,Sales Executive,Senior,Master's,11,81036.0,6753,2.0,4,4,3,47.0,4,No,No,Occasionally,2025-05-14,,No
EMP12299,35,Male,Single,Sales,Sales Representative,Senior,Bachelor's,8,78387.0,6532,2.0,3,1,3,38.0,3,No,Yes,Occasionally,2021-09-07,,No
EMP12300,38,Male,Married,Research & Development,Research Director,Senior,Master's,11,75669.0,6306,1.0,3,3,4,34.0,4,Yes,No,Never,2014-10-21,,No
EMP12301,26,Female,Married,IT,Data Analyst,Mid,Bachelor's,4,62521.0,5210,4.0,2,3,3,30.0,2,No,No,Never,2012-03-14,,No
EMP12302,39,Female,Single,Human Resources,HR Manager,Lead,Bachelor's,16,102115.0,8510,2.0,2,4,3,36.0,4,Yes,No,Frequently,2025-01-18,,No
EMP12303,41,Male,Divorced,Human Resources,HR Manager,Lead,High School,17,105106.0,8759,2.0,3,1,3,85.0,4,Yes,No,Frequently,2022-01-29,2024-05-21,Yes
EMP12304,29,Male,Single,Research & Development,Laboratory Technician,Entry,Bachelor's,1,38034.0,3170,4.0,1,4,3,52.0,2,No,Yes,Occasionally,2022-07-03,,No
EMP12305,50,Male,Single,Marketing,Marketing Executive,Lead,Bachelor's,28,111991.0,9333,2.0,2,4,4,27.0,3,No,No,Frequently,2014-06-21,2015-10-14,Yes
EMP12306,30,Male,Single,Research & Development,Laboratory Technician,Mid,Master's,6,62697.0,5225,3.0,2,4,3,18.0,2,Yes,No,Frequently,2024-03-24,,No
EMP12307,26,Male,Single,Sales,Manager,Mid,Bachelor's,5,44233.0,3686,2.0,3,3,3,40.0,2,Yes,No,Occasionally,2018-12-30,,No
EMP12308,22,Male,Single,Finance,Accountant,Entry,Bachelor's,0,29262.0,2438,3.0,2,3,3,11.0,7,No,No,Occasionally,2014-01-18,,No
EMP12309,44,Male,Married,Sales,Sales Representative,Lead,High School,20,96937.0,8078,1.0,3,3,4,58.0,1,No,No,Frequently,2014-04-23,2023-01-18,Yes
EMP12310,34,Male,Married,Research & Development,Research Director,Lead,Master's,16,100463.0,8372,3.0,2,2,4,5.0,3,No,No,Occasionally,2014-05-20,,No
EMP12311,30,Female,Married,Human Resources,HR Executive,Entry,Master's,2,29654.0,2471,3.0,3,3,3,36.0,2,No,Yes,Occasionally,2014-02-13,2025-02-12,Yes
EMP12312,22,Male,Single,IT,Data Analyst,Entry,Bachelor's,2,42059.0,3505,3.0,3,3,3,10.0,3,No,No,Never,2012-05-03,,No
EMP12313,31,Female,Single,Research & Development,Research Director,Senior,Bachelor's,9,84152.0,7013,3.0,4,2,3,50.0,5,No,No,Occasionally,2016-08-27,,No
EMP12314,53,Female,Divorced,IT,IT Support,Lead,Bachelor's,33,109243.0,9104,4.0,3,3,4,28.0,3,No,Yes,Frequently,2025-01-24,,No
EMP12315,21,Female,Single,Marketing,Marketing Analyst,Entry,Bachelor's,0,36018.0,3002,2.0,4,1,3,55.0,4,No,Yes,Occasionally,2022-03-18,,No
EMP12316,29,Male,Divorced,Sales,Sales Executive,Senior,Bachelor's,8,84946.0,7079,4.0,1,2,3,5.0,4,Yes,No,Occasionally,2016-07-10,,No
EMP12317,48,Female,Married,Research & Development,Laboratory Technician,Lead,Bachelor's,23,101813.0,8484,2.0,3,3,3,62.0,1,No,Yes,Never,2016-05-23,,No
EMP12318,44,Male,Divorced,Research & Development,Research Scientist,Lead,Master's,17,103031.0,8586,2.0,1,2,4,48.0,3,Yes,No,Frequently,2018-02-19,,No
EMP12319,29,Female,Married,Research & Development,Research Scientist,Senior,Bachelor's,8,76463.0,6372,2.0,3,4,3,41.0,3,No,Yes,Occasionally,2022-02-05,,No
EMP12320,36,Female,Single,Research & Development,Research Scientist,Senior,Bachelor's,13,64271.0,5356,1.0,2,3,3,27.0,5,No,Yes,Occasionally,2012-03-11,,No
EMP12321,38,Male,Married,Marketing,Marketing Executive,Senior,Bachelor's,12,79579.0,6632,4.0,3,4,2,36.0,4,Yes,No,Occasionally,2025-09-07,,No
EMP12322,35,Male,Married,IT,Data Analyst,Senior,Bachelor's,10,74566.0,6214,2.0,3,2,3,55.0,5,Yes,No,Occasionally,2022-04-30,,No
EMP12323,48,Female,Single,Finance,Finance Manager,Lead,Bachelor's,25,114528.0,9544,2.0,4,4,3,27.0,4,No,No,Occasionally,2016-07-23,,No
EMP12324,37,Female,Married,Research & Development,Research Director,Senior,Bachelor's,12,72983.0,6082,3.0,2,4,3,40.0,1,No,No,Occasionally,2023-06-18,,No
EMP12325,43,Female,Single,IT,IT Manager,Lead,Master's,22,108427.0,9036,2.0,3,3,3,37.0,2,No,Yes,Occasionally,2011-02-25,,No
EMP12326,35,Female,Married,Marketing,Marketing Manager,Senior,Bachelor's,11,69149.0,5762,4.0,4,2,3,45.0,2,No,No,Frequently,2025-01-30,,No
EMP12327,21,Female,Married,IT,IT Support,Entry,Bachelor's,0,42787.0,3566,4.0,1,3,4,17.0,1,Yes,No,Never,2011-10-13,,No
EMP12328,24,Female,Single,Sales,Manager,Entry,Bachelor's,1,35741.0,2978,2.0,4,3,3,68.0,3,No,Yes,Never,2023-05-08,,No
EMP12329,26,Male,Single,Finance,Finance Manager,Entry,PhD,0,32814.0,2734,1.0,1,2,3,59.0,2,No,Yes,Never,2019-03-15,2021-07-14,Yes
EMP12330,32,Male,Single,Sales,Sales Representative,Mid,Bachelor's,4,64584.0,5382,2.0,4,4,4,10.0,2,Yes,No,Occasionally,2017-06-01,,No
EMP12331,51,Female,Single,Research & Development,Research Scientist,Lead,Master's,26,105240.0,8770,3.0,4,3,3,7.0,3,Yes,No,Occasionally,2013-12-04,,No
EMP12332,37,Male,Single,Sales,Manager,Senior,Bachelor's,11,75902.0,6325,2.0,4,3,3,67.0,2,No,No,Occasionally,2025-04-24,,No
EMP12333,33,Female,Single,Finance,Accountant,Mid,Bachelor's,6,56415.0,4701,3.0,3,3,2,43.0,6,No,No,Occasionally,2016-12-10,,No
EMP12334,44,Male,Single,Finance,Finance Manager,Lead,Master's,21,104238.0,8686,3.0,4,2,3,10.0,1,Yes,Yes,Occasionally,2018-07-04,,No
EMP12335,22,Female,Married,Sales,Manager,Entry,High School,0,25043.0,2087,3.0,2,2,3,33.0,5,Yes,No,Never,2024-03-10,2024-11-02,Yes
EMP12336,30,Male,Divorced,Research & Development,Research Scientist,Mid,Bachelor's,4,49385.0,4115,2.0,3,2,4,37.0,2,No,No,Occasionally,2024-04-30,,No
EMP12337,29,Male,Married,Research & Development,Research Scientist,Entry,Bachelor's,2,36438.0,3036,2.0,2,4,3,54.0,1,Yes,Yes,Frequently,2016-08-17,,No
EMP12338,37,Male,Single,Research & Development,Research Scientist,Lead,Master's,16,92041.0,7670,3.0,3,3,4,59.0,7,No,No,Frequently,2012-06-05,,No
EMP12339,41,Male,Single,Sales,Manager,Lead,Bachelor's,15,94503.0,7875,3.0,3,4,4,44.0,1,No,No,Frequently,2013-03-17,2014-12-26,Yes
EMP12340,38,Female,Married,Research & Development,Research Director,Senior,Bachelor's,14,71747.0,5979,2.0,1,4,3,39.0,4,Yes,No,Never,2020-05-05,2026-06-23,Yes
EMP12341,38,Male,Married,IT,IT Support,Senior,Bachelor's,14,70441.0,5870,3.0,4,1,3,33.0,2,Yes,No,Never,2022-11-26,,No
EMP12342,31,Female,Divorced,Sales,Sales Executive,Entry,Bachelor's,1,24000.0,2000,3.0,3,2,3,67.0,2,No,No,Never,2017-09-15,,No
EMP12343,37,Male,Single,Sales,Sales Representative,Lead,Bachelor's,15,110666.0,9222,2.0,4,4,4,34.0,1,No,No,Frequently,2010-08-31,,No
EMP12344,27,Male,Married,Research & Development,Research Director,Entry,Bachelor's,0,28932.0,2411,4.0,4,3,3,51.0,1,Yes,Yes,Frequently,2012-06-26,,No
EMP12345,39,Male,Married,Marketing,Marketing Manager,Lead,Bachelor's,17,99079.0,8257,3.0,3,3,3,23.0,4,No,No,Occasionally,2011-06-28,,No
EMP12346,30,Male,Divorced,Finance,Finance Manager,Mid,Bachelor's,5,56980.0,4748,,1,3,3,19.0,2,No,No,Occasionally,2021-06-24,,No
EMP12347,25,Male,Married,Finance,Accountant,Entry,Bachelor's,0,36805.0,3067,4.0,3,4,3,45.0,3,Yes,Yes,Occasionally,2010-10-31,2016-01-01,Yes
EMP12348,34,Male,Married,Research & Development,Research Director,Senior,Bachelor's,13,84152.0,7013,3.0,2,3,2,35.0,4,No,Yes,Occasionally,2023-12-05,,No
EMP12349,21,Female,Married,Finance,Accountant,Entry,Master's,0,24000.0,2000,3.0,2,4,3,17.0,3,Yes,Yes,Occasionally,2015-07-10,,No
EMP12350,46,Female,Married,Sales,Manager,Lead,PhD,23,98515.0,8210,3.0,2,4,3,36.0,8,No,No,Frequently,2013-04-25,,No
EMP12351,40,Female,Single,Finance,Accountant,Lead,Master's,17,104821.0,8735,3.0,3,3,4,87.0,5,No,No,Occasionally,2024-10-09,,No
EMP12352,37,Female,Single,Marketing,Marketing Manager,Senior,Bachelor's,13,78738.0,6562,1.0,2,3,2,41.0,1,No,No,Never,2012-05-18,,No
EMP12353,21,Male,Married,Finance,Financial Analyst,Entry,Master's,0,56243.0,4687,2.0,3,3,3,37.0,4,No,No,Occasionally,2014-04-25,,No
EMP12354,28,Male,Single,IT,Software Engineer,Mid,Master's,6,63105.0,5259,2.0,3,2,3,37.0,5,Yes,Yes,Occasionally,2010-04-29,,No
EMP12355,34,Male,Married,IT,Software Engineer,Lead,Bachelor's,15,110139.0,9178,3.0,1,3,4,64.0,6,Yes,Yes,Occasionally,2023-11-01,,No
EMP12356,32,Male,Divorced,Sales,Sales Executive,Senior,Bachelor's,8,67507.0,5626,3.0,3,1,3,39.0,1,No,No,Never,2014-05-11,,No
EMP12357,21,Female,Married,Marketing,Marketing Manager,Entry,High School,0,24000.0,2000,3.0,3,4,3,46.0,1,No,No,Occasionally,2018-11-10,,No
EMP12358,23,Female,Married,Sales,Sales Executive,Entry,Master's,0,38322.0,3194,3.0,4,3,3,55.0,1,No,No,Never,2010-07-23,,No
EMP12359,32,Female,Married,Human Resources,HR Specialist,Senior,Bachelor's,8,70437.0,5870,1.0,2,4,3,65.0,1,Yes,No,Frequently,2017-01-09,,No
EMP12360,24,Female,Married,Sales,Sales Executive,Entry,High School,0,29521.0,2460,2.0,3,2,3,29.0,2,Yes,No,Occasionally,2011-07-12,,No
EMP12361,45,Male,Divorced,Sales,Sales Executive,Lead,Bachelor's,22,116601.0,9717,2.0,3,4,3,25.0,2,Yes,No,Occasionally,2025-12-24,,No
EMP12362,38,Male,Married,Research & Development,Research Scientist,Lead,Master's,20,92998.0,7750,2.0,4,3,3,29.0,8,No,Yes,Never,2020-02-20,,No
EMP12363,28,Male,Married,Research & Development,Research Director,Entry,Bachelor's,2,33893.0,2824,3.0,3,4,3,54.0,3,No,No,Never,2016-09-19,,No
EMP12364,43,Other,Single,Research & Development,Research Scientist,Lead,Master's,15,98675.0,8223,3.0,3,2,3,56.0,1,Yes,No,Frequently,2010-12-21,2014-11-03,Yes
EMP12365,42,Female,Single,Human Resources,HR Specialist,Lead,Master's,18,116454.0,9704,2.0,2,3,3,46.0,1,Yes,No,Occasionally,2018-08-21,,No
EMP12366,36,Female,Single,Sales,Sales Executive,Senior,Bachelor's,13,69430.0,5786,4.0,1,3,4,60.0,4,No,No,Never,2013-03-20,,No
EMP12367,34,Male,Single,Sales,Sales Executive,Lead,Bachelor's,15,109682.0,9140,4.0,2,3,3,56.0,2,No,Yes,Frequently,2015-12-02,2024-07-08,Yes
EMP12368,32,Male,Married,Human Resources,HR Executive,Senior,Bachelor's,9,63343.0,5279,2.0,3,2,3,31.0,3,No,Yes,Frequently,2014-05-19,,No
EMP12369,30,Male,Married,Research & Development,Laboratory Technician,Senior,Master's,8,86873.0,7239,3.0,3,4,3,15.0,2,Yes,No,Occasionally,2011-08-31,,No
EMP12370,23,Female,Single,IT,Software Engineer,Entry,Master's,0,45438.0,3786,1.0,2,1,3,34.0,3,No,No,Occasionally,2024-06-27,,No
EMP12371,46,Male,Divorced,Finance,Accountant,Lead,Master's,20,105107.0,8759,3.0,3,2,3,52.0,4,Yes,No,Never,2010-01-11,,No
EMP12372,30,Male,Married,IT,Data Analyst,Mid,Bachelor's,4,61751.0,5146,2.0,2,3,3,51.0,3,Yes,No,Occasionally,2014-05-23,2018-01-30,Yes
EMP12373,34,Male,Married,Finance,Financial Analyst,Mid,Bachelor's,4,62701.0,5225,3.0,3,4,3,10.0,2,Yes,No,Never,2010-11-13,,No
EMP12374,27,Female,Married,Research & Development,Laboratory Technician,Entry,High School,2,33070.0,2756,3.0,4,3,4,5.0,6,No,Yes,Frequently,2017-03-20,,No
EMP12375,32,Male,Married,Finance,Finance Manager,Senior,Bachelor's,9,77280.0,6440,4.0,4,3,4,54.0,2,Yes,Yes,Occasionally,2019-12-19,,No
EMP12376,57,Female,Single,Research & Development,Research Scientist,Lead,Master's,35,104313.0,8693,3.0,2,3,3,55.0,2,No,No,Never,2023-02-08,,No
EMP12377,28,Male,Married,Research & Development,Research Scientist,Entry,Bachelor's,1,32770.0,2731,1.0,3,4,3,48.0,4,No,Yes,Never,2021-05-21,,No
EMP12378,46,Male,Single,IT,Data Analyst,Lead,Bachelor's,22,112394.0,9366,3.0,4,1,3,58.0,6,Yes,Yes,Occasionally,2021-03-29,,No
EMP12379,34,Male,Married,Research & Development,Laboratory Technician,Mid,High School,4,55042.0,4587,3.0,3,1,3,46.0,8,No,Yes,Never,2022-07-31,,No
EMP12380,39,Female,Single,IT,Software Engineer,Lead,Bachelor's,15,104851.0,8738,3.0,3,1,3,18.0,2,No,No,Frequently,2018-04-20,,No
EMP12381,44,Female,Married,IT,IT Support,Lead,Bachelor's,23,107463.0,8955,4.0,3,3,3,36.0,1,Yes,No,Never,2018-02-14,,No
EMP12382,36,Male,Single,IT,Data Analyst,Senior,Bachelor's,14,80269.0,6689,4.0,3,3,4,41.0,4,Yes,No,Occasionally,2025-06-03,,No
EMP12383,31,Male,Married,Marketing,Marketing Analyst,Senior,Master's,9,79297.0,6608,3.0,3,3,3,32.0,3,Yes,No,Occasionally,2025-07-20,,No
EMP12384,33,Female,Single,Research & Development,Research Director,Senior,Bachelor's,11,65304.0,5442,2.0,2,3,2,31.0,1,Yes,Yes,Occasionally,2020-11-15,,No
EMP12385,33,Female,Divorced,Research & Development,Research Director,Mid,Bachelor's,4,53077.0,4423,1.0,3,2,3,40.0,1,No,No,Occasionally,2016-01-29,,No
EMP12386,49,Male,Married,Finance,Financial Analyst,Lead,Bachelor's,24,114465.0,9539,4.0,4,2,3,27.0,2,No,No,Never,2021-11-11,,No
EMP12387,22,Male,Single,Research & Development,Research Director,Entry,Master's,0,32339.0,2695,4.0,4,2,3,5.0,3,Yes,No,Occasionally,2013-02-14,2024-01-05,Yes
EMP12388,21,Female,Married,Finance,Financial Analyst,Entry,Bachelor's,1,36526.0,3044,2.0,2,2,4,44.0,5,No,Yes,Occasionally,2020-09-11,,No
EMP12389,21,Female,Married,IT,IT Manager,Entry,Master's,0,36882.0,3074,3.0,3,2,3,64.0,7,No,No,Never,2010-08-28,,No
EMP12390,27,Female,Single,Finance,Finance Manager,Mid,Master's,4,56436.0,4703,3.0,1,3,2,5.0,6,No,No,Occasionally,2016-08-30,,No
EMP12391,40,Female,Single,Research & Development,Laboratory Technician,Senior,Bachelor's,13,72912.0,6076,3.0,4,3,3,45.0,4,No,No,Occasionally,2014-06-29,,No
EMP12392,40,Male,Single,Sales,Sales Executive,Lead,Bachelor's,18,103835.0,8653,4.0,1,3,3,24.0,2,No,No,Never,2022-10-10,,No
EMP12393,29,Female,Married,Research & Development,Research Scientist,Entry,Bachelor's,0,28908.0,2409,1.0,3,3,3,54.0,7,No,No,Never,2020-07-12,,No
EMP12394,34,Male,Single,Sales,Sales Executive,Mid,Master's,5,50744.0,4229,4.0,1,2,3,49.0,3,Yes,No,Never,2010-06-19,,No
EMP12395,25,Female,Single,IT,IT Support,Entry,Bachelor's,0,36777.0,3065,2.0,3,3,2,61.0,3,No,No,Never,2014-12-14,2019-01-13,Yes
EMP12396,26,Female,Married,Research & Development,Laboratory Technician,Mid,Bachelor's,3,43732.0,3644,3.0,2,3,3,27.0,3,No,No,Frequently,2011-02-25,,No
EMP12397,39,Male,Single,Sales,Sales Executive,Lead,Bachelor's,20,94461.0,7872,3.0,3,4,3,43.0,2,No,No,Frequently,2015-05-18,,No
EMP12398,42,Female,Single,Sales,Sales Executive,Lead,Master's,15,105555.0,8796,3.0,3,4,3,87.0,4,No,No,Never,2012-11-12,,No
EMP12399,30,Female,Divorced,Finance,Financial Analyst,Senior,Master's,14,84227.0,7019,3.0,3,3,3,46.0,4,No,No,Occasionally,2016-06-01,,No
EMP12400,47,Female,Married,Finance,Financial Analyst,Lead,Bachelor's,21,119880.0,9990,3.0,2,3,3,55.0,5,Yes,No,Frequently,2018-12-29,,No
EMP12401,42,Male,Single,Research & Development,Laboratory Technician,Lead,Bachelor's,24,112683.0,9390,3.0,1,2,3,67.0,3,No,Yes,Occasionally,2020-04-13,,No
EMP12402,47,Male,Single,Sales,Manager,Lead,Master's,25,111330.0,9278,3.0,2,3,2,26.0,4,No,No,Occasionally,2018-11-05,,No
EMP12403,32,Female,Married,Research & Development,Laboratory Technician,Senior,Master's,10,77605.0,6467,2.0,3,4,3,6.0,3,No,No,Frequently,2025-08-17,,No
EMP12404,46,Female,Single,Research & Development,Research Scientist,Lead,Bachelor's,25,105835.0,8820,4.0,3,3,4,11.0,4,Yes,No,Occasionally,2016-03-18,2019-05-15,Yes
EMP12405,51,Male,Divorced,Finance,Accountant,Lead,High School,23,103476.0,8623,1.0,1,2,3,21.0,3,No,No,Frequently,2016-03-31,,No
EMP12406,31,Male,Married,Finance,Financial Analyst,Mid,Master's,6,49684.0,4140,3.0,3,3,3,34.0,5,Yes,Yes,Never,2023-09-14,,No
EMP12407,33,Male,Divorced,Research & Development,Research Director,Senior,Bachelor's,10,77334.0,6444,1.0,1,4,3,51.0,1,Yes,Yes,Frequently,2011-04-19,,No
EMP12408,26,Male,Married,Sales,Manager,Entry,High School,0,26155.0,2180,3.0,3,2,3,59.0,1,Yes,No,Frequently,2022-07-13,2025-08-26,Yes
EMP12409,25,Female,Married,Marketing,Marketing Manager,Mid,Master's,6,51366.0,4280,2.0,4,3,3,23.0,1,Yes,Yes,Frequently,2024-04-14,,No
EMP12410,25,Female,Married,Research & Development,Research Scientist,Mid,Bachelor's,6,34516.0,2876,4.0,2,3,4,81.0,3,No,No,Never,2020-04-16,,No
EMP12411,28,Female,Married,Finance,Accountant,Mid,Master's,4,59270.0,4939,1.0,3,2,2,65.0,5,No,No,Occasionally,2023-05-06,,No
EMP12412,36,Female,Married,Sales,Manager,Senior,Bachelor's,11,68757.0,5730,2.0,3,3,4,33.0,4,No,Yes,Occasionally,2016-02-19,,No
EMP12413,28,Male,Single,Research & Development,Research Scientist,Mid,Master's,6,42006.0,3500,3.0,3,3,4,85.0,5,No,Yes,Occasionally,2022-02-01,,No
EMP12414,36,Female,Married,Sales,Sales Executive,Senior,Bachelor's,13,81057.0,6755,2.0,3,2,4,53.0,4,No,No,Never,2025-11-06,,No
EMP12415,36,Female,Single,Human Resources,HR Specialist,Lead,Master's,17,111742.0,9312,4.0,3,3,3,41.0,2,No,No,Never,2016-10-21,,No
EMP12416,30,Other,Married,Marketing,Marketing Manager,Senior,Bachelor's,12,75409.0,6284,4.0,2,3,3,25.0,1,No,Yes,Occasionally,2011-09-30,,No
EMP12417,33,Male,Married,Research & Development,Research Scientist,Mid,High School,7,46980.0,3915,3.0,3,1,3,22.0,1,Yes,Yes,Occasionally,2021-06-13,,No
EMP12418,30,Male,Divorced,Sales,Sales Representative,Entry,Bachelor's,2,37028.0,3086,2.0,3,4,2,59.0,2,No,No,Occasionally,2025-08-06,2025-10-30,Yes
EMP12419,32,Male,Married,Sales,Manager,Senior,Master's,11,70617.0,5885,2.0,4,2,3,44.0,6,No,Yes,Never,2016-04-15,,No
EMP12420,28,Female,Married,Research & Development,Laboratory Technician,Mid,Bachelor's,4,50897.0,4241,2.0,3,3,4,50.0,5,Yes,Yes,Occasionally,2023-05-05,2025-05-12,Yes
EMP12421,35,Male,Single,Sales,Sales Representative,Senior,Bachelor's,11,85438.0,7120,2.0,3,2,4,22.0,3,Yes,No,Frequently,2021-04-11,,No
EMP12422,29,Female,Single,Sales,Sales Executive,Mid,Bachelor's,5,54627.0,4552,1.0,3,3,3,52.0,2,No,No,Never,2018-02-25,,No
EMP12423,25,Female,Divorced,IT,Software Engineer,Mid,High School,3,58677.0,4890,4.0,3,3,3,43.0,3,Yes,Yes,Never,2014-04-01,,No
EMP12424,39,Male,Married,Research & Development,Research Scientist,Lead,Bachelor's,15,103069.0,8589,3.0,3,3,3,22.0,4,No,Yes,Occasionally,2019-02-01,,No
EMP12425,39,Female,Married,Research & Development,Laboratory Technician,Lead,PhD,19,105307.0,8776,2.0,4,4,3,16.0,2,No,Yes,Occasionally,2025-05-30,,No
EMP12426,43,Female,Single,Marketing,Marketing Executive,Lead,Bachelor's,19,106862.0,8905,2.0,4,4,3,43.0,1,Yes,No,Never,2024-09-01,,No
EMP12427,26,Female,Married,Sales,Sales Representative,Mid,Bachelor's,4,44121.0,3677,3.0,2,3,4,54.0,1,Yes,No,Occasionally,2011-12-03,,No
EMP12428,30,Male,Divorced,Marketing,Marketing Analyst,Mid,PhD,4,60458.0,5038,2.0,2,1,3,61.0,1,No,Yes,Occasionally,2018-05-30,,No
EMP12429,36,Male,Single,Research & Development,Research Scientist,Mid,Master's,7,48793.0,4066,4.0,3,3,4,46.0,8,Yes,No,Occasionally,2011-12-28,,No
EMP12430,30,Male,Married,IT,IT Manager,Mid,Master's,5,57568.0,4797,2.0,3,3,3,27.0,1,Yes,No,Occasionally,2017-03-09,,No
EMP12431,39,Male,Married,Finance,Finance Manager,Senior,Bachelor's,11,85695.0,7141,4.0,3,2,3,42.0,4,No,No,Never,2025-11-29,,No
EMP12432,38,Female,Single,IT,IT Support,Senior,Bachelor's,14,82010.0,6834,3.0,3,1,4,48.0,4,No,Yes,Occasionally,2017-04-26,,No
EMP12433,38,Other,Married,Marketing,Marketing Manager,Senior,Bachelor's,14,82167.0,6847,4.0,3,2,4,28.0,2,No,No,Occasionally,2025-10-31,,No
EMP12434,46,Female,Single,Research & Development,Laboratory Technician,Lead,Bachelor's,24,104671.0,8723,1.0,2,2,4,34.0,2,Yes,No,Frequently,2018-07-07,,No
EMP12435,39,Male,Single,Marketing,Marketing Analyst,Lead,Master's,15,105695.0,8808,1.0,3,3,3,43.0,4,No,Yes,Occasionally,2012-06-08,,No
EMP12436,35,Male,Married,Research & Development,Laboratory Technician,Senior,Bachelor's,12,77508.0,6459,3.0,2,3,4,46.0,3,No,Yes,Frequently,2020-12-21,,No
EMP12437,32,Female,Married,Research & Development,Research Scientist,Mid,High School,4,54617.0,4551,4.0,3,3,3,19.0,2,No,Yes,Occasionally,2012-02-15,,No
EMP12438,33,Female,Single,Research & Development,Laboratory Technician,Mid,Master's,6,55917.0,4660,3.0,4,4,4,32.0,3,Yes,No,Occasionally,2020-08-07,2021-03-26,Yes
EMP12439,25,Male,Divorced,Human Resources,HR Executive,Entry,Bachelor's,0,39364.0,3280,3.0,2,2,4,45.0,5,No,Yes,Occasionally,2014-04-25,,No
EMP12440,21,Male,Single,Sales,Sales Executive,Entry,Master's,0,38948.0,3246,1.0,2,2,3,51.0,2,No,Yes,Never,2014-09-26,2019-01-21,Yes
EMP12441,38,Female,Divorced,Human Resources,HR Manager,Lead,Bachelor's,17,99447.0,8287,2.0,1,3,4,45.0,1,Yes,Yes,Occasionally,2022-05-25,,No
EMP12442,44,Male,Married,Human Resources,HR Manager,Lead,High School,16,115179.0,9598,2.0,3,4,3,47.0,4,No,No,Frequently,2019-02-23,,No
EMP12443,31,Male,Married,IT,IT Manager,Mid,Bachelor's,6,47096.0,3925,3.0,2,3,4,47.0,1,Yes,No,Occasionally,2015-12-11,2022-11-23,Yes
EMP12444,47,Male,Single,IT,IT Support,Lead,Bachelor's,23,107582.0,8965,2.0,3,3,3,27.0,1,Yes,Yes,Frequently,2014-09-06,2023-05-21,Yes
EMP12445,33,Male,Single,Research & Development,Research Scientist,Mid,Bachelor's,7,51035.0,4253,2.0,3,4,3,67.0,3,No,Yes,Never,2017-03-15,,No
EMP12446,21,Male,Single,Research & Development,Research Scientist,Entry,Bachelor's,0,24000.0,2000,3.0,2,3,2,35.0,2,No,No,Occasionally,2010-01-03,,No
EMP12447,41,Male,Married,Research & Development,Research Scientist,Lead,Bachelor's,15,106959.0,8913,4.0,3,3,2,28.0,5,No,No,Occasionally,2023-07-20,,No
EMP12448,30,Male,Single,Sales,Sales Representative,Mid,Bachelor's,3,57179.0,4765,3.0,4,4,4,16.0,4,No,No,Occasionally,2024-03-19,,No
EMP12449,42,Female,Single,Sales,Sales Executive,Lead,Bachelor's,18,100012.0,8334,3.0,2,1,3,33.0,4,No,No,Occasionally,2021-01-15,2025-07-08,Yes
EMP12450,24,Female,Married,Research & Development,Research Director,Entry,Bachelor's,2,35244.0,2937,4.0,4,4,4,30.0,3,No,No,Frequently,2021-08-11,,No
EMP12451,37,Male,Single,Research & Development,Research Director,Lead,Bachelor's,18,110858.0,9238,2.0,2,2,3,35.0,5,No,No,Occasionally,2013-08-01,,No
EMP12452,28,Female,Married,Marketing,Marketing Executive,Senior,Bachelor's,8,62451.0,5204,1.0,2,4,3,48.0,2,No,Yes,Occasionally,2015-10-21,,No
EMP12453,36,Male,Single,Human Resources,HR Executive,Lead,Bachelor's,20,106220.0,8852,3.0,3,2,3,63.0,5,No,No,Occasionally,2015-05-12,2015-12-31,Yes
EMP12454,40,Male,Married,Research & Development,Research Director,Senior,High School,13,78613.0,6551,3.0,2,3,2,57.0,6,No,No,Occasionally,2024-02-19,,No
EMP12455,38,Male,Married,Finance,Financial Analyst,Senior,Bachelor's,12,73580.0,6132,3.0,1,4,3,6.0,5,No,No,Never,2013-05-08,,No
EMP12456,35,Female,Married,Sales,Manager,Senior,Bachelor's,14,67635.0,5636,2.0,2,2,3,60.0,2,Yes,Yes,Occasionally,2017-09-24,,No
EMP12457,23,Male,Single,Research & Development,Laboratory Technician,Entry,Bachelor's,1,27186.0,2266,3.0,4,3,4,51.0,3,No,No,Occasionally,2022-05-02,2023-06-17,Yes
EMP12458,40,Male,Single,Finance,Finance Manager,Lead,PhD,15,107691.0,8974,3.0,2,3,3,74.0,6,No,No,Occasionally,2022-03-16,2025-01-24,Yes
EMP12459,42,Female,Single,Research & Development,Laboratory Technician,Lead,Bachelor's,20,99745.0,8312,2.0,3,1,3,31.0,5,Yes,Yes,Frequently,2025-05-23,2026-04-06,Yes
EMP12460,26,Male,Single,Research & Development,Research Scientist,Entry,Bachelor's,0,35889.0,2991,3.0,3,4,4,24.0,1,Yes,No,Frequently,2024-05-10,,No
EMP12461,27,Female,Single,Marketing,Marketing Executive,Entry,Master's,2,34983.0,2915,2.0,2,2,3,58.0,2,Yes,No,Occasionally,2016-06-16,,No
EMP12462,43,Female,Married,IT,IT Manager,Lead,Master's,21,114631.0,9553,4.0,2,4,3,56.0,4,Yes,Yes,Never,2016-01-30,,No
EMP12463,32,Female,Married,Finance,Accountant,Mid,Master's,4,64807.0,5401,4.0,2,3,4,30.0,5,No,No,Occasionally,2016-11-27,2018-02-27,Yes
EMP12464,27,Male,Married,Human Resources,HR Executive,Entry,High School,2,36518.0,3043,4.0,1,4,3,37.0,2,No,No,Never,2024-08-08,2026-09-29,Yes
EMP12465,36,Male,Married,Finance,Accountant,Senior,Bachelor's,13,81984.0,6832,4.0,2,3,3,51.0,7,Yes,Yes,Occasionally,2024-09-08,,No
EMP12466,29,Other,Married,Sales,Sales Executive,Senior,Master's,12,67428.0,5619,2.0,2,3,3,48.0,1,Yes,No,Frequently,2012-12-13,,No
EMP12467,35,Female,Divorced,Research & Development,Research Director,Senior,Master's,12,84102.0,7008,4.0,2,4,3,,1,Yes,No,Frequently,2013-01-30,2019-07-25,Yes
EMP12468,31,Female,Married,Sales,Sales Executive,Senior,Bachelor's,8,84867.0,7072,3.0,1,1,3,44.0,2,No,No,Occasionally,2025-05-18,2026-03-28,Yes
EMP12469,31,Male,Married,Research & Development,Research Director,Mid,High School,6,49696.0,4141,3.0,3,4,3,27.0,3,No,No,Frequently,2022-09-06,,No
EMP12470,43,Male,Divorced,Human Resources,HR Manager,Lead,PhD,22,99335.0,8278,2.0,2,3,3,38.0,2,No,No,Frequently,2014-12-30,,No
EMP12471,21,Male,Divorced,Research & Development,Laboratory Technician,Entry,Bachelor's,1,37282.0,3107,4.0,4,2,3,17.0,4,No,No,Occasionally,2023-06-05,,No
EMP12472,38,Male,Married,Marketing,Marketing Executive,Senior,Bachelor's,12,63258.0,5272,1.0,2,3,3,42.0,1,Yes,No,Occasionally,2021-08-23,,No
EMP12473,42,Male,Married,Marketing,Marketing Analyst,Lead,Bachelor's,22,107788.0,8982,2.0,3,3,4,17.0,3,No,Yes,Occasionally,2013-07-19,,No
EMP12474,29,Male,Married,IT,Software Engineer,Mid,Bachelor's,5,69478.0,5790,4.0,4,3,3,22.0,2,No,No,Never,2015-03-30,,No
EMP12475,42,Female,Married,Human Resources,HR Manager,Lead,Bachelor's,24,102332.0,8528,3.0,1,2,3,99.0,1,No,No,Occasionally,2022-05-10,,No
EMP12476,26,Male,Divorced,IT,IT Support,Senior,Bachelor's,8,84695.0,7058,3.0,3,2,3,8.0,5,No,No,Occasionally,2013-07-02,2026-08-30,Yes
EMP12477,29,Male,Single,Sales,Sales Executive,Senior,PhD,9,76707.0,6392,3.0,3,2,3,60.0,3,Yes,No,Occasionally,2013-03-26,,No
EMP12478,28,Male,Married,IT,Software Engineer,Senior,Bachelor's,8,90303.0,7525,2.0,4,2,3,47.0,3,No,No,Frequently,2024-11-07,,No
EMP12479,42,Male,Married,Sales,Sales Representative,Lead,Bachelor's,22,105743.0,8812,3.0,3,2,4,47.0,2,No,Yes,Occasionally,2018-09-16,,No
EMP12480,21,Male,Single,IT,Software Engineer,Mid,Master's,3,56601.0,4717,1.0,2,3,3,23.0,1,Yes,No,Never,2017-07-16,,No
EMP12481,47,Male,Married,Research & Development,Research Scientist,Lead,Bachelor's,19,94366.0,7864,4.0,3,3,3,55.0,1,Yes,No,Occasionally,2015-08-15,,No
EMP12482,32,Male,Married,IT,IT Manager,Senior,Bachelor's,8,83660.0,6972,3.0,3,4,3,9.0,4,Yes,No,Never,2013-12-31,,No
EMP12483,39,Female,Single,Marketing,Marketing Executive,Lead,Bachelor's,15,104511.0,8709,4.0,2,3,3,33.0,2,Yes,Yes,Occasionally,2014-04-29,,No
EMP12484,38,Male,Divorced,Sales,Sales Representative,Lead,High School,16,90758.0,7563,3.0,4,2,4,42.0,6,No,No,Frequently,2024-09-02,,No
EMP12485,35,Female,Married,Research & Development,Research Scientist,Senior,Bachelor's,12,68954.0,5746,3.0,3,1,4,72.0,5,No,No,Never,2024-05-21,,No
EMP12486,29,Female,Married,Marketing,Marketing Manager,Entry,Master's,1,27817.0,2318,,1,3,3,54.0,1,No,No,Occasionally,2023-12-05,,No
EMP12487,44,Female,Married,Research & Development,Laboratory Technician,Lead,Master's,22,100818.0,8402,2.0,4,4,3,34.0,2,Yes,No,Occasionally,2017-01-03,,No
EMP12488,30,Male,Divorced,IT,Data Analyst,Mid,Master's,4,58802.0,4900,2.0,3,3,3,37.0,5,No,Yes,Occasionally,2022-10-22,,No
EMP12489,28,Male,Married,Finance,Finance Manager,Entry,High School,2,35232.0,2936,4.0,3,3,4,52.0,4,Yes,Yes,Frequently,2017-03-23,,No
EMP12490,41,Female,Married,Research & Development,Research Director,Lead,Bachelor's,17,104561.0,8713,2.0,3,2,2,20.0,3,No,Yes,Occasionally,2020-01-31,,No
EMP12491,35,Female,Married,Research & Development,Research Director,Senior,High School,12,91817.0,7651,3.0,4,3,3,62.0,1,No,No,Occasionally,2011-07-20,,No
EMP12492,45,Female,Single,Sales,Sales Executive,Lead,Bachelor's,24,101910.0,8492,1.0,3,3,3,40.0,6,No,Yes,Occasionally,2013-05-09,2021-11-05,Yes
EMP12493,33,Male,Married,IT,IT Support,Senior,Bachelor's,10,76914.0,6410,1.0,3,2,2,26.0,2,No,No,Occasionally,2018-12-02,,No
EMP12494,29,Female,Divorced,Research & Development,Research Scientist,Senior,Master's,10,86969.0,7247,3.0,4,3,3,17.0,3,Yes,Yes,Frequently,2020-03-17,,No
EMP12495,36,Female,Married,Human Resources,HR Specialist,Lead,High School,17,115248.0,9604,4.0,2,2,3,5.0,1,No,No,Occasionally,2025-09-27,,No
EMP12496,30,Female,Single,Research & Development,Laboratory Technician,Mid,High School,4,44424.0,3702,3.0,1,3,3,74.0,1,No,No,Occasionally,2014-06-11,,No
EMP12497,29,Male,Single,Human Resources,HR Manager,Mid,Bachelor's,7,60494.0,5041,2.0,3,3,3,8.0,1,Yes,No,Occasionally,2013-08-18,,No
EMP12498,41,Male,Divorced,IT,Software Engineer,Lead,Bachelor's,20,99073.0,8256,1.0,3,3,3,51.0,3,No,Yes,Never,2014-02-09,,No
EMP12499,49,Male,Married,Marketing,Marketing Manager,Lead,Master's,26,125093.0,10424,4.0,3,3,4,50.0,2,No,No,Never,2020-02-04,,No
EMP12500,32,Male,Married,Research & Development,Research Director,Mid,Master's,7,64480.0,5373,3.0,3,3,3,33.0,4,No,No,Occasionally,2019-08-02,,No
EMP12501,26,Female,Married,IT,Software Engineer,Senior,High School,9,86724.0,7227,4.0,3,4,4,40.0,1,No,No,Never,2022-03-20,,No
EMP12502,33,Female,Single,IT,IT Support,Mid,Bachelor's,7,65010.0,5418,1.0,3,3,3,35.0,3,No,Yes,Occasionally,2018-07-31,,No
EMP12503,38,Female,Married,Human Resources,HR Specialist,Senior,PhD,9,79106.0,6592,4.0,4,3,2,46.0,3,Yes,No,Never,2023-06-19,,No
EMP12504,36,Male,Married,Marketing,Marketing Manager,Senior,Master's,12,71387.0,5949,4.0,3,2,3,35.0,2,Yes,No,Occasionally,2015-12-13,,No
EMP12505,44,Female,Married,Sales,Sales Executive,Lead,PhD,26,113370.0,9448,4.0,4,3,4,37.0,5,No,No,Occasionally,2025-01-11,,No
EMP12506,39,Male,Single,Sales,Sales Executive,Lead,Bachelor's,19,114493.0,9541,1.0,4,1,3,41.0,2,No,No,Occasionally,2023-01-01,2024-03-09,Yes
EMP12507,25,Female,Married,IT,Data Analyst,Senior,Bachelor's,9,77909.0,6492,3.0,2,1,3,53.0,4,Yes,No,Occasionally,2014-03-18,,No
EMP12508,30,Female,Single,Research & Development,Research Scientist,Mid,Bachelor's,3,51776.0,4315,3.0,3,3,3,53.0,8,No,Yes,Occasionally,2024-07-07,,No
EMP12509,23,Male,Divorced,IT,Software Engineer,Entry,Bachelor's,0,30368.0,2531,3.0,2,3,3,40.0,2,Yes,Yes,Occasionally,2018-06-10,2023-06-30,Yes
EMP12510,43,Male,Divorced,IT,Data Analyst,Lead,Master's,19,111666.0,9306,3.0,4,3,2,37.0,2,Yes,No,Occasionally,2022-03-23,,No
EMP12511,21,Male,Married,Sales,Manager,Entry,Bachelor's,0,30127.0,2511,3.0,3,4,3,52.0,2,No,No,Never,2020-01-10,,No
EMP12512,24,Male,Divorced,IT,IT Manager,Entry,Bachelor's,0,47767.0,3981,4.0,2,4,3,27.0,3,Yes,No,Never,2010-08-01,2016-01-24,Yes
EMP12513,30,Female,Married,Research & Development,Laboratory Technician,Senior,Bachelor's,8,87206.0,7267,3.0,4,2,3,21.0,3,Yes,No,Never,2015-11-27,,No
EMP12514,39,Male,Single,Human Resources,HR Manager,Lead,Master's,17,97554.0,8130,3.0,3,3,3,18.0,7,No,Yes,Occasionally,2010-06-26,,No
EMP12515,30,Male,Married,Finance,Accountant,Mid,High School,4,61384.0,5115,3.0,4,3,3,46.0,1,Yes,No,Never,2015-09-16,2024-12-08,Yes
EMP12516,31,Male,Single,Marketing,Marketing Manager,Senior,Bachelor's,10,82158.0,6846,3.0,2,4,3,62.0,2,No,Yes,Never,2018-04-21,2025-10-31,Yes
EMP12517,31,Female,Married,Sales,Sales Representative,Mid,Bachelor's,5,39765.0,3314,2.0,4,3,2,43.0,3,No,No,Occasionally,2025-11-26,,No
EMP12518,35,Male,Single,Research & Development,Research Director,Lead,High School,16,111755.0,9313,2.0,3,1,3,47.0,5,No,No,Occasionally,2022-10-10,,No
EMP12519,24,Male,Married,Finance,Accountant,Entry,Bachelor's,0,25653.0,2138,3.0,3,3,3,33.0,4,No,No,Occasionally,2012-08-19,,No
EMP12520,26,Female,Married,IT,IT Support,Mid,Bachelor's,4,55421.0,4618,1.0,4,3,4,47.0,2,Yes,No,Occasionally,2012-09-13,,No
EMP12521,47,Male,Single,Finance,Accountant,Lead,Master's,25,102693.0,8558,3.0,3,4,3,44.0,5,No,No,Frequently,2021-08-27,,No
EMP12522,37,Male,Single,Sales,Sales Executive,Senior,Bachelor's,13,65002.0,5417,4.0,3,2,2,51.0,6,No,No,Frequently,2021-03-18,,No
EMP12523,40,Female,Married,Research & Development,Research Director,Senior,Bachelor's,13,83727.0,6977,3.0,2,3,2,5.0,7,No,No,Frequently,2018-02-09,,No
EMP12524,34,Male,Married,Research & Development,Laboratory Technician,Senior,PhD,9,69405.0,5784,4.0,4,3,3,50.0,1,No,No,Occasionally,2015-05-22,,No
EMP12525,33,Female,Married,IT,IT Support,Senior,PhD,9,80226.0,6686,3.0,3,3,3,53.0,2,No,Yes,Never,2021-06-02,,No
EMP12526,38,Female,Single,Research & Development,Research Director,Senior,Master's,14,75952.0,6329,2.0,4,4,3,53.0,3,Yes,No,Frequently,2013-05-07,,No
EMP12527,40,Male,Married,Sales,Sales Representative,Senior,Bachelor's,13,81201.0,6767,2.0,3,4,3,40.0,3,No,Yes,Occasionally,2025-11-27,,No
EMP12528,41,Male,Married,Marketing,Marketing Manager,Lead,Bachelor's,17,98220.0,8185,4.0,2,3,2,74.0,3,No,No,Occasionally,2020-12-03,,No
EMP12529,33,Female,Married,Sales,Sales Representative,Senior,Bachelor's,8,79412.0,6618,4.0,1,1,3,59.0,5,No,No,Frequently,2025-03-06,,No
EMP12530,42,Female,Single,Marketing,Marketing Executive,Senior,PhD,13,74383.0,6199,3.0,3,3,3,68.0,2,Yes,No,Occasionally,2016-10-21,,No
EMP12531,21,Male,Divorced,Finance,Finance Manager,Entry,Master's,0,28943.0,2412,2.0,2,1,4,50.0,3,Yes,No,Occasionally,2023-02-27,2026-02-17,Yes
EMP12532,41,Male,Single,IT,Software Engineer,Lead,Bachelor's,17,119144.0,9929,2.0,2,3,3,42.0,1,No,No,Never,2013-10-28,,No
EMP12533,31,Male,Single,Research & Development,Research Director,Mid,High School,4,66549.0,5546,3.0,3,3,4,53.0,3,No,No,Never,2015-01-19,,No
EMP12534,38,Female,Married,Sales,Manager,Lead,High School,19,106428.0,8869,3.0,2,3,3,31.0,2,No,No,Occasionally,2020-08-29,,No
EMP12535,29,Female,Single,IT,IT Support,Mid,Bachelor's,4,54737.0,4561,3.0,4,3,2,57.0,5,Yes,No,Occasionally,2020-11-17,,No
EMP12536,23,Female,Divorced,IT,Data Analyst,Entry,Bachelor's,0,33850.0,2821,4.0,3,3,4,34.0,5,No,No,Frequently,2017-11-19,,No
EMP12537,37,Male,Single,IT,Software Engineer,Lead,Bachelor's,17,117645.0,9804,3.0,4,3,3,31.0,4,Yes,No,Frequently,2023-02-11,,No
EMP12538,22,Male,Single,Sales,Manager,Entry,Bachelor's,0,32095.0,2675,2.0,1,3,3,18.0,2,No,No,Frequently,2025-08-06,,No
EMP12539,31,Female,Married,IT,Data Analyst,Mid,Bachelor's,7,51564.0,4297,2.0,2,3,3,60.0,1,Yes,No,Frequently,2025-09-13,,No
EMP12540,28,Other,Married,IT,IT Manager,Entry,Bachelor's,2,27148.0,2262,4.0,3,3,4,78.0,2,Yes,No,Occasionally,2015-07-15,,No
EMP12541,33,Male,Single,Finance,Finance Manager,Senior,Bachelor's,11,82669.0,6889,3.0,3,2,4,67.0,1,Yes,Yes,Occasionally,2016-01-27,,No
EMP12542,40,Male,Single,IT,Data Analyst,Lead,Bachelor's,16,103143.0,8595,2.0,2,4,3,58.0,4,No,No,Occasionally,2021-03-19,,No
EMP12543,30,Male,Single,IT,IT Support,Senior,Master's,9,80182.0,6682,2.0,3,4,3,59.0,2,No,Yes,Occasionally,2021-06-20,,No
EMP12544,37,Male,Married,Finance,Financial Analyst,Lead,Bachelor's,15,120401.0,10033,3.0,4,3,3,58.0,3,Yes,No,Occasionally,2020-01-07,,No
EMP12545,40,Female,Married,Sales,Sales Executive,Lead,Bachelor's,17,99182.0,8265,2.0,2,3,4,40.0,4,No,Yes,Occasionally,2023-06-21,,No
EMP12546,29,Female,Married,Research & Development,Research Director,Mid,Bachelor's,3,59376.0,4948,3.0,3,3,3,35.0,4,Yes,No,Frequently,2021-04-03,,No
EMP12547,29,Male,Married,Sales,Sales Representative,Senior,Bachelor's,12,68852.0,5738,3.0,3,3,2,24.0,3,No,No,Frequently,2016-05-22,2018-04-18,Yes
EMP12548,45,Male,Married,Research & Development,Research Director,Lead,Bachelor's,24,111123.0,9260,2.0,2,2,4,76.0,4,No,No,Never,2018-06-22,,No
EMP12549,33,Male,Married,Research & Development,Laboratory Technician,Senior,Bachelor's,13,80026.0,6669,3.0,3,3,3,38.0,3,No,No,Never,2023-05-08,,No
EMP12550,38,Female,Married,Sales,Manager,Senior,Bachelor's,11,79417.0,6618,2.0,3,4,3,45.0,1,No,No,Occasionally,2016-12-25,,No
EMP12551,38,Male,Single,Research & Development,Laboratory Technician,Senior,Master's,13,71739.0,5978,2.0,2,2,3,22.0,4,No,Yes,Occasionally,2011-08-27,,No
EMP12552,24,Male,Married,Sales,Sales Executive,Entry,Master's,0,36458.0,3038,2.0,2,3,4,28.0,4,No,Yes,Never,2012-05-12,,No
EMP12553,28,Male,Married,IT,IT Support,Mid,Bachelor's,3,61622.0,5135,3.0,4,4,3,24.0,3,Yes,No,Never,2020-03-30,,No
EMP12554,37,Male,Married,Marketing,Marketing Executive,Lead,Master's,15,118216.0,9851,3.0,2,3,3,36.0,2,Yes,No,Occasionally,2010-05-03,,No
EMP12555,21,Female,Single,Sales,Sales Executive,Entry,Bachelor's,0,27688.0,2307,2.0,3,3,2,53.0,1,No,Yes,Never,2013-07-19,,No
EMP12556,32,Male,Single,Marketing,Marketing Manager,Senior,Bachelor's,9,85002.0,7084,4.0,3,4,3,,3,No,No,Frequently,2013-03-27,,No
EMP12557,27,Male,Married,Human Resources,HR Manager,Mid,Bachelor's,5,45696.0,3808,1.0,2,3,4,53.0,2,No,No,Occasionally,2017-03-12,,No
EMP12558,43,Female,Single,Research & Development,Laboratory Technician,Lead,Bachelor's,19,103328.0,8611,3.0,4,3,3,42.0,2,No,No,Never,2022-06-03,,No
EMP12559,37,Male,Married,Sales,Sales Representative,Senior,Bachelor's,10,71530.0,5961,3.0,2,3,3,55.0,3,No,No,Frequently,2012-05-14,,No
EMP12560,44,Male,Single,Human Resources,HR Executive,Lead,Master's,19,101532.0,8461,3.0,2,3,3,39.0,6,Yes,No,Frequently,2024-09-15,2025-09-07,Yes
EMP12561,34,Female,Single,IT,Data Analyst,Senior,Master's,10,81898.0,6825,2.0,3,1,3,50.0,1,Yes,No,Frequently,2025-11-05,,No
EMP12562,33,Female,Single,IT,IT Manager,Senior,Bachelor's,8,93092.0,7758,1.0,1,2,3,35.0,3,No,No,Occasionally,2014-10-09,,No
EMP12563,32,Female,Single,Sales,Sales Representative,Senior,Bachelor's,9,79197.0,6600,3.0,3,3,2,62.0,2,No,No,Frequently,2025-06-28,,No
EMP12564,30,Female,Single,Sales,Manager,Entry,Bachelor's,1,40639.0,3387,1.0,4,3,3,26.0,4,No,No,Occasionally,2022-08-27,,No
EMP12565,55,Other,Married,Research & Development,Laboratory Technician,Lead,Bachelor's,30,105102.0,8758,4.0,2,4,3,62.0,5,No,No,Never,2025-12-04,2026-08-28,Yes
EMP12566,40,Male,Married,Research & Development,Research Scientist,Lead,High School,19,113979.0,9498,2.0,3,3,4,49.0,1,No,No,Occasionally,2025-10-23,,No
EMP12567,25,Male,Married,Research & Development,Laboratory Technician,Entry,PhD,0,33589.0,2799,3.0,2,3,3,69.0,2,No,No,Occasionally,2014-09-26,2017-07-24,Yes
EMP12568,55,Male,Single,Research & Development,Research Scientist,Lead,Bachelor's,35,99475.0,8290,3.0,4,2,3,30.0,2,No,No,Occasionally,2015-08-26,,No
EMP12569,31,Male,Divorced,IT,IT Support,Senior,Master's,9,90392.0,7533,3.0,2,4,3,38.0,5,No,Yes,Occasionally,2016-05-29,,No
EMP12570,37,Male,Divorced,Marketing,Marketing Executive,Senior,Bachelor's,9,86387.0,7199,3.0,2,3,3,37.0,2,No,No,Never,2023-05-07,,No
EMP12571,42,Other,Single,Research & Development,Laboratory Technician,Lead,Master's,19,109468.0,9122,3.0,3,2,4,26.0,4,No,No,Occasionally,2021-08-27,,No
EMP12572,22,Female,Divorced,Marketing,Marketing Manager,Entry,Master's,0,37816.0,3151,1.0,3,4,3,78.0,1,Yes,No,Occasionally,2019-02-12,,No
EMP12573,27,Male,Single,Research & Development,Laboratory Technician,Mid,Master's,4,60954.0,5080,3.0,1,4,3,29.0,1,Yes,No,Occasionally,2018-08-01,2024-10-11,Yes
EMP12574,47,Male,Married,Research & Development,Research Director,Lead,Master's,26,103110.0,8592,1.0,4,4,4,25.0,1,No,No,Never,2010-12-06,2025-11-30,Yes
EMP12575,32,Male,Single,Research & Development,Research Director,Mid,Bachelor's,5,46974.0,3914,3.0,2,2,3,68.0,2,Yes,No,Never,2016-05-25,,No
EMP12576,42,Female,Married,Finance,Accountant,Lead,Bachelor's,19,111539.0,9295,4.0,3,3,3,56.0,4,No,Yes,Never,2012-10-05,,No
EMP12577,30,Male,Married,Marketing,Marketing Analyst,Senior,Bachelor's,9,88085.0,7340,2.0,2,3,3,39.0,7,Yes,Yes,Occasionally,2012-03-12,,No
EMP12578,33,Female,Single,Finance,Finance Manager,Mid,Bachelor's,4,58108.0,4842,3.0,4,3,3,9.0,4,Yes,No,Never,2018-08-16,,No
EMP12579,48,Female,Married,Research & Development,Research Director,Lead,Master's,23,109408.0,9117,1.0,2,3,2,73.0,2,Yes,No,Occasionally,2023-07-28,,No
EMP12580,38,Male,Married,Finance,Accountant,Senior,Bachelor's,13,80523.0,6710,4.0,1,3,4,77.0,4,No,No,Occasionally,2012-08-19,,No
EMP12581,31,Female,Married,Sales,Sales Executive,Senior,Bachelor's,10,,6505,3.0,2,4,3,53.0,3,No,No,Frequently,2010-08-30,2022-05-11,Yes
EMP12582,29,Male,Divorced,IT,Data Analyst,Senior,Bachelor's,8,79304.0,6609,2.0,4,4,4,51.0,5,No,No,Never,2018-04-04,2022-08-08,Yes
EMP12583,29,Female,Divorced,Human Resources,HR Manager,Mid,Master's,6,55838.0,4653,2.0,2,4,4,46.0,5,No,No,Occasionally,2015-05-01,2025-09-05,Yes
EMP12584,44,Male,Divorced,Research & Development,Laboratory Technician,Lead,Master's,24,111144.0,9262,3.0,1,3,3,34.0,2,No,Yes,Occasionally,2014-01-19,2024-07-12,Yes
EMP12585,40,Male,Divorced,Finance,Financial Analyst,Lead,Bachelor's,16,98482.0,8207,2.0,3,3,3,64.0,3,No,No,Occasionally,2023-07-06,,No
EMP12586,25,Other,Single,Finance,Accountant,Entry,Bachelor's,0,25492.0,2124,2.0,3,1,4,35.0,3,No,Yes,Occasionally,2016-08-16,2022-09-11,Yes
EMP12587,35,Female,Single,Sales,Manager,Mid,Bachelor's,6,39723.0,3310,3.0,4,3,3,52.0,3,No,Yes,Frequently,2024-08-25,,No
EMP12588,33,Male,Single,Finance,Accountant,Senior,Bachelor's,10,90328.0,7527,3.0,3,3,3,46.0,2,No,No,Never,2011-08-29,,No
EMP12589,37,Male,Divorced,Research & Development,Research Director,Senior,Bachelor's,12,69526.0,5794,2.0,2,2,4,42.0,5,No,No,Occasionally,2024-07-02,,No
EMP12590,29,Male,Single,IT,IT Manager,Mid,Master's,5,61462.0,5122,2.0,3,4,2,27.0,2,No,No,Never,2013-08-19,2016-04-17,Yes
EMP12591,43,Female,Single,IT,IT Support,Lead,Bachelor's,19,124495.0,10375,4.0,1,4,3,20.0,2,No,No,Occasionally,2015-04-25,,No
EMP12592,34,Male,Single,IT,IT Manager,Senior,Bachelor's,13,85328.0,7111,2.0,3,4,3,51.0,3,Yes,Yes,Occasionally,2018-12-15,,No
EMP12593,37,Female,Single,Human Resources,HR Specialist,Lead,High School,17,108600.0,9050,3.0,3,3,4,34.0,8,Yes,No,Never,2013-05-20,,No
EMP12594,28,Male,Single,Human Resources,HR Manager,Mid,Master's,7,46098.0,3842,3.0,3,3,4,45.0,5,No,Yes,Never,2019-04-12,,No
EMP12595,28,Male,Married,Sales,Manager,Mid,Master's,4,54332.0,4528,2.0,2,4,3,46.0,3,No,No,Occasionally,2020-06-23,,No
EMP12596,55,Female,Single,IT,Software Engineer,Lead,Bachelor's,30,105034.0,8753,3.0,1,2,3,48.0,2,No,No,Occasionally,2015-04-18,,No
EMP12597,48,Male,Married,Research & Development,Research Scientist,Lead,Master's,23,91677.0,7640,3.0,4,4,3,40.0,3,Yes,No,Occasionally,2014-03-21,,No
EMP12598,33,Female,Married,Research & Development,Research Scientist,Mid,Bachelor's,5,52366.0,4364,3.0,4,4,3,54.0,1,No,Yes,Never,2021-08-25,,No
EMP12599,46,Female,Married,Research & Development,Research Scientist,Lead,Bachelor's,22,107246.0,8937,3.0,2,3,3,41.0,3,Yes,No,Frequently,2022-10-08,,No
EMP12600,44,Male,Single,Sales,Manager,Lead,Bachelor's,16,101301.0,8442,4.0,2,4,3,38.0,4,No,Yes,Occasionally,2025-02-06,2026-07-06,Yes
EMP12601,29,Female,Divorced,Finance,Accountant,Mid,Master's,3,50774.0,4231,3.0,4,3,3,55.0,2,Yes,Yes,Occasionally,2010-07-13,,No
EMP12602,28,Male,Married,Sales,Manager,Mid,Bachelor's,4,50506.0,4209,2.0,3,2,3,42.0,3,No,Yes,Occasionally,2017-01-29,,No
EMP12603,39,Male,Single,IT,IT Support,Lead,Master's,19,106913.0,8909,1.0,3,2,3,46.0,6,No,No,Occasionally,2024-03-15,,No
EMP12604,36,Male,Married,Research & Development,Research Director,Senior,Bachelor's,12,81195.0,6766,1.0,3,3,2,59.0,2,No,No,Occasionally,2014-02-14,,No
EMP12605,31,Female,Married,Sales,Sales Representative,Mid,Master's,4,55128.0,4594,4.0,2,1,3,50.0,1,No,No,Occasionally,2024-10-09,,No
EMP12606,40,Male,Married,Human Resources,HR Executive,Lead,Master's,19,116396.0,9700,4.0,3,3,2,59.0,4,Yes,No,Occasionally,2017-07-16,,No
EMP12607,22,Male,Single,Sales,Manager,Entry,Bachelor's,0,29511.0,2459,1.0,4,2,3,14.0,1,Yes,Yes,Occasionally,2014-07-03,2021-12-13,Yes
EMP12608,35,Male,Married,Research & Development,Research Director,Senior,Master's,9,76489.0,6374,3.0,1,4,3,90.0,2,No,No,Frequently,2025-03-01,,No
EMP12609,24,Male,Married,IT,Software Engineer,Entry,Bachelor's,0,40215.0,3351,2.0,3,2,2,55.0,4,No,No,Occasionally,2019-04-30,,No
EMP12610,24,Male,Single,Sales,Manager,Mid,PhD,4,49389.0,4116,4.0,3,3,2,53.0,1,Yes,No,Never,2012-01-22,2025-05-24,Yes
EMP12611,28,Male,Married,IT,IT Manager,Entry,Master's,0,25116.0,2093,2.0,4,3,2,40.0,3,Yes,Yes,Occasionally,2021-12-14,,No
EMP12612,37,Male,Single,Sales,Sales Representative,Senior,Bachelor's,11,79107.0,6592,3.0,2,4,3,15.0,3,No,Yes,Frequently,2018-02-27,,No
EMP12613,29,Male,Married,Research & Development,Research Director,Mid,Master's,4,68344.0,5695,2.0,4,3,3,55.0,4,No,Yes,Never,2020-10-27,2021-02-17,Yes
EMP12614,24,Male,Married,IT,IT Manager,Mid,Bachelor's,5,65995.0,5500,2.0,2,4,2,62.0,3,No,No,Occasionally,2012-03-31,,No
EMP12615,38,Female,Single,Research & Development,Research Director,Senior,PhD,13,89707.0,7476,2.0,3,3,3,11.0,4,Yes,Yes,Frequently,2025-12-01,,No
EMP12616,46,Female,Married,Sales,Sales Executive,Lead,Master's,27,111278.0,9273,3.0,2,2,3,58.0,3,No,Yes,Occasionally,2012-10-10,,No
EMP12617,39,Male,Married,Research & Development,Research Director,Lead,High School,15,103936.0,8661,3.0,4,3,3,70.0,1,No,No,Never,2016-10-30,,No
EMP12618,48,Female,Single,Research & Development,Research Director,Lead,Bachelor's,20,109211.0,9101,2.0,2,3,3,69.0,1,No,No,Occasionally,2017-08-13,,No
EMP12619,45,Male,Married,IT,Data Analyst,Lead,Bachelor's,26,119489.0,9957,1.0,4,3,3,52.0,1,Yes,No,Occasionally,2021-02-27,,No
EMP12620,30,Male,Married,Research & Development,Research Scientist,Senior,Master's,8,64795.0,5400,3.0,3,3,3,41.0,1,No,No,Frequently,2022-06-04,,No
EMP12621,39,Female,Married,IT,Software Engineer,Senior,Master's,13,86114.0,7176,4.0,4,3,4,59.0,4,No,No,Occasionally,2024-06-10,,No
EMP12622,33,Female,Married,IT,Data Analyst,Senior,Bachelor's,11,82311.0,6859,3.0,2,1,3,49.0,3,No,No,Frequently,2011-05-29,,No
EMP12623,42,Other,Married,Research & Development,Research Director,Lead,Master's,20,115342.0,9612,3.0,2,2,3,49.0,2,Yes,No,Never,2024-03-25,,No
EMP12624,33,Female,Divorced,Marketing,Marketing Executive,Senior,Bachelor's,10,78606.0,6550,2.0,3,4,3,33.0,3,No,Yes,Frequently,2019-03-05,,No
EMP12625,28,Male,Married,Research & Development,Research Scientist,Senior,Bachelor's,9,58778.0,4898,3.0,3,3,3,13.0,3,No,No,Never,2010-11-14,,No
EMP12626,45,Female,Single,Marketing,Marketing Manager,Lead,Bachelor's,19,108079.0,9007,3.0,3,2,3,57.0,5,No,No,Never,2018-09-19,,No
EMP12627,37,Female,Married,Sales,Manager,Senior,Bachelor's,11,61567.0,5131,2.0,3,1,4,36.0,4,No,No,Never,2022-02-10,,No
EMP12628,29,Male,Married,Finance,Financial Analyst,Senior,Bachelor's,11,88919.0,7410,3.0,1,3,4,24.0,1,No,No,Occasionally,2015-10-08,,No
EMP12629,30,Other,Married,Research & Development,Research Director,Senior,Bachelor's,10,70625.0,5885,2.0,3,4,3,22.0,3,Yes,No,Occasionally,2015-06-19,2022-09-17,Yes
EMP12630,29,Male,Single,Research & Development,Research Scientist,Mid,High School,4,44085.0,3674,1.0,2,2,3,39.0,1,Yes,No,Occasionally,2020-10-06,,No
EMP12631,26,Female,Married,Finance,Finance Manager,Mid,Master's,5,50603.0,4217,1.0,2,3,4,20.0,2,No,Yes,Occasionally,2012-07-25,,No
EMP12632,30,Male,Single,IT,IT Manager,Entry,Bachelor's,2,32744.0,2729,2.0,4,2,3,61.0,5,No,Yes,Never,2018-02-24,2022-03-02,Yes
EMP12633,37,Male,Single,Sales,Manager,Senior,Bachelor's,9,74910.0,6242,2.0,3,3,4,52.0,1,No,No,Frequently,2021-10-30,,No
EMP12634,35,Female,Single,Sales,Sales Representative,Senior,Bachelor's,13,69976.0,5831,3.0,3,1,3,62.0,1,Yes,No,Occasionally,2022-04-05,,No
EMP12635,30,Male,Married,IT,IT Support,Senior,Bachelor's,13,80894.0,6741,3.0,1,2,2,23.0,5,No,No,Occasionally,2016-07-10,,No
EMP12636,46,Female,Single,Finance,Accountant,Lead,Bachelor's,26,98204.0,8184,4.0,1,3,3,17.0,2,Yes,No,Occasionally,2020-09-18,,No
EMP12637,21,Male,Married,Marketing,Marketing Manager,Entry,Bachelor's,0,30238.0,2520,2.0,3,3,3,74.0,1,No,No,Occasionally,2013-08-21,,No
EMP12638,36,Male,Married,IT,IT Manager,Senior,Bachelor's,14,92958.0,7746,2.0,2,4,4,28.0,4,No,No,Never,2023-04-28,,No
EMP12639,33,Male,Married,Marketing,Marketing Executive,Senior,Master's,10,72860.0,6072,4.0,1,2,4,44.0,6,No,Yes,Occasionally,2021-07-28,,No
EMP12640,26,Female,Married,IT,Software Engineer,Mid,Bachelor's,6,63369.0,5281,3.0,2,3,4,28.0,3,Yes,No,Frequently,2020-03-23,,No
EMP12641,37,Female,Single,Research & Development,Research Director,Senior,Bachelor's,14,67206.0,5600,3.0,2,2,3,27.0,2,No,No,Frequently,2012-02-26,,No
EMP12642,32,Female,Single,Sales,Manager,Mid,Bachelor's,4,56058.0,4672,3.0,2,3,3,53.0,4,Yes,No,Occasionally,2023-04-03,,No
EMP12643,44,Female,Married,IT,Software Engineer,Lead,Bachelor's,22,119963.0,9997,3.0,4,2,3,40.0,1,No,Yes,Never,2010-10-01,,No
EMP12644,41,Male,Married,Finance,Finance Manager,Lead,Master's,19,118976.0,9915,2.0,3,2,2,66.0,7,No,No,Frequently,2011-11-06,,No
EMP12645,49,Male,Married,Sales,Sales Representative,Lead,Master's,26,106405.0,8867,4.0,3,3,4,10.0,2,No,Yes,Occasionally,2013-06-10,,No
EMP12646,30,Male,Married,Research & Development,Laboratory Technician,Mid,Master's,3,56700.0,4725,1.0,1,3,4,42.0,4,No,No,Occasionally,2021-01-04,,No
EMP12647,45,Other,Single,Marketing,Marketing Analyst,Lead,Bachelor's,23,96036.0,8003,2.0,4,3,4,33.0,7,Yes,No,Occasionally,2012-10-15,,No
EMP12648,25,Female,Married,Human Resources,HR Specialist,Mid,Master's,6,49316.0,4110,3.0,2,3,3,38.0,4,Yes,No,Frequently,2022-12-28,,No
EMP12649,33,Male,Single,Research & Development,Laboratory Technician,Mid,Bachelor's,6,46398.0,3866,3.0,2,3,2,39.0,3,Yes,No,Occasionally,2013-05-31,,No
EMP12650,30,Male,Divorced,Research & Development,Research Director,Mid,Bachelor's,7,54299.0,4525,4.0,1,1,3,54.0,1,No,No,Occasionally,2024-12-22,,No
EMP12651,39,Male,Single,Sales,Manager,Lead,Bachelor's,19,101302.0,8442,1.0,3,3,3,39.0,1,Yes,No,Frequently,2019-01-14,,No
EMP12652,39,Female,Married,Research & Development,Laboratory Technician,Lead,Master's,20,109808.0,9151,3.0,4,1,3,39.0,1,No,No,Occasionally,2012-08-03,,No
EMP12653,27,Male,Single,Research & Development,Research Director,Senior,Master's,8,93280.0,7773,3.0,3,2,3,73.0,3,No,Yes,Frequently,2019-11-10,,No
EMP12654,39,Female,Divorced,Sales,Manager,Senior,Bachelor's,10,80351.0,6696,2.0,4,1,4,20.0,3,No,No,Occasionally,2010-08-07,2020-05-27,Yes
EMP12655,31,Male,Divorced,IT,Data Analyst,Mid,Bachelor's,7,68882.0,5740,3.0,4,2,3,22.0,4,No,No,Never,2012-05-02,,No
EMP12656,27,Male,Single,Research & Development,Research Director,Mid,Bachelor's,6,43708.0,3642,3.0,1,4,4,75.0,6,Yes,Yes,Never,2022-01-18,2022-11-13,Yes
EMP12657,34,Female,Single,IT,IT Manager,Senior,Master's,10,82405.0,6867,3.0,2,3,3,73.0,3,No,No,Occasionally,2025-11-25,,No
EMP12658,22,Male,Single,IT,IT Support,Entry,Bachelor's,0,40518.0,3376,4.0,4,3,4,10.0,1,No,No,Frequently,2020-06-26,2023-11-17,Yes
EMP12659,41,Female,Married,Sales,Manager,Senior,Master's,14,76455.0,6371,3.0,1,3,3,81.0,5,No,No,Frequently,2021-11-20,,No
EMP12660,34,Male,Single,Finance,Accountant,Senior,Bachelor's,11,92903.0,7742,4.0,3,4,2,52.0,1,No,No,Occasionally,2020-11-25,,No
EMP12661,34,Male,Married,Research & Development,Research Director,Senior,Master's,8,70793.0,5899,3.0,4,3,4,29.0,4,No,Yes,Occasionally,2010-07-02,,No
EMP12662,33,Male,Single,IT,Software Engineer,Mid,Bachelor's,5,61262.0,5105,3.0,4,3,3,42.0,4,No,No,Never,2022-07-21,,No
EMP12663,47,Female,Married,Sales,Sales Executive,Lead,Bachelor's,25,88001.0,7333,4.0,3,4,3,34.0,3,No,Yes,Never,2022-08-16,,No
EMP12664,46,Female,Married,Finance,Accountant,Lead,Master's,27,111973.0,9331,2.0,4,4,4,42.0,6,No,No,Never,2021-01-14,,No
EMP12665,45,Male,Married,Finance,Financial Analyst,Lead,Master's,25,112541.0,9378,4.0,3,4,3,35.0,5,No,Yes,Frequently,2021-10-21,,No
EMP12666,33,Male,Married,Research & Development,Laboratory Technician,Senior,Bachelor's,10,75634.0,6303,2.0,3,3,3,21.0,5,No,No,Never,2013-06-01,,No
EMP12667,25,Female,Single,Sales,Sales Executive,Entry,Bachelor's,2,34767.0,2897,4.0,1,3,2,18.0,3,Yes,Yes,Frequently,2024-04-17,2024-07-10,Yes
EMP12668,34,Male,Married,Finance,Financial Analyst,Senior,Bachelor's,10,76049.0,6337,3.0,4,3,3,46.0,5,Yes,No,Frequently,2012-06-06,,No
EMP12669,37,Male,Married,IT,Software Engineer,Lead,Bachelor's,15,103449.0,8621,4.0,4,3,3,28.0,2,No,Yes,Never,2014-05-27,,No
EMP12670,41,Male,Married,Research & Development,Laboratory Technician,Lead,Master's,16,98080.0,8173,4.0,3,3,3,16.0,5,Yes,No,Frequently,2011-10-25,,No
EMP12671,36,Female,Single,Finance,Accountant,Senior,Bachelor's,14,74032.0,6169,3.0,3,4,3,52.0,1,Yes,Yes,Frequently,2014-10-10,,No
EMP12672,26,Male,Married,Research & Development,Research Director,Senior,Master's,8,66954.0,5580,3.0,3,4,3,51.0,4,Yes,No,Occasionally,2014-10-03,2020-10-17,Yes
EMP12673,30,Male,Divorced,IT,IT Manager,Senior,Bachelor's,9,73677.0,6140,3.0,4,3,4,51.0,1,No,No,Occasionally,2023-06-23,,No
EMP12674,29,Male,Divorced,Sales,Sales Representative,Senior,PhD,10,70190.0,5849,2.0,1,3,3,43.0,4,Yes,Yes,Occasionally,2022-08-31,,No
EMP12675,38,Male,Married,IT,Software Engineer,Lead,Bachelor's,15,109507.0,9126,1.0,3,3,4,26.0,4,Yes,No,Occasionally,2011-09-17,2013-11-03,Yes
EMP12676,39,Male,Married,Research & Development,Research Scientist,Lead,High School,15,105923.0,8827,3.0,4,2,4,64.0,3,Yes,No,Occasionally,2011-05-01,,No
EMP12677,40,Female,Single,Research & Development,Laboratory Technician,Senior,High School,13,67433.0,5619,3.0,2,4,3,58.0,5,Yes,No,Frequently,2016-06-25,,No
EMP12678,36,Male,Single,Sales,Sales Representative,Senior,Master's,13,69463.0,5789,2.0,4,3,3,82.0,4,No,No,Never,2020-08-17,,No
EMP12679,21,Male,Married,Sales,Sales Representative,Entry,Bachelor's,0,27700.0,2308,2.0,4,1,3,65.0,4,No,No,Never,2024-02-13,,No
EMP12680,21,Male,Single,Human Resources,HR Manager,Entry,High School,0,35058.0,2922,2.0,4,3,2,48.0,1,No,No,Occasionally,2024-04-27,,No
EMP12681,33,Female,Single,Research & Development,Research Scientist,Senior,Master's,9,67634.0,5636,2.0,3,3,3,74.0,5,Yes,No,Occasionally,2017-12-25,,No
EMP12682,35,Male,Divorced,IT,IT Support,Senior,Master's,8,79379.0,6615,2.0,3,2,3,43.0,6,No,Yes,Frequently,2010-07-25,,No
EMP12683,44,Other,Divorced,Sales,Manager,Lead,Master's,17,111807.0,9317,2.0,3,1,4,43.0,4,No,Yes,Occasionally,2025-01-02,,No
EMP12684,35,Male,Divorced,Research & Development,Research Scientist,Senior,Bachelor's,9,70438.0,5870,2.0,2,3,4,41.0,4,Yes,No,Occasionally,2013-09-29,,No
EMP12685,26,Male,Single,Research & Development,Research Scientist,Mid,Bachelor's,3,43269.0,3606,3.0,1,4,3,33.0,1,No,Yes,Frequently,2010-12-19,,No
EMP12686,39,Male,Divorced,Sales,Sales Representative,Senior,Master's,14,75389.0,6282,2.0,4,2,3,82.0,2,Yes,No,Never,2018-01-09,,No
EMP12687,34,Female,Single,Sales,Sales Representative,Senior,Bachelor's,10,70182.0,5848,4.0,3,3,4,27.0,2,Yes,No,Occasionally,2012-05-31,,No
EMP12688,31,Female,Married,Research & Development,Research Director,Senior,Bachelor's,8,56666.0,4722,3.0,2,3,3,12.0,5,No,No,Frequently,2014-04-14,,No
EMP12689,21,Male,Married,Research & Development,Laboratory Technician,Entry,Bachelor's,0,33393.0,2783,2.0,1,1,3,34.0,1,Yes,Yes,Occasionally,2011-01-08,,No
EMP12690,35,Male,Married,Research & Development,Laboratory Technician,Lead,PhD,18,111092.0,9258,2.0,3,2,3,49.0,3,Yes,No,Frequently,2016-01-03,,No
EMP12691,36,Male,Divorced,Human Resources,HR Executive,Lead,Bachelor's,17,104843.0,8737,3.0,4,2,3,32.0,3,No,No,Frequently,2020-09-29,2022-06-24,Yes
EMP12692,26,Male,Single,Finance,Financial Analyst,Entry,Master's,1,43302.0,3608,1.0,3,4,4,36.0,2,No,No,Occasionally,2017-02-24,,No
EMP12693,40,Male,Married,Sales,Sales Representative,Senior,Bachelor's,11,80508.0,6709,4.0,1,4,4,7.0,6,No,No,Occasionally,2012-12-01,,No
EMP12694,39,Male,Single,Research & Development,Research Scientist,Lead,Master's,15,99016.0,8251,3.0,3,2,3,20.0,4,No,Yes,Frequently,2019-07-24,2020-11-11,Yes
EMP12695,34,Female,Married,Marketing,Marketing Analyst,Senior,Master's,9,90347.0,7529,3.0,2,3,2,18.0,4,Yes,No,Occasionally,2024-08-17,,No
EMP12696,34,Male,Married,Human Resources,HR Executive,Senior,Bachelor's,11,78248.0,6521,4.0,2,4,4,57.0,6,Yes,No,Occasionally,2020-11-19,2022-05-24,Yes
EMP12697,42,Male,Married,Finance,Financial Analyst,Lead,Bachelor's,21,111995.0,9333,3.0,3,3,3,17.0,2,No,No,Never,2014-10-16,,No
EMP12698,37,Male,Married,Research & Development,Research Scientist,Senior,Master's,9,69046.0,5754,4.0,3,3,2,30.0,3,No,No,Occasionally,2018-10-04,,No
EMP12699,28,Male,Married,IT,Software Engineer,Entry,Bachelor's,0,28179.0,2348,4.0,3,2,3,39.0,1,No,No,Never,2015-08-12,,No
EMP12700,32,Male,Married,IT,Data Analyst,Senior,Master's,8,75416.0,6285,4.0,4,3,2,23.0,6,No,No,Occasionally,2011-07-17,,No
EMP12701,38,Male,Single,Human Resources,HR Manager,Lead,Master's,15,111441.0,9287,4.0,3,3,4,47.0,5,No,No,Frequently,2012-06-29,,No
EMP12702,21,Male,Married,Marketing,Marketing Executive,Entry,Bachelor's,0,43973.0,3664,2.0,4,3,3,50.0,3,No,No,Frequently,2013-10-15,2014-06-01,Yes
EMP12703,27,Female,Divorced,Sales,Sales Representative,Mid,Bachelor's,6,54021.0,4502,2.0,4,3,3,68.0,7,No,No,Frequently,2014-08-04,,No
EMP12704,39,Male,Married,Sales,Sales Representative,Lead,Bachelor's,15,105648.0,8804,2.0,3,2,4,42.0,4,No,No,Never,2016-02-08,,No
EMP12705,44,Male,Single,IT,IT Manager,Lead,Master's,19,118771.0,9898,4.0,1,2,3,5.0,5,No,Yes,Occasionally,2011-01-19,2012-11-07,Yes
EMP12706,42,Female,Single,IT,Software Engineer,Lead,High School,17,121668.0,10139,2.0,4,4,3,32.0,3,Yes,No,Occasionally,2020-05-13,,No
EMP12707,41,Male,Married,Sales,Manager,Lead,PhD,24,94836.0,7903,1.0,4,4,4,37.0,5,No,Yes,Never,2022-10-27,,No
EMP12708,35,Female,Married,Research & Development,Research Scientist,Senior,PhD,13,87396.0,7283,3.0,3,3,2,65.0,4,No,No,Never,2015-05-07,,No
EMP12709,26,Male,Single,Sales,Sales Representative,Entry,Bachelor's,0,29337.0,2445,2.0,3,1,4,38.0,3,No,Yes,Never,2011-08-13,2018-01-05,Yes
EMP12710,32,Female,Married,Research & Development,Research Director,Senior,High School,9,83588.0,6966,3.0,2,3,3,49.0,2,Yes,No,Occasionally,2014-06-22,,No
EMP12711,21,Female,Divorced,IT,Data Analyst,Entry,Bachelor's,0,31527.0,2627,4.0,1,3,3,37.0,5,No,No,Frequently,2019-08-01,2025-05-16,Yes
EMP12712,44,Female,Married,Human Resources,HR Executive,Lead,PhD,22,112235.0,9353,3.0,3,3,3,52.0,5,No,No,Occasionally,2011-10-06,,No
EMP12713,27,Female,Single,Research & Development,Research Director,Mid,Bachelor's,4,41964.0,3497,3.0,2,4,4,31.0,2,Yes,No,Frequently,2022-03-18,,No
EMP12714,30,Male,Divorced,Research & Development,Laboratory Technician,Mid,Bachelor's,3,59849.0,4987,3.0,2,1,3,12.0,1,No,No,Never,2013-03-23,,No
EMP12715,42,Female,Married,Sales,Sales Representative,Lead,Master's,15,109503.0,9125,3.0,3,3,2,,1,Yes,Yes,Never,2025-10-09,,No
EMP12716,21,Male,Married,Research & Development,Laboratory Technician,Mid,Bachelor's,3,40996.0,3416,2.0,4,2,3,51.0,3,Yes,No,Frequently,2021-03-21,,No
EMP12717,24,Female,Single,Finance,Financial Analyst,Entry,Bachelor's,0,44928.0,3744,3.0,4,3,3,48.0,3,No,No,Occasionally,2014-04-14,,No
EMP12718,36,Male,Married,Marketing,Marketing Manager,Lead,Bachelor's,15,98168.0,8181,1.0,4,3,3,49.0,4,No,No,Occasionally,2018-02-16,,No
EMP12719,38,Female,Married,IT,Software Engineer,Senior,Bachelor's,14,91000.0,7583,3.0,3,3,3,44.0,1,Yes,No,Occasionally,2019-09-13,,No
EMP12720,33,Female,Married,Sales,Sales Executive,Mid,Bachelor's,7,53011.0,4418,3.0,3,2,4,7.0,4,No,Yes,Occasionally,2022-04-04,,No
EMP12721,34,Female,Single,IT,Software Engineer,Mid,Bachelor's,6,50276.0,4190,2.0,4,3,4,30.0,2,Yes,Yes,Frequently,2012-09-16,2025-02-07,Yes
EMP12722,44,Male,Married,IT,IT Manager,Lead,Master's,16,104907.0,8742,3.0,3,4,3,40.0,3,No,No,Occasionally,2023-06-25,,No
EMP12723,39,Female,Single,IT,IT Manager,Senior,Bachelor's,14,110320.0,9193,3.0,2,3,3,29.0,5,Yes,Yes,Frequently,2012-02-20,,No
EMP12724,38,Male,Single,Research & Development,Research Director,Senior,Master's,13,92151.0,7679,2.0,3,2,3,52.0,1,Yes,No,Frequently,2020-04-09,,No
EMP12725,40,Male,Married,Research & Development,Research Scientist,Lead,High School,15,103525.0,8627,2.0,4,4,4,39.0,3,No,No,Occasionally,2020-08-10,,No
EMP12726,32,Male,Married,Research & Development,Research Scientist,Senior,Bachelor's,9,78972.0,6581,3.0,2,2,2,54.0,1,No,No,Occasionally,2022-08-11,,No
EMP12727,51,Female,Single,Sales,Sales Executive,Lead,High School,34,113421.0,9452,3.0,2,3,3,63.0,1,No,Yes,Frequently,2025-08-20,,No
EMP12728,21,Female,Single,Research & Development,Research Scientist,Entry,Bachelor's,1,24000.0,2000,3.0,3,3,3,50.0,2,No,No,Frequently,2017-02-11,2025-06-10,Yes
EMP12729,46,Female,Married,Research & Development,Laboratory Technician,Lead,Bachelor's,24,109830.0,9152,3.0,4,3,4,45.0,2,No,Yes,Never,2017-02-14,,No
EMP12730,41,Male,Married,Research & Development,Research Scientist,Lead,Bachelor's,18,111910.0,9326,3.0,2,3,3,18.0,1,No,No,Occasionally,2019-01-20,,No
EMP12731,36,Female,Married,IT,Data Analyst,Senior,High School,11,85533.0,7128,4.0,3,4,4,43.0,4,Yes,No,Frequently,2024-08-08,,No
EMP12732,35,Male,Single,Research & Development,Research Scientist,Lead,Bachelor's,16,114737.0,9561,2.0,2,2,2,13.0,3,No,No,Never,2014-12-22,,No
EMP12733,33,Male,Single,Sales,Manager,Mid,Bachelor's,5,53069.0,4422,4.0,3,3,3,20.0,4,No,No,Occasionally,2021-03-10,,No
EMP12734,43,Male,Married,Marketing,Marketing Analyst,Lead,Bachelor's,17,112737.0,9395,3.0,3,1,3,47.0,3,No,Yes,Occasionally,2025-10-22,,No
EMP12735,34,Female,Married,Marketing,Marketing Analyst,Mid,High School,6,53654.0,4471,3.0,1,3,4,19.0,4,Yes,Yes,Never,2022-12-01,,No
EMP12736,28,Male,Married,IT,Data Analyst,Mid,Master's,4,48264.0,4022,3.0,4,2,3,83.0,3,No,No,Occasionally,2022-11-07,,No
EMP12737,41,Male,Married,Marketing,Marketing Analyst,Senior,Bachelor's,12,82573.0,6881,2.0,4,2,3,58.0,7,No,No,Frequently,2013-05-23,,No
EMP12738,47,Female,Married,Human Resources,HR Manager,Lead,Bachelor's,23,114114.0,9510,3.0,2,3,2,43.0,4,No,No,Occasionally,2020-07-07,,No
EMP12739,21,Male,Divorced,Marketing,Marketing Executive,Entry,Master's,0,30942.0,2578,2.0,2,1,3,5.0,3,Yes,No,Occasionally,2011-05-24,2019-12-23,Yes
EMP12740,53,Female,Single,Sales,Sales Representative,Lead,Bachelor's,35,95626.0,7969,2.0,2,3,2,8.0,2,No,Yes,Occasionally,2011-02-27,,No
EMP12741,26,Male,Married,Research & Development,Research Director,Mid,Bachelor's,4,58077.0,4840,3.0,4,3,3,83.0,5,No,No,Frequently,2020-08-05,,No
EMP12742,26,Male,Single,Research & Development,Laboratory Technician,Entry,Bachelor's,0,34215.0,2851,2.0,2,3,3,32.0,4,No,Yes,Occasionally,2025-10-13,,No
EMP12743,24,Other,Single,Sales,Sales Executive,Entry,Master's,0,34079.0,2840,2.0,2,2,3,63.0,2,No,Yes,Occasionally,2014-10-24,2018-04-05,Yes
EMP12744,34,Male,Single,Sales,Sales Representative,Senior,Bachelor's,13,77323.0,6444,4.0,3,2,3,33.0,2,No,No,Never,2011-03-31,2018-04-03,Yes
EMP12745,24,Female,Single,Finance,Finance Manager,Entry,Master's,0,43054.0,3588,4.0,1,3,3,24.0,5,No,No,Occasionally,2025-03-28,,No
EMP12746,25,Male,Divorced,IT,Software Engineer,Mid,Master's,7,61016.0,5085,3.0,2,3,3,23.0,3,Yes,No,Occasionally,2016-04-19,,No
EMP12747,28,Male,Married,Human Resources,HR Manager,Entry,Bachelor's,0,28676.0,2390,4.0,3,3,3,14.0,3,No,No,Never,2020-05-16,,No
EMP12748,35,Female,Divorced,Sales,Sales Executive,Lead,Master's,16,93693.0,7808,4.0,2,4,3,52.0,1,No,No,Occasionally,2010-06-08,,No
EMP12749,36,Male,Married,IT,Software Engineer,Lead,Bachelor's,15,108769.0,9064,3.0,4,4,4,49.0,3,No,No,Never,2018-10-12,,No
EMP12750,44,Female,Married,Finance,Financial Analyst,Lead,Bachelor's,23,115367.0,9614,4.0,4,1,3,32.0,5,No,Yes,Occasionally,2018-10-04,,No
EMP12751,44,Male,Single,Research & Development,Laboratory Technician,Lead,Bachelor's,19,102657.0,8555,2.0,3,2,3,5.0,4,No,No,Occasionally,2012-01-28,,No
EMP12752,42,Male,Married,Finance,Finance Manager,Lead,Master's,22,115355.0,9613,3.0,3,4,3,38.0,5,No,No,Never,2010-10-12,,No
EMP12753,32,Female,Married,Research & Development,Research Director,Senior,Bachelor's,9,66100.0,5508,1.0,3,1,3,52.0,1,Yes,Yes,Occasionally,2012-12-10,,No
EMP12754,21,Male,Single,Research & Development,Research Director,Entry,High School,0,24918.0,2076,3.0,3,3,4,82.0,2,No,No,Never,2011-12-18,,No
EMP12755,21,Male,Married,Marketing,Marketing Executive,Entry,Master's,0,24512.0,2043,4.0,1,4,3,60.0,2,No,No,Never,2019-01-25,2025-03-27,Yes
EMP12756,42,Female,Single,Research & Development,Laboratory Technician,Lead,Master's,22,105948.0,8829,3.0,1,3,3,45.0,1,No,No,Occasionally,2015-03-24,,No
EMP12757,41,Female,Married,Research & Development,Research Scientist,Lead,PhD,18,117544.0,9795,3.0,4,1,3,27.0,2,Yes,No,Occasionally,2012-10-13,,No
EMP12758,29,Male,Married,IT,IT Support,Mid,Bachelor's,6,74710.0,6226,4.0,2,3,4,64.0,1,No,Yes,Frequently,2015-10-28,,No
EMP12759,22,Female,Divorced,IT,IT Manager,Entry,High School,0,46403.0,3867,4.0,3,3,3,44.0,2,Yes,No,Occasionally,2015-03-01,,No
EMP12760,26,Female,Single,Sales,Sales Representative,Mid,Bachelor's,7,38295.0,3191,1.0,3,4,4,45.0,3,No,No,Occasionally,2012-08-24,,No
EMP12761,35,Male,Married,Sales,Sales Representative,Senior,Master's,8,70735.0,5895,4.0,2,2,3,63.0,6,Yes,No,Occasionally,2023-07-04,2026-03-30,Yes
EMP12762,35,Male,Married,Sales,Sales Representative,Mid,High School,6,30728.0,2561,2.0,3,3,4,38.0,4,Yes,Yes,Occasionally,2010-04-04,,No
EMP12763,42,Male,Single,Finance,Finance Manager,Lead,Master's,21,110156.0,9180,3.0,4,3,3,58.0,1,No,No,Occasionally,2024-01-30,,No
EMP12764,30,Female,Married,Research & Development,Laboratory Technician,Entry,Bachelor's,1,43374.0,3614,2.0,2,2,3,20.0,1,Yes,No,Occasionally,2016-07-19,,No
EMP12765,32,Female,Single,Sales,Sales Representative,Senior,Master's,8,81709.0,6809,1.0,4,2,3,29.0,1,No,No,Never,2025-02-15,2025-05-14,Yes
EMP12766,43,Female,Single,Marketing,Marketing Executive,Lead,Master's,22,92642.0,7720,2.0,1,1,4,50.0,2,Yes,No,Never,2018-09-14,,No
EMP12767,21,Female,Single,Human Resources,HR Executive,Entry,Master's,0,41721.0,3477,3.0,4,3,3,41.0,1,Yes,No,Never,2023-10-01,2026-02-28,Yes
EMP12768,37,Male,Married,Research & Development,Laboratory Technician,Lead,Bachelor's,16,113430.0,9452,3.0,3,4,3,37.0,2,Yes,No,Never,2017-09-05,,No
EMP12769,31,Male,Single,Human Resources,HR Specialist,Senior,Bachelor's,9,86802.0,7234,1.0,3,2,3,21.0,5,No,No,Occasionally,2022-03-19,,No
EMP12770,40,Male,Married,Finance,Financial Analyst,Lead,High School,16,116764.0,9730,4.0,2,1,3,59.0,3,No,No,Occasionally,2010-04-04,,No
EMP12771,38,Male,Single,Sales,Sales Executive,Lead,Bachelor's,18,101317.0,8443,4.0,3,3,4,12.0,1,Yes,No,Frequently,2018-09-09,,No
EMP12772,28,Female,Single,Research & Development,Research Scientist,Senior,Bachelor's,9,63016.0,5251,3.0,4,1,3,58.0,3,Yes,Yes,Frequently,2014-04-07,2018-11-18,Yes
EMP12773,30,Female,Single,IT,IT Support,Entry,Master's,2,47196.0,3933,3.0,3,3,3,43.0,1,No,No,Occasionally,2022-04-09,,No
EMP12774,21,Male,Married,Research & Development,Research Director,Entry,High School,0,37436.0,3120,3.0,3,3,3,43.0,1,No,No,Frequently,2012-07-07,2021-08-14,Yes
EMP12775,40,Male,Single,Human Resources,HR Executive,Lead,Master's,16,91196.0,7600,1.0,4,3,3,41.0,2,No,No,Occasionally,2014-06-30,,No
EMP12776,36,Female,Single,Research & Development,Laboratory Technician,Lead,High School,16,98250.0,8188,2.0,3,2,3,26.0,3,No,Yes,Occasionally,2018-12-31,2021-06-13,Yes
EMP12777,45,Male,Married,Sales,Sales Executive,Lead,Bachelor's,21,98447.0,8204,4.0,3,1,3,41.0,3,No,No,Never,2016-11-22,,No
EMP12778,31,Male,Married,Sales,Manager,Entry,High School,0,37092.0,3091,1.0,4,3,4,49.0,4,No,No,Never,2016-02-16,,No
EMP12779,41,Female,Single,Research & Development,Laboratory Technician,Senior,Master's,14,75891.0,6324,4.0,4,2,3,49.0,2,No,No,Never,2021-08-21,2024-05-20,Yes
EMP12780,25,Male,Married,Sales,Manager,Mid,Bachelor's,4,50154.0,4180,1.0,3,4,3,40.0,7,No,No,Never,2025-04-10,,No
EMP12781,21,Female,Single,Sales,Sales Representative,Entry,Master's,0,29064.0,2422,2.0,3,3,4,40.0,4,No,No,Never,2023-03-22,,No
EMP12782,33,Male,Married,IT,IT Support,Mid,Bachelor's,6,51120.0,4260,2.0,4,2,3,40.0,2,Yes,No,Never,2010-02-06,,No
EMP12783,29,Female,Single,Marketing,Marketing Analyst,Mid,Master's,7,58758.0,4896,3.0,1,4,3,37.0,2,Yes,No,Occasionally,2016-07-01,,No
EMP12784,26,Female,Single,IT,Data Analyst,Entry,Bachelor's,0,33912.0,2826,3.0,1,2,2,10.0,1,No,No,Occasionally,2017-01-19,,No
EMP12785,41,Male,Single,IT,Data Analyst,Lead,Bachelor's,19,120137.0,10011,2.0,3,4,4,33.0,6,No,Yes,Occasionally,2018-10-01,,No
EMP12786,44,Male,Single,Research & Development,Laboratory Technician,Lead,Master's,24,95249.0,7937,3.0,2,3,4,23.0,4,Yes,No,Occasionally,2017-11-29,,No
EMP12787,35,Male,Married,Marketing,Marketing Manager,Mid,Master's,6,48556.0,4046,4.0,3,2,3,39.0,3,Yes,Yes,Occasionally,2012-07-30,,No
EMP12788,33,Male,Single,Sales,Manager,Mid,Bachelor's,6,65754.0,5480,3.0,3,4,2,25.0,4,No,No,Never,2019-01-14,,No
EMP12789,35,Male,Single,Marketing,Marketing Analyst,Senior,Master's,12,77642.0,6470,1.0,1,4,3,48.0,2,Yes,No,Occasionally,2024-12-02,2025-04-20,Yes
EMP12790,29,Female,Married,Marketing,Marketing Analyst,Mid,High School,5,48566.0,4047,1.0,4,3,3,63.0,4,No,No,Frequently,2014-11-07,,No
EMP12791,39,Female,Married,IT,IT Support,Lead,Master's,16,107603.0,8967,3.0,2,3,4,36.0,2,No,No,Frequently,2019-07-13,2021-11-03,Yes
EMP12792,22,Female,Single,Marketing,Marketing Analyst,Entry,Bachelor's,0,25914.0,2160,3.0,3,4,3,47.0,3,No,No,Occasionally,2024-11-17,2026-06-08,Yes
EMP12793,25,Male,Single,Human Resources,HR Specialist,Mid,High School,3,55176.0,4598,4.0,2,3,2,33.0,4,No,No,Occasionally,2014-08-23,,No
EMP12794,28,Female,Single,Research & Development,Laboratory Technician,Mid,Bachelor's,4,58290.0,4858,3.0,4,2,3,40.0,8,No,No,Never,2017-05-28,,No
EMP12795,38,Male,Single,Research & Development,Research Scientist,Lead,Master's,16,106759.0,8897,1.0,2,3,3,66.0,4,No,Yes,Occasionally,2024-08-12,2025-08-23,Yes
EMP12796,32,Female,Single,Finance,Accountant,Senior,PhD,10,79585.0,6632,3.0,1,4,3,14.0,1,No,Yes,Never,2011-04-09,,No
EMP12797,45,Female,Single,Sales,Sales Executive,Lead,Bachelor's,20,109211.0,9101,3.0,4,4,4,30.0,4,No,Yes,Occasionally,2016-09-07,,No
EMP12798,40,Female,Married,Finance,Accountant,Lead,Master's,15,99168.0,8264,2.0,4,4,3,44.0,2,Yes,Yes,Occasionally,2024-05-31,,No
EMP12799,28,Female,Divorced,Marketing,Marketing Manager,Entry,Bachelor's,0,34647.0,2887,4.0,2,2,3,39.0,1,No,No,Frequently,2018-01-24,,No
EMP12800,39,Male,Married,Sales,Sales Executive,Lead,Master's,15,108043.0,9004,3.0,1,3,3,35.0,1,No,Yes,Occasionally,2018-06-28,2024-10-01,Yes
EMP12801,31,Male,Single,IT,Software Engineer,Senior,High School,8,84871.0,7073,3.0,3,1,3,21.0,4,No,No,Frequently,2016-04-04,2017-12-08,Yes
EMP12802,38,Female,Married,Marketing,Marketing Analyst,Senior,Bachelor's,13,72113.0,6009,2.0,3,3,4,50.0,1,No,Yes,Occasionally,2015-03-30,2025-05-10,Yes
EMP12803,41,Male,Married,Marketing,Marketing Analyst,Lead,High School,17,99575.0,8298,2.0,4,3,3,40.0,2,No,No,Occasionally,2022-12-23,,No
EMP12804,43,Male,Married,Marketing,Marketing Executive,Senior,Bachelor's,14,66894.0,5574,3.0,2,2,3,54.0,3,No,Yes,Never,2019-03-12,,No
EMP12805,36,Female,Married,Human Resources,HR Manager,Senior,Bachelor's,12,86294.0,7191,3.0,2,3,3,61.0,2,Yes,Yes,Never,2013-04-27,,No
EMP12806,47,Female,Married,Marketing,Marketing Manager,Lead,Master's,19,104610.0,8718,1.0,3,2,4,41.0,1,Yes,No,Frequently,2018-03-21,,No
EMP12807,38,Male,Single,IT,IT Manager,Senior,Bachelor's,12,80033.0,6669,2.0,3,3,4,66.0,2,Yes,No,Occasionally,2016-03-01,,No
EMP12808,35,Male,Married,Sales,Sales Representative,Senior,Master's,8,72351.0,6029,3.0,3,3,3,61.0,3,No,Yes,Occasionally,2010-06-11,,No
EMP12809,32,Male,Single,Research & Development,Research Director,Mid,Master's,4,45305.0,3775,4.0,4,4,3,34.0,2,Yes,Yes,Frequently,2013-09-19,,No
EMP12810,29,Female,Single,IT,IT Manager,Mid,Bachelor's,6,55250.0,4604,2.0,3,2,3,68.0,4,Yes,Yes,Occasionally,2013-03-21,,No
EMP12811,37,Male,Single,Research & Development,Research Director,Lead,Bachelor's,17,113479.0,9457,3.0,2,1,3,54.0,1,Yes,No,Frequently,2012-05-05,,No
EMP12812,35,Female,Married,Finance,Accountant,Senior,Master's,12,84072.0,7006,2.0,3,2,4,65.0,6,No,No,Never,2025-08-23,,No
EMP12813,36,Female,Married,Finance,Finance Manager,Senior,Master's,8,85799.0,7150,3.0,3,3,3,9.0,4,No,No,Frequently,2025-06-27,,No
EMP12814,38,Male,Divorced,Sales,Sales Representative,Senior,PhD,14,82715.0,6893,3.0,3,1,3,54.0,4,No,No,Frequently,2022-02-27,,No
EMP12815,36,Male,Single,Human Resources,HR Executive,Lead,Master's,16,120399.0,10033,2.0,4,4,3,48.0,5,Yes,No,Frequently,2010-04-15,,No
EMP12816,50,Male,Single,IT,Data Analyst,Lead,Bachelor's,23,112194.0,9350,3.0,3,4,3,27.0,3,No,No,Occasionally,2020-05-31,,No
EMP12817,30,Female,Married,Research & Development,Research Scientist,Entry,Master's,1,29004.0,2417,2.0,2,3,3,15.0,2,No,No,Occasionally,2021-08-24,,No
EMP12818,37,Male,Divorced,Sales,Sales Executive,Lead,Bachelor's,17,108060.0,9005,2.0,3,3,3,39.0,5,No,No,Never,2012-08-08,2017-08-15,Yes
EMP12819,32,Female,Married,Sales,Manager,Senior,Bachelor's,12,80541.0,6712,3.0,2,3,3,43.0,6,No,No,Never,2022-11-10,2026-05-01,Yes
EMP12820,21,Male,Single,Research & Development,Research Director,Entry,Master's,0,31762.0,2647,3.0,2,2,3,31.0,4,No,No,Occasionally,2012-07-08,,No
EMP12821,32,Male,Married,Marketing,Marketing Manager,Senior,Master's,11,69742.0,5812,3.0,3,2,3,28.0,5,No,Yes,Occasionally,2016-03-29,2020-01-03,Yes
EMP12822,27,Female,Single,Research & Development,Laboratory Technician,Senior,PhD,8,77302.0,6442,1.0,3,3,2,32.0,3,Yes,No,Occasionally,2011-02-27,,No
EMP12823,33,Male,Divorced,Finance,Finance Manager,Senior,Bachelor's,8,,6984,3.0,3,4,3,30.0,4,No,Yes,Occasionally,2021-10-10,,No
EMP12824,34,Female,Married,Research & Development,Research Scientist,Senior,Master's,12,78432.0,6536,1.0,3,4,3,59.0,1,Yes,No,Never,2012-02-09,,No
EMP12825,37,Male,Single,Research & Development,Research Director,Lead,Master's,17,92137.0,7678,2.0,2,4,2,28.0,5,Yes,No,Never,2017-01-19,,No
EMP12826,30,Female,Divorced,IT,IT Manager,Mid,Bachelor's,5,47869.0,3989,3.0,1,4,3,12.0,1,No,No,Never,2016-01-09,,No
EMP12827,31,Female,Married,IT,IT Support,Mid,Bachelor's,4,64017.0,5335,3.0,2,2,4,56.0,5,Yes,No,Never,2022-07-09,,No
EMP12828,40,Female,Divorced,Sales,Sales Representative,Lead,Bachelor's,17,102394.0,8533,4.0,4,2,3,58.0,5,No,No,Occasionally,2022-03-13,2024-07-10,Yes
EMP12829,28,Male,Divorced,Research & Development,Laboratory Technician,Entry,Bachelor's,2,47572.0,3964,3.0,4,3,3,40.0,6,Yes,Yes,Occasionally,2013-05-17,,No
EMP12830,21,Male,Single,Sales,Sales Executive,Entry,Bachelor's,0,41388.0,3449,2.0,4,3,3,22.0,6,No,No,Never,2022-08-25,2024-09-22,Yes
EMP12831,35,Male,Single,Research & Development,Laboratory Technician,Mid,Bachelor's,7,43123.0,3594,4.0,3,3,3,7.0,5,No,No,Occasionally,2018-08-15,,No
EMP12832,43,Male,Married,Finance,Finance Manager,Lead,Master's,17,116186.0,9682,2.0,3,4,3,43.0,4,Yes,No,Frequently,2014-03-05,,No
EMP12833,40,Female,Divorced,Sales,Sales Representative,Senior,Bachelor's,13,87204.0,7267,2.0,2,3,4,51.0,3,No,No,Never,2010-03-01,,No
EMP12834,35,Male,Divorced,Research & Development,Research Scientist,Senior,Bachelor's,12,72883.0,6074,3.0,1,3,3,27.0,1,Yes,No,Frequently,2023-09-03,,No
EMP12835,44,Male,Married,Research & Development,Research Director,Lead,Bachelor's,26,104397.0,8700,4.0,3,1,3,56.0,1,No,Yes,Frequently,2023-11-10,,No
EMP12836,43,Female,Single,Marketing,Marketing Executive,Lead,Bachelor's,23,101164.0,8430,3.0,3,2,3,16.0,4,No,No,Occasionally,2024-08-09,,No
EMP12837,31,Female,Single,Marketing,Marketing Analyst,Mid,PhD,5,44141.0,3678,3.0,3,3,3,43.0,2,No,No,Occasionally,2017-09-18,,No
EMP12838,36,Female,Married,Sales,Sales Representative,Senior,Bachelor's,11,87039.0,7253,3.0,3,4,4,5.0,3,No,Yes,Never,2012-06-06,,No
EMP12839,36,Male,Married,IT,Software Engineer,Senior,Bachelor's,10,64870.0,5406,3.0,4,3,4,25.0,4,Yes,No,Frequently,2021-01-30,,No
EMP12840,33,Male,Married,Research & Development,Research Director,Senior,Master's,8,71278.0,5940,3.0,3,3,2,10.0,5,No,No,Occasionally,2025-03-30,,No
EMP12841,43,Male,Married,Research & Development,Laboratory Technician,Lead,High School,18,102043.0,8504,2.0,2,4,3,52.0,2,No,No,Occasionally,2024-02-15,,No
EMP12842,33,Male,Married,IT,IT Manager,Senior,Master's,9,84100.0,7008,2.0,4,2,4,48.0,5,Yes,No,Frequently,2011-11-06,,No
EMP12843,30,Male,Married,Marketing,Marketing Analyst,Senior,Bachelor's,8,67322.0,5610,2.0,3,2,3,86.0,2,No,No,Occasionally,2015-05-31,,No
EMP12844,21,Other,Single,Marketing,Marketing Manager,Entry,High School,0,41485.0,3457,4.0,4,3,3,45.0,5,No,Yes,Occasionally,2025-07-13,,No
EMP12845,28,Male,Single,Human Resources,HR Specialist,Mid,Master's,5,39149.0,3262,3.0,1,3,3,34.0,5,No,No,Occasionally,2010-06-11,,No
EMP12846,23,Male,Married,Research & Development,Research Scientist,Entry,High School,0,24000.0,2000,3.0,3,4,3,23.0,3,No,Yes,Occasionally,2022-04-05,,No
EMP12847,34,Male,Divorced,IT,Data Analyst,Senior,Bachelor's,10,83406.0,6950,1.0,1,1,3,60.0,4,Yes,No,Occasionally,2023-06-07,,No
EMP12848,24,Male,Single,Research & Development,Laboratory Technician,Entry,High School,2,24000.0,2000,2.0,2,3,4,90.0,3,No,Yes,Occasionally,2015-03-14,,No
EMP12849,39,Male,Single,Human Resources,HR Manager,Senior,High School,10,77454.0,6454,4.0,3,2,2,60.0,6,Yes,No,Frequently,2015-08-27,,No
EMP12850,43,Male,Single,Research & Development,Research Scientist,Lead,Master's,21,99819.0,8318,2.0,2,3,3,46.0,1,Yes,Yes,Occasionally,2024-04-29,,No
EMP12851,34,Male,Single,Finance,Finance Manager,Senior,Master's,9,85652.0,7138,3.0,2,1,4,43.0,1,Yes,No,Occasionally,2015-09-14,,No
EMP12852,26,Male,Single,Research & Development,Laboratory Technician,Entry,Bachelor's,2,25505.0,2125,2.0,4,3,2,13.0,5,Yes,No,Never,2013-05-12,,No
EMP12853,36,Male,Married,Sales,Sales Representative,Lead,Bachelor's,16,115112.0,9593,3.0,4,3,3,58.0,4,Yes,Yes,Occasionally,2024-06-18,2025-12-17,Yes
EMP12854,49,Female,Single,Marketing,Marketing Manager,Lead,Master's,28,109406.0,9117,3.0,2,3,3,29.0,3,Yes,No,Occasionally,2022-03-11,,No
EMP12855,47,Male,Married,Sales,Manager,Lead,Master's,22,99693.0,8308,3.0,2,3,3,20.0,4,No,Yes,Occasionally,2021-12-06,,No
EMP12856,23,Male,Single,Human Resources,HR Manager,Entry,Bachelor's,0,36370.0,3031,3.0,3,3,3,39.0,3,No,No,Never,2013-12-30,,No
EMP12857,22,Female,Single,Research & Development,Research Scientist,Entry,Master's,0,33022.0,2752,3.0,4,4,3,28.0,1,No,No,Never,2015-10-23,,No
EMP12858,21,Male,Married,Sales,Sales Representative,Entry,Bachelor's,0,37499.0,3125,3.0,4,2,3,25.0,6,Yes,No,Frequently,2022-04-30,2025-10-28,Yes
EMP12859,25,Female,Married,Sales,Manager,Entry,Master's,0,36196.0,3016,4.0,2,2,3,33.0,2,Yes,Yes,Occasionally,2020-05-22,,No
EMP12860,36,Female,Single,Sales,Sales Representative,Senior,PhD,12,78515.0,6543,3.0,3,3,3,8.0,3,Yes,No,Occasionally,2013-04-09,,No
EMP12861,30,Male,Married,IT,Software Engineer,Mid,Bachelor's,5,59453.0,4954,2.0,2,3,3,37.0,4,No,No,Occasionally,2025-03-19,,No
EMP12862,27,Female,Single,Research & Development,Research Scientist,Entry,Bachelor's,2,38331.0,3194,3.0,2,3,3,46.0,1,No,No,Occasionally,2020-01-04,,No
EMP12863,42,Female,Single,Marketing,Marketing Executive,Lead,Bachelor's,20,113194.0,9433,3.0,1,3,4,24.0,4,Yes,No,Never,2014-05-28,,No
EMP12864,38,Male,Married,Finance,Financial Analyst,Lead,Bachelor's,15,109956.0,9163,4.0,2,2,3,66.0,1,No,No,Occasionally,2013-05-02,2020-04-25,Yes
EMP12865,21,Female,Married,Research & Development,Laboratory Technician,Entry,Bachelor's,0,36243.0,3020,2.0,3,2,3,32.0,8,Yes,No,Never,2022-05-11,,No
EMP12866,42,Male,Married,Finance,Financial Analyst,Lead,Master's,18,115561.0,9630,2.0,2,2,2,23.0,2,No,No,Occasionally,2014-01-29,,No
EMP12867,38,Male,Married,Human Resources,HR Executive,Senior,Bachelor's,12,87248.0,7271,4.0,4,4,3,57.0,3,No,Yes,Occasionally,2014-08-18,2020-12-13,Yes
EMP12868,38,Female,Married,IT,IT Support,Senior,Bachelor's,8,93025.0,7752,4.0,3,4,4,43.0,4,Yes,No,Occasionally,2019-10-09,,No
EMP12869,29,Female,Single,Research & Development,Research Scientist,Senior,Bachelor's,11,83209.0,6934,3.0,1,2,3,66.0,3,No,No,Occasionally,2023-04-06,,No
EMP12870,33,Female,Married,Research & Development,Research Director,Senior,Bachelor's,13,73101.0,6092,1.0,4,1,3,71.0,2,No,No,Occasionally,2020-03-27,,No
EMP12871,21,Male,Single,IT,Software Engineer,Entry,Bachelor's,0,29810.0,2484,2.0,4,1,3,17.0,2,No,No,Occasionally,2021-02-21,,No
EMP12872,41,Male,Married,Marketing,Marketing Executive,Lead,Bachelor's,25,108915.0,9076,2.0,3,2,2,82.0,5,No,No,Frequently,2011-03-24,,No
EMP12873,26,Female,Single,IT,IT Manager,Senior,Bachelor's,8,86862.0,7238,3.0,2,4,3,5.0,3,Yes,No,Frequently,2013-04-26,,No
EMP12874,27,Male,Divorced,Research & Development,Research Director,Senior,PhD,9,73221.0,6102,2.0,2,3,3,19.0,2,Yes,No,Never,2021-10-14,,No
EMP12875,27,Other,Single,IT,Software Engineer,Mid,Bachelor's,3,49660.0,4138,4.0,1,2,3,18.0,6,Yes,No,Never,2013-01-01,,No
EMP12876,48,Male,Married,Research & Development,Laboratory Technician,Lead,Master's,22,116591.0,9716,1.0,3,3,3,66.0,2,Yes,Yes,Occasionally,2010-04-06,,No
EMP12877,29,Male,Married,Research & Development,Laboratory Technician,Senior,Bachelor's,9,78979.0,6582,3.0,1,2,3,51.0,3,Yes,Yes,Occasionally,2017-12-03,,No
EMP12878,42,Male,Single,Sales,Sales Executive,Lead,Master's,22,96542.0,8045,3.0,3,3,3,47.0,4,No,No,Occasionally,2025-06-13,,No
EMP12879,34,Male,Single,Finance,Accountant,Senior,Bachelor's,12,79111.0,6593,3.0,2,3,4,5.0,2,Yes,No,Never,2021-05-09,,No
EMP12880,27,Female,Married,Sales,Manager,Entry,Master's,0,24000.0,2000,3.0,3,3,3,42.0,3,Yes,Yes,Occasionally,2022-10-03,,No
EMP12881,26,Male,Single,Research & Development,Research Scientist,Entry,Bachelor's,0,36772.0,3064,3.0,3,2,3,86.0,3,Yes,No,Occasionally,2014-05-03,,No
EMP12882,29,Female,Single,IT,Software Engineer,Senior,PhD,9,95951.0,7996,4.0,2,3,3,51.0,4,Yes,No,Occasionally,2020-08-11,,No
EMP12883,33,Male,Single,Sales,Manager,Mid,Bachelor's,7,50698.0,4225,3.0,3,3,4,36.0,4,No,No,Never,2019-03-07,,No
EMP12884,39,Male,Divorced,Sales,Manager,Senior,Master's,13,75353.0,6279,1.0,3,1,4,61.0,8,No,No,Occasionally,2021-07-30,,No
EMP12885,30,Female,Single,Sales,Manager,Senior,Master's,10,74066.0,6172,1.0,4,1,3,45.0,6,No,Yes,Occasionally,2012-04-21,,No
EMP12886,30,Male,Single,Marketing,Marketing Executive,Mid,Master's,7,50429.0,4202,4.0,3,2,3,33.0,6,Yes,No,Occasionally,2013-09-23,,No
EMP12887,27,Female,Divorced,Human Resources,HR Manager,Mid,Bachelor's,3,46569.0,3881,3.0,3,3,4,30.0,3,No,No,Occasionally,2023-08-23,,No
EMP12888,24,Female,Divorced,Research & Development,Research Director,Entry,Bachelor's,2,41674.0,3473,4.0,4,2,3,52.0,3,Yes,Yes,Occasionally,2024-01-30,2025-12-08,Yes
EMP12889,24,Female,Single,IT,Data Analyst,Entry,Master's,1,40365.0,3364,3.0,3,1,4,,7,Yes,Yes,Frequently,2022-07-18,,No
EMP12890,42,Male,Married,IT,Data Analyst,Lead,Bachelor's,19,112444.0,9370,2.0,1,2,3,45.0,5,No,No,Occasionally,2020-04-21,,No
EMP12891,30,Female,Single,Research & Development,Research Scientist,Mid,Bachelor's,3,50418.0,4202,3.0,2,3,2,5.0,1,No,Yes,Occasionally,2010-03-28,,No
EMP12892,30,Other,Single,Finance,Accountant,Mid,High School,5,47090.0,3924,3.0,1,1,4,40.0,3,Yes,No,Occasionally,2012-12-07,,No
EMP12893,29,Male,Married,IT,Data Analyst,Senior,Bachelor's,10,89569.0,7464,3.0,2,3,3,23.0,1,No,No,Frequently,2015-03-06,,No
EMP12894,31,Female,Married,Finance,Finance Manager,Senior,Master's,8,89961.0,7497,4.0,3,3,3,61.0,6,No,No,Occasionally,2023-01-21,,No
EMP12895,37,Male,Single,Sales,Manager,Senior,Bachelor's,12,62970.0,5248,3.0,3,3,4,23.0,3,No,No,Never,2020-08-13,2023-10-13,Yes
EMP12896,30,Male,Single,IT,Data Analyst,Mid,Bachelor's,7,63966.0,5330,2.0,4,3,4,28.0,1,No,No,Occasionally,2016-11-01,,No
EMP12897,35,Male,Single,Human Resources,HR Specialist,Lead,Bachelor's,17,111037.0,9253,3.0,1,3,2,18.0,5,Yes,Yes,Occasionally,2022-08-19,2023-05-26,Yes
EMP12898,45,Female,Married,Research & Development,Laboratory Technician,Lead,Bachelor's,22,113989.0,9499,3.0,3,4,3,57.0,5,Yes,No,Never,2014-08-12,,No
EMP12899,27,Female,Divorced,Research & Development,Research Scientist,Mid,Master's,4,60438.0,5036,3.0,3,4,3,51.0,1,No,No,Never,2018-06-26,,No
EMP12900,30,Male,Single,Sales,Sales Executive,Mid,Bachelor's,5,70451.0,5871,3.0,4,3,4,22.0,3,No,No,Never,2024-11-27,,No
EMP12901,39,Male,Married,Sales,Sales Executive,Senior,Bachelor's,13,78802.0,6567,3.0,2,4,3,25.0,5,Yes,No,Never,2022-07-07,2024-05-28,Yes
EMP12902,46,Female,Single,IT,IT Manager,Lead,Bachelor's,22,118949.0,9912,,2,3,2,56.0,1,Yes,No,Never,2025-05-27,2026-01-05,Yes
EMP12903,24,Male,Married,Sales,Sales Representative,Entry,PhD,2,32087.0,2674,3.0,2,2,3,79.0,4,No,No,Frequently,2022-07-24,,No
EMP12904,21,Male,Single,Research & Development,Laboratory Technician,Entry,High School,0,26380.0,2198,3.0,3,2,3,50.0,7,No,No,Never,2011-10-08,,No
EMP12905,34,Female,Married,Human Resources,HR Executive,Senior,High School,11,80958.0,6746,2.0,3,3,3,63.0,3,No,No,Never,2012-03-18,,No
EMP12906,33,Female,Single,Sales,Sales Executive,Senior,Bachelor's,14,82957.0,6913,3.0,3,1,3,37.0,1,No,No,Frequently,2021-08-19,,No
EMP12907,40,Male,Divorced,Marketing,Marketing Analyst,Senior,Bachelor's,12,78392.0,6533,3.0,2,2,3,23.0,1,Yes,Yes,Occasionally,2016-12-21,,No
EMP12908,38,Male,Single,Research & Development,Research Director,Lead,High School,16,93378.0,7782,1.0,2,2,2,39.0,4,No,Yes,Occasionally,2017-11-24,,No
EMP12909,34,Female,Married,Research & Development,Research Scientist,Senior,Master's,13,65857.0,5488,4.0,3,4,3,62.0,1,Yes,Yes,Occasionally,2023-02-19,,No
EMP12910,42,Female,Married,Research & Development,Laboratory Technician,Lead,Bachelor's,17,110371.0,9198,2.0,4,1,3,32.0,5,No,No,Never,2010-03-20,,No
EMP12911,29,Male,Married,Research & Development,Laboratory Technician,Mid,Bachelor's,3,49440.0,4120,1.0,3,3,3,36.0,2,No,No,Frequently,2018-07-15,,No
EMP12912,36,Male,Single,Sales,Manager,Senior,Bachelor's,9,78493.0,6541,3.0,4,4,3,82.0,4,Yes,Yes,Frequently,2013-12-26,,No
EMP12913,24,Male,Married,IT,Data Analyst,Mid,Master's,3,62379.0,5198,2.0,3,3,3,74.0,2,Yes,Yes,Occasionally,2016-10-05,,No
EMP12914,34,Male,Married,Marketing,Marketing Analyst,Senior,Bachelor's,13,75199.0,6267,3.0,2,3,3,45.0,2,No,Yes,Occasionally,2020-01-13,,No
EMP12915,22,Female,Married,Research & Development,Research Scientist,Entry,Bachelor's,0,30207.0,2517,3.0,4,3,3,63.0,2,Yes,No,Occasionally,2022-08-31,,No
EMP12916,25,Male,Single,Finance,Financial Analyst,Entry,Bachelor's,0,35088.0,2924,2.0,2,3,2,21.0,1,Yes,Yes,Occasionally,2015-04-07,,No
EMP12917,48,Female,Married,IT,IT Support,Lead,Bachelor's,22,116140.0,9678,4.0,2,2,3,54.0,1,Yes,No,Occasionally,2024-04-05,2026-09-09,Yes
EMP12918,21,Female,Divorced,IT,IT Support,Entry,Master's,0,42360.0,3530,2.0,1,4,4,44.0,1,No,No,Occasionally,2015-03-06,,No
EMP12919,32,Female,Single,Research & Development,Laboratory Technician,Senior,Bachelor's,9,70407.0,5867,3.0,2,1,3,50.0,2,No,Yes,Never,2023-08-13,,No
EMP12920,41,Female,Married,Research & Development,Research Scientist,Lead,Bachelor's,19,104896.0,8741,4.0,3,4,4,18.0,5,No,Yes,Occasionally,2012-05-24,,No
EMP12921,52,Male,Married,Research & Development,Research Director,Lead,Bachelor's,28,97575.0,8131,3.0,3,2,4,14.0,2,No,Yes,Occasionally,2014-07-22,,No
EMP12922,35,Male,Single,IT,IT Support,Mid,Bachelor's,6,62600.0,5217,4.0,3,3,3,32.0,2,No,Yes,Occasionally,2016-08-01,,No
EMP12923,36,Female,Single,IT,IT Manager,Senior,Bachelor's,12,79741.0,6645,4.0,3,3,3,17.0,4,No,No,Never,2017-08-21,,No
EMP12924,34,Female,Divorced,Sales,Manager,Senior,Master's,13,81038.0,6753,4.0,3,4,3,25.0,4,No,Yes,Frequently,2013-04-23,,No
EMP12925,42,Male,Single,Research & Development,Laboratory Technician,Lead,High School,22,103317.0,8610,2.0,2,3,3,89.0,7,No,No,Occasionally,2017-09-17,,No
EMP12926,37,Female,Married,Marketing,Marketing Executive,Senior,High School,13,84008.0,7001,3.0,3,4,4,64.0,3,No,No,Occasionally,2010-11-07,,No
EMP12927,29,Male,Married,IT,IT Support,Mid,High School,4,68331.0,5694,4.0,2,3,3,48.0,4,Yes,No,Occasionally,2020-02-03,,No
EMP12928,43,Male,Single,Marketing,Marketing Executive,Lead,Master's,22,108109.0,9009,4.0,3,3,3,50.0,4,No,No,Never,2016-08-13,,No
EMP12929,30,Male,Single,IT,IT Support,Mid,Master's,6,56429.0,4702,4.0,3,3,4,50.0,6,No,No,Occasionally,2022-02-13,,No
EMP12930,21,Female,Divorced,Research & Development,Research Director,Entry,PhD,0,25439.0,2120,4.0,3,1,2,39.0,1,Yes,No,Occasionally,2023-12-13,,No
EMP12931,21,Male,Married,Finance,Financial Analyst,Entry,Bachelor's,1,42731.0,3561,3.0,3,3,3,48.0,5,Yes,No,Frequently,2017-11-03,,No
EMP12932,32,Male,Single,Finance,Financial Analyst,Senior,Bachelor's,10,79537.0,6628,1.0,2,2,2,59.0,7,Yes,No,Occasionally,2019-07-08,,No
EMP12933,35,Other,Single,Sales,Sales Executive,Lead,Bachelor's,15,105337.0,8778,2.0,3,3,3,38.0,3,No,No,Occasionally,2022-03-11,,No
EMP12934,42,Female,Married,Human Resources,HR Specialist,Lead,Bachelor's,22,102281.0,8523,2.0,3,4,3,68.0,4,Yes,No,Occasionally,2020-11-18,2022-02-08,Yes
EMP12935,39,Female,Married,IT,IT Support,Lead,Bachelor's,17,102320.0,8527,2.0,3,4,3,38.0,6,No,No,Occasionally,2017-05-13,,No
EMP12936,35,Male,Married,Sales,Sales Representative,Senior,Bachelor's,9,83521.0,6960,2.0,3,3,4,24.0,1,Yes,No,Frequently,2021-11-25,,No
EMP12937,42,Male,Divorced,IT,Software Engineer,Lead,High School,23,111407.0,9284,1.0,2,3,3,47.0,2,No,No,Occasionally,2010-10-23,,No
EMP12938,34,Male,Married,Finance,Finance Manager,Senior,High School,9,66964.0,5580,2.0,2,3,3,39.0,4,Yes,No,Never,2017-04-23,,No
EMP12939,24,Female,Divorced,Marketing,Marketing Analyst,Entry,Master's,2,31034.0,2586,4.0,3,4,4,37.0,7,No,No,Occasionally,2012-10-29,,No
EMP12940,22,Female,Married,Sales,Manager,Entry,Bachelor's,0,24000.0,2000,2.0,1,4,3,58.0,3,No,Yes,Frequently,2022-12-13,,No
EMP12941,44,Female,Single,Research & Development,Laboratory Technician,Lead,Master's,20,109133.0,9094,2.0,1,3,3,35.0,4,No,Yes,Frequently,2016-06-04,,No
EMP12942,21,Female,Married,Finance,Financial Analyst,Entry,Bachelor's,0,39171.0,3264,3.0,4,3,3,25.0,4,No,No,Occasionally,2015-03-04,,No
EMP12943,32,Male,Married,Research & Development,Laboratory Technician,Senior,Master's,8,86558.0,7213,4.0,2,2,2,35.0,3,No,No,Occasionally,2023-03-14,,No
EMP12944,58,Female,Single,IT,IT Support,Lead,Bachelor's,35,101664.0,8472,2.0,3,2,3,29.0,1,No,Yes,Occasionally,2012-08-31,,No
EMP12945,38,Male,Single,IT,IT Support,Lead,High School,15,122060.0,10172,2.0,4,4,3,28.0,6,No,Yes,Occasionally,2022-10-02,,No
EMP12946,32,Male,Married,Sales,Manager,Mid,PhD,7,55635.0,4636,2.0,1,4,3,60.0,2,No,No,Frequently,2024-12-15,,No
EMP12947,21,Male,Married,Human Resources,HR Manager,Entry,Bachelor's,0,24000.0,2000,2.0,4,3,2,24.0,5,No,No,Frequently,2024-06-05,,No
EMP12948,47,Female,Divorced,Human Resources,HR Executive,Lead,Bachelor's,21,117789.0,9816,1.0,1,4,3,44.0,4,No,Yes,Occasionally,2022-11-12,2025-09-27,Yes
EMP12949,44,Female,Married,Research & Development,Laboratory Technician,Lead,Master's,22,104129.0,8677,3.0,2,3,2,36.0,1,No,Yes,Frequently,2012-10-30,,No
EMP12950,39,Male,Single,Marketing,Marketing Executive,Lead,Bachelor's,19,96661.0,8055,4.0,1,3,2,40.0,3,No,No,Never,2013-05-18,,No
EMP12951,34,Male,Married,IT,Software Engineer,Senior,Master's,9,90277.0,7523,3.0,3,3,3,5.0,4,Yes,Yes,Occasionally,2017-07-17,,No
EMP12952,39,Male,Single,Finance,Financial Analyst,Senior,Master's,14,72378.0,6032,3.0,4,3,4,54.0,1,No,No,Never,2019-06-22,,No
EMP12953,33,Female,Single,IT,IT Support,Senior,Bachelor's,14,91094.0,7591,2.0,4,3,3,37.0,8,Yes,No,Frequently,2024-02-06,,No
EMP12954,26,Female,Single,Research & Development,Research Director,Mid,Master's,5,50656.0,4221,3.0,3,2,3,59.0,5,No,No,Frequently,2014-02-01,,No
EMP12955,42,Female,Married,Marketing,Marketing Manager,Lead,Master's,22,102555.0,8546,3.0,2,3,3,49.0,7,Yes,Yes,Occasionally,2016-01-07,2024-06-28,Yes
EMP12956,34,Female,Single,Finance,Accountant,Senior,Bachelor's,14,70889.0,5907,3.0,4,3,2,43.0,4,No,No,Occasionally,2023-03-02,,No
EMP12957,38,Male,Single,IT,IT Manager,Senior,Bachelor's,10,75695.0,6308,4.0,3,4,3,42.0,2,Yes,Yes,Occasionally,2022-03-18,,No
EMP12958,33,Male,Single,IT,IT Support,Senior,High School,9,84123.0,7010,1.0,2,3,3,82.0,1,Yes,No,Occasionally,2010-10-24,,No
EMP12959,38,Male,Single,Research & Development,Laboratory Technician,Lead,Bachelor's,20,93526.0,7794,4.0,4,2,4,28.0,1,No,No,Occasionally,2014-02-21,2025-02-02,Yes
EMP12960,34,Male,Divorced,IT,IT Support,Lead,Master's,16,116825.0,9735,4.0,4,3,2,47.0,2,No,Yes,Occasionally,2020-03-16,,No
EMP12961,33,Male,Divorced,Sales,Manager,Mid,Bachelor's,6,48326.0,4027,1.0,3,2,4,46.0,1,Yes,No,Never,2011-08-04,,No
EMP12962,34,Male,Married,Research & Development,Research Scientist,Senior,Bachelor's,11,73225.0,6102,2.0,2,2,3,13.0,3,No,Yes,Never,2011-10-16,,No
EMP12963,58,Female,Married,Research & Development,Research Scientist,Lead,Bachelor's,35,109082.0,9090,2.0,4,3,4,41.0,2,No,No,Frequently,2019-08-09,2024-12-08,Yes
EMP12964,40,Male,Married,Marketing,Marketing Executive,Lead,Master's,24,103571.0,8631,3.0,1,2,3,14.0,4,No,Yes,Frequently,2012-11-03,,No
EMP12965,55,Male,Married,IT,Data Analyst,Lead,Bachelor's,29,120614.0,10051,2.0,3,3,4,41.0,1,Yes,No,Frequently,2011-11-18,,No
EMP12966,34,Female,Married,IT,IT Manager,Senior,Master's,10,68648.0,5721,2.0,2,3,3,13.0,3,Yes,Yes,Frequently,2017-10-02,2026-05-03,Yes
EMP12967,32,Male,Single,IT,IT Manager,Mid,Master's,4,64603.0,5384,4.0,4,1,3,49.0,4,No,No,Occasionally,2014-05-23,,No
EMP12968,25,Female,Single,Human Resources,HR Specialist,Mid,High School,5,52169.0,4347,1.0,2,3,4,19.0,1,No,No,Frequently,2017-09-15,2024-07-15,Yes
EMP12969,47,Female,Single,Marketing,Marketing Manager,Lead,Bachelor's,18,100395.0,8366,2.0,3,2,3,42.0,6,Yes,No,Never,2023-10-08,,No
EMP12970,27,Male,Single,Research & Development,Laboratory Technician,Entry,Bachelor's,0,38643.0,3220,3.0,2,1,4,13.0,2,Yes,No,Frequently,2024-02-17,2024-09-24,Yes
EMP12971,48,Female,Single,Research & Development,Research Director,Lead,Master's,29,109108.0,9092,4.0,3,2,2,51.0,4,No,No,Frequently,2010-03-28,,No
EMP12972,26,Male,Married,Sales,Sales Representative,Entry,Master's,0,33598.0,2800,2.0,4,2,2,41.0,1,No,Yes,Occasionally,2012-04-20,,No
EMP12973,41,Male,Married,IT,Data Analyst,Senior,Master's,13,81228.0,6769,2.0,4,3,3,39.0,2,No,No,Occasionally,2024-03-22,,No
EMP12974,21,Male,Single,IT,Data Analyst,Entry,Bachelor's,0,34062.0,2838,3.0,1,3,3,45.0,2,No,No,Never,2020-01-30,,No
EMP12975,30,Other,Single,Research & Development,Research Scientist,Senior,Bachelor's,8,68447.0,5704,3.0,3,3,3,51.0,1,No,No,Frequently,2021-07-28,,No
EMP12976,34,Male,Married,Sales,Sales Representative,Mid,Master's,5,61562.0,5130,4.0,2,1,2,27.0,3,No,No,Occasionally,2023-10-01,,No
EMP12977,29,Male,Single,IT,IT Manager,Mid,Bachelor's,5,64787.0,5399,2.0,3,1,3,42.0,3,No,Yes,Occasionally,2013-10-22,,No
EMP12978,33,Female,Single,Sales,Sales Executive,Mid,Master's,7,55981.0,4665,3.0,4,3,3,34.0,2,Yes,No,Occasionally,2018-11-20,,No
EMP12979,33,Male,Married,IT,Software Engineer,Mid,Bachelor's,3,56011.0,4668,3.0,3,3,4,65.0,3,Yes,No,Frequently,2023-08-03,,No
EMP12980,40,Male,Married,Marketing,Marketing Analyst,Lead,High School,16,119237.0,9936,4.0,2,3,3,35.0,2,No,Yes,Never,2019-11-08,,No
EMP12981,21,Female,Married,Research & Development,Research Director,Entry,Bachelor's,0,27139.0,2262,3.0,3,2,3,28.0,4,No,No,Never,2012-03-21,,No
EMP12982,29,Male,Married,Research & Development,Research Director,Mid,Bachelor's,5,49353.0,4113,3.0,3,4,3,15.0,4,No,No,Never,2013-07-12,,No
EMP12983,44,Female,Divorced,IT,IT Support,Lead,Master's,22,124691.0,10391,2.0,2,2,4,37.0,1,Yes,Yes,Occasionally,2017-12-18,,No
EMP12984,38,Female,Single,IT,Data Analyst,Senior,Bachelor's,14,82633.0,6886,2.0,2,3,3,30.0,4,No,Yes,Occasionally,2018-07-08,2026-01-28,Yes
EMP12985,44,Female,Single,Human Resources,HR Manager,Lead,Master's,18,117167.0,9764,3.0,2,2,3,49.0,4,No,No,Occasionally,2010-08-19,,No
EMP12986,40,Other,Single,Marketing,Marketing Executive,Lead,Bachelor's,17,107650.0,8971,1.0,2,3,3,46.0,2,Yes,No,Never,2016-12-09,,No
EMP12987,25,Female,Single,Sales,Manager,Entry,Bachelor's,2,28397.0,2366,3.0,3,3,4,52.0,2,Yes,No,Occasionally,2023-11-21,,No
EMP12988,39,Female,Married,Human Resources,HR Specialist,Senior,Bachelor's,11,74629.0,6219,2.0,4,2,3,19.0,3,Yes,Yes,Occasionally,2024-11-26,,No
EMP12989,35,Female,Married,IT,IT Support,Senior,Bachelor's,9,77982.0,6498,4.0,2,2,3,5.0,7,No,No,Frequently,2021-05-15,,No
EMP12990,52,Female,Divorced,IT,IT Manager,Lead,High School,35,116853.0,9738,,4,4,3,42.0,3,No,No,Frequently,2024-09-26,,No
EMP12991,40,Female,Divorced,Sales,Sales Executive,Senior,PhD,14,84560.0,7047,3.0,3,4,3,57.0,6,Yes,No,Never,2015-10-03,,No
EMP12992,38,Female,Married,IT,IT Manager,Lead,Bachelor's,18,115271.0,9606,3.0,3,3,2,35.0,5,Yes,Yes,Never,2016-10-04,2018-04-12,Yes
EMP12993,39,Male,Married,Human Resources,HR Specialist,Senior,High School,13,77985.0,6499,2.0,2,4,3,74.0,8,No,Yes,Occasionally,2021-01-24,,No
EMP12994,38,Female,Single,Research & Development,Research Director,Senior,Bachelor's,12,68725.0,5727,1.0,2,1,3,40.0,1,No,Yes,Never,2015-06-25,,No
EMP12995,38,Male,Married,Sales,Sales Representative,Lead,Bachelor's,17,112654.0,9388,4.0,2,3,3,29.0,1,No,No,Occasionally,2019-07-16,,No
EMP12996,32,Male,Married,IT,Data Analyst,Senior,High School,12,88879.0,7407,2.0,3,2,4,49.0,2,No,No,Never,2021-05-17,,No
EMP12997,38,Male,Single,Sales,Sales Representative,Lead,Master's,16,106947.0,8912,2.0,3,3,3,67.0,8,No,Yes,Occasionally,2016-10-13,2025-01-11,Yes
EMP12998,42,Female,Married,Research & Development,Research Director,Lead,High School,15,102890.0,8574,2.0,4,3,3,41.0,3,Yes,Yes,Occasionally,2016-10-30,2025-08-23,Yes
EMP12999,42,Male,Married,Research & Development,Laboratory Technician,Lead,Bachelor's,16,105307.0,8776,3.0,3,1,2,56.0,4,Yes,No,Occasionally,2013-12-13,,No
EMP13000,42,Female,Single,IT,IT Support,Lead,PhD,17,105631.0,8803,2.0,3,3,4,34.0,4,No,Yes,Occasionally,2023-08-03,,No
